[-1784011437851195392.000s] DEBUG:colcon:Command line arguments: ['/usr/bin/colcon', 'build']
[-1784011437851195392.000s] DEBUG:colcon:Parsed command line arguments: Namespace(log_base=None, log_level=None, verb_name='build', build_base='build', install_base='install', merge_install=False, symlink_install=False, test_result_base=None, continue_on_error=False, executor='parallel', parallel_workers=16, event_handlers=None, ignore_user_meta=False, metas=['./colcon.meta'], base_paths=['.'], packages_ignore=None, packages_ignore_regex=None, paths=None, packages_up_to=None, packages_up_to_regex=None, packages_above=None, packages_above_and_dependencies=None, packages_above_depth=None, packages_select_by_dep=None, packages_skip_by_dep=None, packages_skip_up_to=None, packages_select_build_failed=False, packages_skip_build_finished=False, packages_select_test_failures=False, packages_skip_test_passed=False, packages_select=None, packages_skip=None, packages_select_regex=None, packages_skip_regex=None, packages_start=None, packages_end=None, allow_overriding=[], cmake_args=None, cmake_target=None, cmake_target_skip_unavailable=False, cmake_clean_cache=False, cmake_clean_first=False, cmake_force_configure=False, ament_cmake_args=None, catkin_cmake_args=None, catkin_skip_building_tests=False, mixin_files=None, mixin=None, verb_parser=<colcon_mixin.mixin.mixin_argument.MixinArgumentDecorator object at 0x7c862142c050>, verb_extension=<colcon_core.verb.build.BuildVerb object at 0x7c86215574d0>, main=<bound method BuildVerb.main of <colcon_core.verb.build.BuildVerb object at 0x7c86215574d0>>, mixin_verb=('build',))
[-1784011437851195392.000s] Level 1:colcon.colcon_core.package_discovery:discover_packages(colcon_meta) check parameters
[-1784011437851195392.000s] Level 1:colcon.colcon_core.package_discovery:discover_packages(recursive) check parameters
[-1784011437851195392.000s] Level 1:colcon.colcon_core.package_discovery:discover_packages(ignore) check parameters
[-1784011437851195392.000s] Level 1:colcon.colcon_core.package_discovery:discover_packages(path) check parameters
[-1784011437851195392.000s] Level 1:colcon.colcon_core.package_discovery:discover_packages(colcon_meta) discover
[-1784011437851195392.000s] Level 1:colcon.colcon_core.package_discovery:discover_packages(recursive) discover
[-1784011437851195392.000s] INFO:colcon.colcon_core.package_discovery:Crawling recursively for packages in '/home/hzc/linux/ros2/stu/ws01_plubming'
[-1784011437851195392.000s] Level 1:colcon.colcon_core.package_identification:_identify(.) by extensions ['ignore', 'ignore_ament_install']
[-1784011437851195392.000s] Level 1:colcon.colcon_core.package_identification:_identify(.) by extension 'ignore'
[-1784011437851195392.000s] Level 1:colcon.colcon_core.package_identification:_identify(.) by extension 'ignore_ament_install'
[-1784011437851195392.000s] Level 1:colcon.colcon_core.package_identification:_identify(.) by extensions ['colcon_pkg']
[-1784011437851195392.000s] Level 1:colcon.colcon_core.package_identification:_identify(.) by extension 'colcon_pkg'
[-1784011437851195392.000s] Level 1:colcon.colcon_core.package_identification:_identify(.) by extensions ['colcon_meta']
[-1784011437851195392.000s] Level 1:colcon.colcon_core.package_identification:_identify(.) by extension 'colcon_meta'
[-1784011437851195392.000s] Level 1:colcon.colcon_core.package_identification:_identify(.) by extensions ['ros']
[-1784011437851195392.000s] Level 1:colcon.colcon_core.package_identification:_identify(.) by extension 'ros'
[-1784011437851195392.000s] Level 1:colcon.colcon_core.package_identification:_identify(.) by extensions ['cmake', 'python']
[-1784011437851195392.000s] Level 1:colcon.colcon_core.package_identification:_identify(.) by extension 'cmake'
[-1784011437851195392.000s] Level 1:colcon.colcon_core.package_identification:_identify(.) by extension 'python'
[-1784011437851195392.000s] Level 1:colcon.colcon_core.package_identification:_identify(.) by extensions ['python_setup_py']
[-1784011437851195392.000s] Level 1:colcon.colcon_core.package_identification:_identify(.) by extension 'python_setup_py'
[-1784011437851195392.000s] Level 1:colcon.colcon_core.package_identification:_identify(build) by extensions ['ignore', 'ignore_ament_install']
[-1784011437851195392.000s] Level 1:colcon.colcon_core.package_identification:_identify(build) by extension 'ignore'
[-1784011437851195392.000s] Level 1:colcon.colcon_core.package_identification:_identify(build) ignored
[-1784011437851195392.000s] Level 1:colcon.colcon_core.package_identification:_identify(install) by extensions ['ignore', 'ignore_ament_install']
[-1784011437851195392.000s] Level 1:colcon.colcon_core.package_identification:_identify(install) by extension 'ignore'
[-1784011437851195392.000s] Level 1:colcon.colcon_core.package_identification:_identify(install) ignored
[-1784011437851195392.000s] Level 1:colcon.colcon_core.package_identification:_identify(log) by extensions ['ignore', 'ignore_ament_install']
[-1784011437851195392.000s] Level 1:colcon.colcon_core.package_identification:_identify(log) by extension 'ignore'
[-1784011437851195392.000s] Level 1:colcon.colcon_core.package_identification:_identify(log) ignored
[-1784011437851195392.000s] Level 1:colcon.colcon_core.package_identification:_identify(src) by extensions ['ignore', 'ignore_ament_install']
[-1784011437851195392.000s] Level 1:colcon.colcon_core.package_identification:_identify(src) by extension 'ignore'
[-1784011437851195392.000s] Level 1:colcon.colcon_core.package_identification:_identify(src) by extension 'ignore_ament_install'
[-1784011437851195392.000s] Level 1:colcon.colcon_core.package_identification:_identify(src) by extensions ['colcon_pkg']
[-1784011437851195392.000s] Level 1:colcon.colcon_core.package_identification:_identify(src) by extension 'colcon_pkg'
[-1784011437851195392.000s] Level 1:colcon.colcon_core.package_identification:_identify(src) by extensions ['colcon_meta']
[-1784011437851195392.000s] Level 1:colcon.colcon_core.package_identification:_identify(src) by extension 'colcon_meta'
[-1784011437851195392.000s] Level 1:colcon.colcon_core.package_identification:_identify(src) by extensions ['ros']
[-1784011437851195392.000s] Level 1:colcon.colcon_core.package_identification:_identify(src) by extension 'ros'
[-1784011437851195392.000s] Level 1:colcon.colcon_core.package_identification:_identify(src) by extensions ['cmake', 'python']
[-1784011437851195392.000s] Level 1:colcon.colcon_core.package_identification:_identify(src) by extension 'cmake'
[-1784011437851195392.000s] Level 1:colcon.colcon_core.package_identification:_identify(src) by extension 'python'
[-1784011437851195392.000s] Level 1:colcon.colcon_core.package_identification:_identify(src) by extensions ['python_setup_py']
[-1784011437851195392.000s] Level 1:colcon.colcon_core.package_identification:_identify(src) by extension 'python_setup_py'
[-1784011437851195392.000s] Level 1:colcon.colcon_core.package_identification:_identify(src/base_interfeces) by extensions ['ignore', 'ignore_ament_install']
[-1784011437851195392.000s] Level 1:colcon.colcon_core.package_identification:_identify(src/base_interfeces) by extension 'ignore'
[-1784011437851195392.000s] Level 1:colcon.colcon_core.package_identification:_identify(src/base_interfeces) by extension 'ignore_ament_install'
[-1784011437851195392.000s] Level 1:colcon.colcon_core.package_identification:_identify(src/base_interfeces) by extensions ['colcon_pkg']
[-1784011437851195392.000s] Level 1:colcon.colcon_core.package_identification:_identify(src/base_interfeces) by extension 'colcon_pkg'
[-1784011437851195392.000s] Level 1:colcon.colcon_core.package_identification:_identify(src/base_interfeces) by extensions ['colcon_meta']
[-1784011437851195392.000s] Level 1:colcon.colcon_core.package_identification:_identify(src/base_interfeces) by extension 'colcon_meta'
[-1784011437851195392.000s] Level 1:colcon.colcon_core.package_identification:_identify(src/base_interfeces) by extensions ['ros']
[-1784011437851195392.000s] Level 1:colcon.colcon_core.package_identification:_identify(src/base_interfeces) by extension 'ros'
[-1784011437851195392.000s] DEBUG:colcon.colcon_core.package_identification:Package 'src/base_interfeces' with type 'ros.ament_cmake' and name 'base_interfeces'
[-1784011437851195392.000s] Level 1:colcon.colcon_core.package_identification:_identify(src/cpp01_topic) by extensions ['ignore', 'ignore_ament_install']
[-1784011437851195392.000s] Level 1:colcon.colcon_core.package_identification:_identify(src/cpp01_topic) by extension 'ignore'
[-1784011437851195392.000s] Level 1:colcon.colcon_core.package_identification:_identify(src/cpp01_topic) by extension 'ignore_ament_install'
[-1784011437851195392.000s] Level 1:colcon.colcon_core.package_identification:_identify(src/cpp01_topic) by extensions ['colcon_pkg']
[-1784011437851195392.000s] Level 1:colcon.colcon_core.package_identification:_identify(src/cpp01_topic) by extension 'colcon_pkg'
[-1784011437851195392.000s] Level 1:colcon.colcon_core.package_identification:_identify(src/cpp01_topic) by extensions ['colcon_meta']
[-1784011437851195392.000s] Level 1:colcon.colcon_core.package_identification:_identify(src/cpp01_topic) by extension 'colcon_meta'
[-1784011437851195392.000s] Level 1:colcon.colcon_core.package_identification:_identify(src/cpp01_topic) by extensions ['ros']
[-1784011437851195392.000s] Level 1:colcon.colcon_core.package_identification:_identify(src/cpp01_topic) by extension 'ros'
[-1784011437851195392.000s] DEBUG:colcon.colcon_core.package_identification:Package 'src/cpp01_topic' with type 'ros.ament_cmake' and name 'cpp01_topic'
[-1784011437851195392.000s] Level 1:colcon.colcon_core.package_identification:_identify(src/cpp02_service) by extensions ['ignore', 'ignore_ament_install']
[-1784011437851195392.000s] Level 1:colcon.colcon_core.package_identification:_identify(src/cpp02_service) by extension 'ignore'
[-1784011437851195392.000s] Level 1:colcon.colcon_core.package_identification:_identify(src/cpp02_service) by extension 'ignore_ament_install'
[-1784011437851195392.000s] Level 1:colcon.colcon_core.package_identification:_identify(src/cpp02_service) by extensions ['colcon_pkg']
[-1784011437851195392.000s] Level 1:colcon.colcon_core.package_identification:_identify(src/cpp02_service) by extension 'colcon_pkg'
[-1784011437851195392.000s] Level 1:colcon.colcon_core.package_identification:_identify(src/cpp02_service) by extensions ['colcon_meta']
[-1784011437851195392.000s] Level 1:colcon.colcon_core.package_identification:_identify(src/cpp02_service) by extension 'colcon_meta'
[-1784011437851195392.000s] Level 1:colcon.colcon_core.package_identification:_identify(src/cpp02_service) by extensions ['ros']
[-1784011437851195392.000s] Level 1:colcon.colcon_core.package_identification:_identify(src/cpp02_service) by extension 'ros'
[-1784011437851195392.000s] DEBUG:colcon.colcon_core.package_identification:Package 'src/cpp02_service' with type 'ros.ament_cmake' and name 'cpp02_service'
[-1784011437851195392.000s] Level 1:colcon.colcon_core.package_identification:_identify(src/cpp03_action) by extensions ['ignore', 'ignore_ament_install']
[-1784011437851195392.000s] Level 1:colcon.colcon_core.package_identification:_identify(src/cpp03_action) by extension 'ignore'
[-1784011437851195392.000s] Level 1:colcon.colcon_core.package_identification:_identify(src/cpp03_action) by extension 'ignore_ament_install'
[-1784011437851195392.000s] Level 1:colcon.colcon_core.package_identification:_identify(src/cpp03_action) by extensions ['colcon_pkg']
[-1784011437851195392.000s] Level 1:colcon.colcon_core.package_identification:_identify(src/cpp03_action) by extension 'colcon_pkg'
[-1784011437851195392.000s] Level 1:colcon.colcon_core.package_identification:_identify(src/cpp03_action) by extensions ['colcon_meta']
[-1784011437851195392.000s] Level 1:colcon.colcon_core.package_identification:_identify(src/cpp03_action) by extension 'colcon_meta'
[-1784011437851195392.000s] Level 1:colcon.colcon_core.package_identification:_identify(src/cpp03_action) by extensions ['ros']
[-1784011437851195392.000s] Level 1:colcon.colcon_core.package_identification:_identify(src/cpp03_action) by extension 'ros'
[-1784011437851195392.000s] DEBUG:colcon.colcon_core.package_identification:Package 'src/cpp03_action' with type 'ros.ament_cmake' and name 'cpp03_action'
[-1784011437851195392.000s] Level 1:colcon.colcon_core.package_identification:_identify(src/cpp04_param) by extensions ['ignore', 'ignore_ament_install']
[-1784011437851195392.000s] Level 1:colcon.colcon_core.package_identification:_identify(src/cpp04_param) by extension 'ignore'
[-1784011437851195392.000s] Level 1:colcon.colcon_core.package_identification:_identify(src/cpp04_param) by extension 'ignore_ament_install'
[-1784011437851195392.000s] Level 1:colcon.colcon_core.package_identification:_identify(src/cpp04_param) by extensions ['colcon_pkg']
[-1784011437851195392.000s] Level 1:colcon.colcon_core.package_identification:_identify(src/cpp04_param) by extension 'colcon_pkg'
[-1784011437851195392.000s] Level 1:colcon.colcon_core.package_identification:_identify(src/cpp04_param) by extensions ['colcon_meta']
[-1784011437851195392.000s] Level 1:colcon.colcon_core.package_identification:_identify(src/cpp04_param) by extension 'colcon_meta'
[-1784011437851195392.000s] Level 1:colcon.colcon_core.package_identification:_identify(src/cpp04_param) by extensions ['ros']
[-1784011437851195392.000s] Level 1:colcon.colcon_core.package_identification:_identify(src/cpp04_param) by extension 'ros'
[-1784011437851195392.000s] DEBUG:colcon.colcon_core.package_identification:Package 'src/cpp04_param' with type 'ros.ament_cmake' and name 'cpp04_param'
[-1784011437851195392.000s] Level 1:colcon.colcon_core.package_identification:_identify(src/py01_topic) by extensions ['ignore', 'ignore_ament_install']
[-1784011437851195392.000s] Level 1:colcon.colcon_core.package_identification:_identify(src/py01_topic) by extension 'ignore'
[-1784011437851195392.000s] Level 1:colcon.colcon_core.package_identification:_identify(src/py01_topic) by extension 'ignore_ament_install'
[-1784011437851195392.000s] Level 1:colcon.colcon_core.package_identification:_identify(src/py01_topic) by extensions ['colcon_pkg']
[-1784011437851195392.000s] Level 1:colcon.colcon_core.package_identification:_identify(src/py01_topic) by extension 'colcon_pkg'
[-1784011437851195392.000s] Level 1:colcon.colcon_core.package_identification:_identify(src/py01_topic) by extensions ['colcon_meta']
[-1784011437851195392.000s] Level 1:colcon.colcon_core.package_identification:_identify(src/py01_topic) by extension 'colcon_meta'
[-1784011437851195392.000s] Level 1:colcon.colcon_core.package_identification:_identify(src/py01_topic) by extensions ['ros']
[-1784011437851195392.000s] Level 1:colcon.colcon_core.package_identification:_identify(src/py01_topic) by extension 'ros'
[-1784011437851195392.000s] DEBUG:colcon.colcon_core.package_identification:Package 'src/py01_topic' with type 'ros.ament_python' and name 'py01_topic'
[-1784011437851195392.000s] Level 1:colcon.colcon_core.package_identification:_identify(src/py02_seriver) by extensions ['ignore', 'ignore_ament_install']
[-1784011437851195392.000s] Level 1:colcon.colcon_core.package_identification:_identify(src/py02_seriver) by extension 'ignore'
[-1784011437851195392.000s] Level 1:colcon.colcon_core.package_identification:_identify(src/py02_seriver) by extension 'ignore_ament_install'
[-1784011437851195392.000s] Level 1:colcon.colcon_core.package_identification:_identify(src/py02_seriver) by extensions ['colcon_pkg']
[-1784011437851195392.000s] Level 1:colcon.colcon_core.package_identification:_identify(src/py02_seriver) by extension 'colcon_pkg'
[-1784011437851195392.000s] Level 1:colcon.colcon_core.package_identification:_identify(src/py02_seriver) by extensions ['colcon_meta']
[-1784011437851195392.000s] Level 1:colcon.colcon_core.package_identification:_identify(src/py02_seriver) by extension 'colcon_meta'
[-1784011437851195392.000s] Level 1:colcon.colcon_core.package_identification:_identify(src/py02_seriver) by extensions ['ros']
[-1784011437851195392.000s] Level 1:colcon.colcon_core.package_identification:_identify(src/py02_seriver) by extension 'ros'
[-1784011437851195392.000s] DEBUG:colcon.colcon_core.package_identification:Package 'src/py02_seriver' with type 'ros.ament_python' and name 'py02_seriver'
[-1784011437851195392.000s] Level 1:colcon.colcon_core.package_identification:_identify(src/py03_action) by extensions ['ignore', 'ignore_ament_install']
[-1784011437851195392.000s] Level 1:colcon.colcon_core.package_identification:_identify(src/py03_action) by extension 'ignore'
[-1784011437851195392.000s] Level 1:colcon.colcon_core.package_identification:_identify(src/py03_action) by extension 'ignore_ament_install'
[-1784011437851195392.000s] Level 1:colcon.colcon_core.package_identification:_identify(src/py03_action) by extensions ['colcon_pkg']
[-1784011437851195392.000s] Level 1:colcon.colcon_core.package_identification:_identify(src/py03_action) by extension 'colcon_pkg'
[-1784011437851195392.000s] Level 1:colcon.colcon_core.package_identification:_identify(src/py03_action) by extensions ['colcon_meta']
[-1784011437851195392.000s] Level 1:colcon.colcon_core.package_identification:_identify(src/py03_action) by extension 'colcon_meta'
[-1784011437851195392.000s] Level 1:colcon.colcon_core.package_identification:_identify(src/py03_action) by extensions ['ros']
[-1784011437851195392.000s] Level 1:colcon.colcon_core.package_identification:_identify(src/py03_action) by extension 'ros'
[-1784011437851195392.000s] DEBUG:colcon.colcon_core.package_identification:Package 'src/py03_action' with type 'ros.ament_python' and name 'py03_action'
[-1784011437851195392.000s] Level 1:colcon.colcon_core.package_identification:_identify(src/py04_param) by extensions ['ignore', 'ignore_ament_install']
[-1784011437851195392.000s] Level 1:colcon.colcon_core.package_identification:_identify(src/py04_param) by extension 'ignore'
[-1784011437851195392.000s] Level 1:colcon.colcon_core.package_identification:_identify(src/py04_param) by extension 'ignore_ament_install'
[-1784011437851195392.000s] Level 1:colcon.colcon_core.package_identification:_identify(src/py04_param) by extensions ['colcon_pkg']
[-1784011437851195392.000s] Level 1:colcon.colcon_core.package_identification:_identify(src/py04_param) by extension 'colcon_pkg'
[-1784011437851195392.000s] Level 1:colcon.colcon_core.package_identification:_identify(src/py04_param) by extensions ['colcon_meta']
[-1784011437851195392.000s] Level 1:colcon.colcon_core.package_identification:_identify(src/py04_param) by extension 'colcon_meta'
[-1784011437851195392.000s] Level 1:colcon.colcon_core.package_identification:_identify(src/py04_param) by extensions ['ros']
[-1784011437851195392.000s] Level 1:colcon.colcon_core.package_identification:_identify(src/py04_param) by extension 'ros'
[-1784011437851195392.000s] DEBUG:colcon.colcon_core.package_identification:Package 'src/py04_param' with type 'ros.ament_python' and name 'py04_param'
[-1784011437851195392.000s] Level 1:colcon.colcon_core.package_identification:_identify(src/tutorails_plumbing) by extensions ['ignore', 'ignore_ament_install']
[-1784011437851195392.000s] Level 1:colcon.colcon_core.package_identification:_identify(src/tutorails_plumbing) by extension 'ignore'
[-1784011437851195392.000s] Level 1:colcon.colcon_core.package_identification:_identify(src/tutorails_plumbing) by extension 'ignore_ament_install'
[-1784011437851195392.000s] Level 1:colcon.colcon_core.package_identification:_identify(src/tutorails_plumbing) by extensions ['colcon_pkg']
[-1784011437851195392.000s] Level 1:colcon.colcon_core.package_identification:_identify(src/tutorails_plumbing) by extension 'colcon_pkg'
[-1784011437851195392.000s] Level 1:colcon.colcon_core.package_identification:_identify(src/tutorails_plumbing) by extensions ['colcon_meta']
[-1784011437851195392.000s] Level 1:colcon.colcon_core.package_identification:_identify(src/tutorails_plumbing) by extension 'colcon_meta'
[-1784011437851195392.000s] Level 1:colcon.colcon_core.package_identification:_identify(src/tutorails_plumbing) by extensions ['ros']
[-1784011437851195392.000s] Level 1:colcon.colcon_core.package_identification:_identify(src/tutorails_plumbing) by extension 'ros'
[-1784011437851195392.000s] DEBUG:colcon.colcon_core.package_identification:Package 'src/tutorails_plumbing' with type 'ros.ament_cmake' and name 'tutorails_plumbing'
[-1784011437851195392.000s] Level 1:colcon.colcon_core.package_discovery:discover_packages(recursive) using defaults
[-1784011437851195392.000s] Level 1:colcon.colcon_core.package_discovery:discover_packages(ignore) discover
[-1784011437851195392.000s] Level 1:colcon.colcon_core.package_discovery:discover_packages(ignore) using defaults
[-1784011437851195392.000s] Level 1:colcon.colcon_core.package_discovery:discover_packages(path) discover
[-1784011437851195392.000s] Level 1:colcon.colcon_core.package_discovery:discover_packages(path) using defaults
[-1784011437851195392.000s] Level 1:colcon.colcon_core.package_discovery:discover_packages(prefix_path) check parameters
[-1784011437851195392.000s] Level 1:colcon.colcon_core.package_discovery:discover_packages(prefix_path) discover
[-1784011437851195392.000s] DEBUG:colcon.colcon_installed_package_information.package_discovery:Found 313 installed packages in /opt/ros/lyrical
[-1784011437851195392.000s] Level 1:colcon.colcon_core.package_discovery:discover_packages(prefix_path) using defaults
[-1784011437851195392.000s] Level 5:colcon.colcon_core.verb:set package 'base_interfeces' build argument 'cmake_args' from command line to 'None'
[-1784011437851195392.000s] Level 5:colcon.colcon_core.verb:set package 'base_interfeces' build argument 'cmake_target' from command line to 'None'
[-1784011437851195392.000s] Level 5:colcon.colcon_core.verb:set package 'base_interfeces' build argument 'cmake_target_skip_unavailable' from command line to 'False'
[-1784011437851195392.000s] Level 5:colcon.colcon_core.verb:set package 'base_interfeces' build argument 'cmake_clean_cache' from command line to 'False'
[-1784011437851195392.000s] Level 5:colcon.colcon_core.verb:set package 'base_interfeces' build argument 'cmake_clean_first' from command line to 'False'
[-1784011437851195392.000s] Level 5:colcon.colcon_core.verb:set package 'base_interfeces' build argument 'cmake_force_configure' from command line to 'False'
[-1784011437851195392.000s] Level 5:colcon.colcon_core.verb:set package 'base_interfeces' build argument 'ament_cmake_args' from command line to 'None'
[-1784011437851195392.000s] Level 5:colcon.colcon_core.verb:set package 'base_interfeces' build argument 'catkin_cmake_args' from command line to 'None'
[-1784011437851195392.000s] Level 5:colcon.colcon_core.verb:set package 'base_interfeces' build argument 'catkin_skip_building_tests' from command line to 'False'
[-1784011437851195392.000s] DEBUG:colcon.colcon_core.verb:Building package 'base_interfeces' with the following arguments: {'ament_cmake_args': None, 'build_base': '/home/hzc/linux/ros2/stu/ws01_plubming/build/base_interfeces', 'catkin_cmake_args': None, 'catkin_skip_building_tests': False, 'cmake_args': None, 'cmake_clean_cache': False, 'cmake_clean_first': False, 'cmake_force_configure': False, 'cmake_target': None, 'cmake_target_skip_unavailable': False, 'install_base': '/home/hzc/linux/ros2/stu/ws01_plubming/install/base_interfeces', 'merge_install': False, 'path': '/home/hzc/linux/ros2/stu/ws01_plubming/src/base_interfeces', 'symlink_install': False, 'test_result_base': None}
[-1784011437851195392.000s] Level 5:colcon.colcon_core.verb:set package 'cpp02_service' build argument 'cmake_args' from command line to 'None'
[-1784011437851195392.000s] Level 5:colcon.colcon_core.verb:set package 'cpp02_service' build argument 'cmake_target' from command line to 'None'
[-1784011437851195392.000s] Level 5:colcon.colcon_core.verb:set package 'cpp02_service' build argument 'cmake_target_skip_unavailable' from command line to 'False'
[-1784011437851195392.000s] Level 5:colcon.colcon_core.verb:set package 'cpp02_service' build argument 'cmake_clean_cache' from command line to 'False'
[-1784011437851195392.000s] Level 5:colcon.colcon_core.verb:set package 'cpp02_service' build argument 'cmake_clean_first' from command line to 'False'
[-1784011437851195392.000s] Level 5:colcon.colcon_core.verb:set package 'cpp02_service' build argument 'cmake_force_configure' from command line to 'False'
[-1784011437851195392.000s] Level 5:colcon.colcon_core.verb:set package 'cpp02_service' build argument 'ament_cmake_args' from command line to 'None'
[-1784011437851195392.000s] Level 5:colcon.colcon_core.verb:set package 'cpp02_service' build argument 'catkin_cmake_args' from command line to 'None'
[-1784011437851195392.000s] Level 5:colcon.colcon_core.verb:set package 'cpp02_service' build argument 'catkin_skip_building_tests' from command line to 'False'
[-1784011437851195392.000s] DEBUG:colcon.colcon_core.verb:Building package 'cpp02_service' with the following arguments: {'ament_cmake_args': None, 'build_base': '/home/hzc/linux/ros2/stu/ws01_plubming/build/cpp02_service', 'catkin_cmake_args': None, 'catkin_skip_building_tests': False, 'cmake_args': None, 'cmake_clean_cache': False, 'cmake_clean_first': False, 'cmake_force_configure': False, 'cmake_target': None, 'cmake_target_skip_unavailable': False, 'install_base': '/home/hzc/linux/ros2/stu/ws01_plubming/install/cpp02_service', 'merge_install': False, 'path': '/home/hzc/linux/ros2/stu/ws01_plubming/src/cpp02_service', 'symlink_install': False, 'test_result_base': None}
[-1784011437851195392.000s] Level 5:colcon.colcon_core.verb:set package 'cpp04_param' build argument 'cmake_args' from command line to 'None'
[-1784011437851195392.000s] Level 5:colcon.colcon_core.verb:set package 'cpp04_param' build argument 'cmake_target' from command line to 'None'
[-1784011437851195392.000s] Level 5:colcon.colcon_core.verb:set package 'cpp04_param' build argument 'cmake_target_skip_unavailable' from command line to 'False'
[-1784011437851195392.000s] Level 5:colcon.colcon_core.verb:set package 'cpp04_param' build argument 'cmake_clean_cache' from command line to 'False'
[-1784011437851195392.000s] Level 5:colcon.colcon_core.verb:set package 'cpp04_param' build argument 'cmake_clean_first' from command line to 'False'
[-1784011437851195392.000s] Level 5:colcon.colcon_core.verb:set package 'cpp04_param' build argument 'cmake_force_configure' from command line to 'False'
[-1784011437851195392.000s] Level 5:colcon.colcon_core.verb:set package 'cpp04_param' build argument 'ament_cmake_args' from command line to 'None'
[-1784011437851195392.000s] Level 5:colcon.colcon_core.verb:set package 'cpp04_param' build argument 'catkin_cmake_args' from command line to 'None'
[-1784011437851195392.000s] Level 5:colcon.colcon_core.verb:set package 'cpp04_param' build argument 'catkin_skip_building_tests' from command line to 'False'
[-1784011437851195392.000s] DEBUG:colcon.colcon_core.verb:Building package 'cpp04_param' with the following arguments: {'ament_cmake_args': None, 'build_base': '/home/hzc/linux/ros2/stu/ws01_plubming/build/cpp04_param', 'catkin_cmake_args': None, 'catkin_skip_building_tests': False, 'cmake_args': None, 'cmake_clean_cache': False, 'cmake_clean_first': False, 'cmake_force_configure': False, 'cmake_target': None, 'cmake_target_skip_unavailable': False, 'install_base': '/home/hzc/linux/ros2/stu/ws01_plubming/install/cpp04_param', 'merge_install': False, 'path': '/home/hzc/linux/ros2/stu/ws01_plubming/src/cpp04_param', 'symlink_install': False, 'test_result_base': None}
[-1784011437851195392.000s] Level 5:colcon.colcon_core.verb:set package 'py04_param' build argument 'cmake_args' from command line to 'None'
[-1784011437851195392.000s] Level 5:colcon.colcon_core.verb:set package 'py04_param' build argument 'cmake_target' from command line to 'None'
[-1784011437851195392.000s] Level 5:colcon.colcon_core.verb:set package 'py04_param' build argument 'cmake_target_skip_unavailable' from command line to 'False'
[-1784011437851195392.000s] Level 5:colcon.colcon_core.verb:set package 'py04_param' build argument 'cmake_clean_cache' from command line to 'False'
[-1784011437851195392.000s] Level 5:colcon.colcon_core.verb:set package 'py04_param' build argument 'cmake_clean_first' from command line to 'False'
[-1784011437851195392.000s] Level 5:colcon.colcon_core.verb:set package 'py04_param' build argument 'cmake_force_configure' from command line to 'False'
[-1784011437851195392.000s] Level 5:colcon.colcon_core.verb:set package 'py04_param' build argument 'ament_cmake_args' from command line to 'None'
[-1784011437851195392.000s] Level 5:colcon.colcon_core.verb:set package 'py04_param' build argument 'catkin_cmake_args' from command line to 'None'
[-1784011437851195392.000s] Level 5:colcon.colcon_core.verb:set package 'py04_param' build argument 'catkin_skip_building_tests' from command line to 'False'
[-1784011437851195392.000s] DEBUG:colcon.colcon_core.verb:Building package 'py04_param' with the following arguments: {'ament_cmake_args': None, 'build_base': '/home/hzc/linux/ros2/stu/ws01_plubming/build/py04_param', 'catkin_cmake_args': None, 'catkin_skip_building_tests': False, 'cmake_args': None, 'cmake_clean_cache': False, 'cmake_clean_first': False, 'cmake_force_configure': False, 'cmake_target': None, 'cmake_target_skip_unavailable': False, 'install_base': '/home/hzc/linux/ros2/stu/ws01_plubming/install/py04_param', 'merge_install': False, 'path': '/home/hzc/linux/ros2/stu/ws01_plubming/src/py04_param', 'symlink_install': False, 'test_result_base': None}
[-1784011437851195392.000s] Level 5:colcon.colcon_core.verb:set package 'cpp01_topic' build argument 'cmake_args' from command line to 'None'
[-1784011437851195392.000s] Level 5:colcon.colcon_core.verb:set package 'cpp01_topic' build argument 'cmake_target' from command line to 'None'
[-1784011437851195392.000s] Level 5:colcon.colcon_core.verb:set package 'cpp01_topic' build argument 'cmake_target_skip_unavailable' from command line to 'False'
[-1784011437851195392.000s] Level 5:colcon.colcon_core.verb:set package 'cpp01_topic' build argument 'cmake_clean_cache' from command line to 'False'
[-1784011437851195392.000s] Level 5:colcon.colcon_core.verb:set package 'cpp01_topic' build argument 'cmake_clean_first' from command line to 'False'
[-1784011437851195392.000s] Level 5:colcon.colcon_core.verb:set package 'cpp01_topic' build argument 'cmake_force_configure' from command line to 'False'
[-1784011437851195392.000s] Level 5:colcon.colcon_core.verb:set package 'cpp01_topic' build argument 'ament_cmake_args' from command line to 'None'
[-1784011437851195392.000s] Level 5:colcon.colcon_core.verb:set package 'cpp01_topic' build argument 'catkin_cmake_args' from command line to 'None'
[-1784011437851195392.000s] Level 5:colcon.colcon_core.verb:set package 'cpp01_topic' build argument 'catkin_skip_building_tests' from command line to 'False'
[-1784011437851195392.000s] DEBUG:colcon.colcon_core.verb:Building package 'cpp01_topic' with the following arguments: {'ament_cmake_args': None, 'build_base': '/home/hzc/linux/ros2/stu/ws01_plubming/build/cpp01_topic', 'catkin_cmake_args': None, 'catkin_skip_building_tests': False, 'cmake_args': None, 'cmake_clean_cache': False, 'cmake_clean_first': False, 'cmake_force_configure': False, 'cmake_target': None, 'cmake_target_skip_unavailable': False, 'install_base': '/home/hzc/linux/ros2/stu/ws01_plubming/install/cpp01_topic', 'merge_install': False, 'path': '/home/hzc/linux/ros2/stu/ws01_plubming/src/cpp01_topic', 'symlink_install': False, 'test_result_base': None}
[-1784011437851195392.000s] Level 5:colcon.colcon_core.verb:set package 'cpp03_action' build argument 'cmake_args' from command line to 'None'
[-1784011437851195392.000s] Level 5:colcon.colcon_core.verb:set package 'cpp03_action' build argument 'cmake_target' from command line to 'None'
[-1784011437851195392.000s] Level 5:colcon.colcon_core.verb:set package 'cpp03_action' build argument 'cmake_target_skip_unavailable' from command line to 'False'
[-1784011437851195392.000s] Level 5:colcon.colcon_core.verb:set package 'cpp03_action' build argument 'cmake_clean_cache' from command line to 'False'
[-1784011437851195392.000s] Level 5:colcon.colcon_core.verb:set package 'cpp03_action' build argument 'cmake_clean_first' from command line to 'False'
[-1784011437851195392.000s] Level 5:colcon.colcon_core.verb:set package 'cpp03_action' build argument 'cmake_force_configure' from command line to 'False'
[-1784011437851195392.000s] Level 5:colcon.colcon_core.verb:set package 'cpp03_action' build argument 'ament_cmake_args' from command line to 'None'
[-1784011437851195392.000s] Level 5:colcon.colcon_core.verb:set package 'cpp03_action' build argument 'catkin_cmake_args' from command line to 'None'
[-1784011437851195392.000s] Level 5:colcon.colcon_core.verb:set package 'cpp03_action' build argument 'catkin_skip_building_tests' from command line to 'False'
[-1784011437851195392.000s] DEBUG:colcon.colcon_core.verb:Building package 'cpp03_action' with the following arguments: {'ament_cmake_args': None, 'build_base': '/home/hzc/linux/ros2/stu/ws01_plubming/build/cpp03_action', 'catkin_cmake_args': None, 'catkin_skip_building_tests': False, 'cmake_args': None, 'cmake_clean_cache': False, 'cmake_clean_first': False, 'cmake_force_configure': False, 'cmake_target': None, 'cmake_target_skip_unavailable': False, 'install_base': '/home/hzc/linux/ros2/stu/ws01_plubming/install/cpp03_action', 'merge_install': False, 'path': '/home/hzc/linux/ros2/stu/ws01_plubming/src/cpp03_action', 'symlink_install': False, 'test_result_base': None}
[-1784011437851195392.000s] Level 5:colcon.colcon_core.verb:set package 'py01_topic' build argument 'cmake_args' from command line to 'None'
[-1784011437851195392.000s] Level 5:colcon.colcon_core.verb:set package 'py01_topic' build argument 'cmake_target' from command line to 'None'
[-1784011437851195392.000s] Level 5:colcon.colcon_core.verb:set package 'py01_topic' build argument 'cmake_target_skip_unavailable' from command line to 'False'
[-1784011437851195392.000s] Level 5:colcon.colcon_core.verb:set package 'py01_topic' build argument 'cmake_clean_cache' from command line to 'False'
[-1784011437851195392.000s] Level 5:colcon.colcon_core.verb:set package 'py01_topic' build argument 'cmake_clean_first' from command line to 'False'
[-1784011437851195392.000s] Level 5:colcon.colcon_core.verb:set package 'py01_topic' build argument 'cmake_force_configure' from command line to 'False'
[-1784011437851195392.000s] Level 5:colcon.colcon_core.verb:set package 'py01_topic' build argument 'ament_cmake_args' from command line to 'None'
[-1784011437851195392.000s] Level 5:colcon.colcon_core.verb:set package 'py01_topic' build argument 'catkin_cmake_args' from command line to 'None'
[-1784011437851195392.000s] Level 5:colcon.colcon_core.verb:set package 'py01_topic' build argument 'catkin_skip_building_tests' from command line to 'False'
[-1784011437851195392.000s] DEBUG:colcon.colcon_core.verb:Building package 'py01_topic' with the following arguments: {'ament_cmake_args': None, 'build_base': '/home/hzc/linux/ros2/stu/ws01_plubming/build/py01_topic', 'catkin_cmake_args': None, 'catkin_skip_building_tests': False, 'cmake_args': None, 'cmake_clean_cache': False, 'cmake_clean_first': False, 'cmake_force_configure': False, 'cmake_target': None, 'cmake_target_skip_unavailable': False, 'install_base': '/home/hzc/linux/ros2/stu/ws01_plubming/install/py01_topic', 'merge_install': False, 'path': '/home/hzc/linux/ros2/stu/ws01_plubming/src/py01_topic', 'symlink_install': False, 'test_result_base': None}
[-1784011437851195392.000s] Level 5:colcon.colcon_core.verb:set package 'py02_seriver' build argument 'cmake_args' from command line to 'None'
[-1784011437851195392.000s] Level 5:colcon.colcon_core.verb:set package 'py02_seriver' build argument 'cmake_target' from command line to 'None'
[-1784011437851195392.000s] Level 5:colcon.colcon_core.verb:set package 'py02_seriver' build argument 'cmake_target_skip_unavailable' from command line to 'False'
[-1784011437851195392.000s] Level 5:colcon.colcon_core.verb:set package 'py02_seriver' build argument 'cmake_clean_cache' from command line to 'False'
[-1784011437851195392.000s] Level 5:colcon.colcon_core.verb:set package 'py02_seriver' build argument 'cmake_clean_first' from command line to 'False'
[-1784011437851195392.000s] Level 5:colcon.colcon_core.verb:set package 'py02_seriver' build argument 'cmake_force_configure' from command line to 'False'
[-1784011437851195392.000s] Level 5:colcon.colcon_core.verb:set package 'py02_seriver' build argument 'ament_cmake_args' from command line to 'None'
[-1784011437851195392.000s] Level 5:colcon.colcon_core.verb:set package 'py02_seriver' build argument 'catkin_cmake_args' from command line to 'None'
[-1784011437851195392.000s] Level 5:colcon.colcon_core.verb:set package 'py02_seriver' build argument 'catkin_skip_building_tests' from command line to 'False'
[-1784011437851195392.000s] DEBUG:colcon.colcon_core.verb:Building package 'py02_seriver' with the following arguments: {'ament_cmake_args': None, 'build_base': '/home/hzc/linux/ros2/stu/ws01_plubming/build/py02_seriver', 'catkin_cmake_args': None, 'catkin_skip_building_tests': False, 'cmake_args': None, 'cmake_clean_cache': False, 'cmake_clean_first': False, 'cmake_force_configure': False, 'cmake_target': None, 'cmake_target_skip_unavailable': False, 'install_base': '/home/hzc/linux/ros2/stu/ws01_plubming/install/py02_seriver', 'merge_install': False, 'path': '/home/hzc/linux/ros2/stu/ws01_plubming/src/py02_seriver', 'symlink_install': False, 'test_result_base': None}
[-1784011437851195392.000s] Level 5:colcon.colcon_core.verb:set package 'py03_action' build argument 'cmake_args' from command line to 'None'
[-1784011437851195392.000s] Level 5:colcon.colcon_core.verb:set package 'py03_action' build argument 'cmake_target' from command line to 'None'
[-1784011437851195392.000s] Level 5:colcon.colcon_core.verb:set package 'py03_action' build argument 'cmake_target_skip_unavailable' from command line to 'False'
[-1784011437851195392.000s] Level 5:colcon.colcon_core.verb:set package 'py03_action' build argument 'cmake_clean_cache' from command line to 'False'
[-1784011437851195392.000s] Level 5:colcon.colcon_core.verb:set package 'py03_action' build argument 'cmake_clean_first' from command line to 'False'
[-1784011437851195392.000s] Level 5:colcon.colcon_core.verb:set package 'py03_action' build argument 'cmake_force_configure' from command line to 'False'
[-1784011437851195392.000s] Level 5:colcon.colcon_core.verb:set package 'py03_action' build argument 'ament_cmake_args' from command line to 'None'
[-1784011437851195392.000s] Level 5:colcon.colcon_core.verb:set package 'py03_action' build argument 'catkin_cmake_args' from command line to 'None'
[-1784011437851195392.000s] Level 5:colcon.colcon_core.verb:set package 'py03_action' build argument 'catkin_skip_building_tests' from command line to 'False'
[-1784011437851195392.000s] DEBUG:colcon.colcon_core.verb:Building package 'py03_action' with the following arguments: {'ament_cmake_args': None, 'build_base': '/home/hzc/linux/ros2/stu/ws01_plubming/build/py03_action', 'catkin_cmake_args': None, 'catkin_skip_building_tests': False, 'cmake_args': None, 'cmake_clean_cache': False, 'cmake_clean_first': False, 'cmake_force_configure': False, 'cmake_target': None, 'cmake_target_skip_unavailable': False, 'install_base': '/home/hzc/linux/ros2/stu/ws01_plubming/install/py03_action', 'merge_install': False, 'path': '/home/hzc/linux/ros2/stu/ws01_plubming/src/py03_action', 'symlink_install': False, 'test_result_base': None}
[-1784011437851195392.000s] Level 5:colcon.colcon_core.verb:set package 'tutorails_plumbing' build argument 'cmake_args' from command line to 'None'
[-1784011437851195392.000s] Level 5:colcon.colcon_core.verb:set package 'tutorails_plumbing' build argument 'cmake_target' from command line to 'None'
[-1784011437851195392.000s] Level 5:colcon.colcon_core.verb:set package 'tutorails_plumbing' build argument 'cmake_target_skip_unavailable' from command line to 'False'
[-1784011437851195392.000s] Level 5:colcon.colcon_core.verb:set package 'tutorails_plumbing' build argument 'cmake_clean_cache' from command line to 'False'
[-1784011437851195392.000s] Level 5:colcon.colcon_core.verb:set package 'tutorails_plumbing' build argument 'cmake_clean_first' from command line to 'False'
[-1784011437851195392.000s] Level 5:colcon.colcon_core.verb:set package 'tutorails_plumbing' build argument 'cmake_force_configure' from command line to 'False'
[-1784011437851195392.000s] Level 5:colcon.colcon_core.verb:set package 'tutorails_plumbing' build argument 'ament_cmake_args' from command line to 'None'
[-1784011437851195392.000s] Level 5:colcon.colcon_core.verb:set package 'tutorails_plumbing' build argument 'catkin_cmake_args' from command line to 'None'
[-1784011437851195392.000s] Level 5:colcon.colcon_core.verb:set package 'tutorails_plumbing' build argument 'catkin_skip_building_tests' from command line to 'False'
[-1784011437851195392.000s] DEBUG:colcon.colcon_core.verb:Building package 'tutorails_plumbing' with the following arguments: {'ament_cmake_args': None, 'build_base': '/home/hzc/linux/ros2/stu/ws01_plubming/build/tutorails_plumbing', 'catkin_cmake_args': None, 'catkin_skip_building_tests': False, 'cmake_args': None, 'cmake_clean_cache': False, 'cmake_clean_first': False, 'cmake_force_configure': False, 'cmake_target': None, 'cmake_target_skip_unavailable': False, 'install_base': '/home/hzc/linux/ros2/stu/ws01_plubming/install/tutorails_plumbing', 'merge_install': False, 'path': '/home/hzc/linux/ros2/stu/ws01_plubming/src/tutorails_plumbing', 'symlink_install': False, 'test_result_base': None}
[-1784011437851195392.000s] INFO:colcon.colcon_core.executor:Executing jobs using 'parallel' executor
[-1784011437851195392.000s] DEBUG:colcon.colcon_parallel_executor.executor.parallel:run_until_complete
[-1784011437851195392.000s] INFO:colcon.colcon_ros.task.ament_cmake.build:Building ROS package in '/home/hzc/linux/ros2/stu/ws01_plubming/src/base_interfeces' with build type 'ament_cmake'
[-1784011437851195392.000s] INFO:colcon.colcon_cmake.task.cmake.build:Building CMake package in '/home/hzc/linux/ros2/stu/ws01_plubming/src/base_interfeces'
[-1784011437851195392.000s] INFO:colcon.colcon_core.plugin_system:Skipping extension 'colcon_core.shell.bat': Not used on non-Windows systems
[-1784011437851195392.000s] INFO:colcon.colcon_core.shell:Skip shell extension 'powershell' for command environment: Not usable outside of PowerShell
[-1784011437851195392.000s] DEBUG:colcon.colcon_core.shell:Skip shell extension 'dsv' for command environment
[-1784011437851195392.000s] INFO:colcon.colcon_ros.task.ament_cmake.build:Building ROS package in '/home/hzc/linux/ros2/stu/ws01_plubming/src/cpp02_service' with build type 'ament_cmake'
[-1784011437851195392.000s] INFO:colcon.colcon_cmake.task.cmake.build:Building CMake package in '/home/hzc/linux/ros2/stu/ws01_plubming/src/cpp02_service'
[-1784011437851195392.000s] INFO:colcon.colcon_core.shell:Skip shell extension 'powershell' for command environment: Not usable outside of PowerShell
[-1784011437851195392.000s] DEBUG:colcon.colcon_core.shell:Skip shell extension 'dsv' for command environment
[-1784011437851195392.000s] INFO:colcon.colcon_ros.task.ament_cmake.build:Building ROS package in '/home/hzc/linux/ros2/stu/ws01_plubming/src/cpp04_param' with build type 'ament_cmake'
[-1784011437851195392.000s] INFO:colcon.colcon_cmake.task.cmake.build:Building CMake package in '/home/hzc/linux/ros2/stu/ws01_plubming/src/cpp04_param'
[-1784011437851195392.000s] INFO:colcon.colcon_core.shell:Skip shell extension 'powershell' for command environment: Not usable outside of PowerShell
[-1784011437851195392.000s] DEBUG:colcon.colcon_core.shell:Skip shell extension 'dsv' for command environment
[-1784011437851195392.000s] INFO:colcon.colcon_ros.task.ament_python.build:Building ROS package in '/home/hzc/linux/ros2/stu/ws01_plubming/src/py04_param' with build type 'ament_python'
[-1784011437851195392.000s] Level 1:colcon.colcon_core.shell:create_environment_hook('py04_param', 'ament_prefix_path')
[-1784011437851195392.000s] INFO:colcon.colcon_core.shell:Creating environment hook '/home/hzc/linux/ros2/stu/ws01_plubming/install/py04_param/share/py04_param/hook/ament_prefix_path.ps1'
[-1784011437851195392.000s] INFO:colcon.colcon_core.shell:Creating environment descriptor '/home/hzc/linux/ros2/stu/ws01_plubming/install/py04_param/share/py04_param/hook/ament_prefix_path.dsv'
[-1784011437851195392.000s] INFO:colcon.colcon_core.shell:Creating environment hook '/home/hzc/linux/ros2/stu/ws01_plubming/install/py04_param/share/py04_param/hook/ament_prefix_path.sh'
[-1784011437851195392.000s] INFO:colcon.colcon_core.shell:Skip shell extension 'powershell' for command environment: Not usable outside of PowerShell
[-1784011437851195392.000s] DEBUG:colcon.colcon_core.shell:Skip shell extension 'dsv' for command environment
[-1784011437851195392.000s] DEBUG:colcon.colcon_core.event_handler.log_command:Invoking command in '/home/hzc/linux/ros2/stu/ws01_plubming/build/base_interfeces': CMAKE_PREFIX_PATH=${CMAKE_PREFIX_PATH}:/opt/ros/lyrical DEBUGINFOD_URLS=https://debuginfod.ubuntu.com /usr/bin/cmake --build /home/hzc/linux/ros2/stu/ws01_plubming/build/base_interfeces -- -j16 -l16
[-1784011437851195392.000s] DEBUG:colcon.colcon_core.event_handler.log_command:Invoking command in '/home/hzc/linux/ros2/stu/ws01_plubming/build/cpp02_service': CMAKE_PREFIX_PATH=${CMAKE_PREFIX_PATH}:/opt/ros/lyrical DEBUGINFOD_URLS=https://debuginfod.ubuntu.com /usr/bin/cmake --build /home/hzc/linux/ros2/stu/ws01_plubming/build/cpp02_service -- -j16 -l16
[-1784011437851195392.000s] DEBUG:colcon.colcon_core.event_handler.log_command:Invoking command in '/home/hzc/linux/ros2/stu/ws01_plubming/build/cpp04_param': CMAKE_PREFIX_PATH=${CMAKE_PREFIX_PATH}:/opt/ros/lyrical DEBUGINFOD_URLS=https://debuginfod.ubuntu.com /usr/bin/cmake --build /home/hzc/linux/ros2/stu/ws01_plubming/build/cpp04_param -- -j16 -l16
[-1784011437851195392.000s] INFO:colcon.colcon_core.task.python.build:Building Python package in '/home/hzc/linux/ros2/stu/ws01_plubming/src/py04_param'
[-1784011437851195392.000s] INFO:colcon.colcon_core.shell:Skip shell extension 'powershell' for command environment: Not usable outside of PowerShell
[-1784011437851195392.000s] DEBUG:colcon.colcon_core.shell:Skip shell extension 'dsv' for command environment
[-1784011437851195392.000s] DEBUG:colcon.colcon_core.event_handler.log_command:Invoked command in '/home/hzc/linux/ros2/stu/ws01_plubming/build/base_interfeces' returned '0': CMAKE_PREFIX_PATH=${CMAKE_PREFIX_PATH}:/opt/ros/lyrical DEBUGINFOD_URLS=https://debuginfod.ubuntu.com /usr/bin/cmake --build /home/hzc/linux/ros2/stu/ws01_plubming/build/base_interfeces -- -j16 -l16
[-1784011437851195392.000s] DEBUG:colcon.colcon_core.event_handler.log_command:Invoking command in '/home/hzc/linux/ros2/stu/ws01_plubming/build/base_interfeces': CMAKE_PREFIX_PATH=${CMAKE_PREFIX_PATH}:/opt/ros/lyrical DEBUGINFOD_URLS=https://debuginfod.ubuntu.com /usr/bin/cmake --install /home/hzc/linux/ros2/stu/ws01_plubming/build/base_interfeces
[-1784011437851195392.000s] Level 1:colcon.colcon_core.environment:create_environment_scripts_only(base_interfeces)
[-1784011437851195392.000s] DEBUG:colcon.colcon_core.event_handler.log_command:Invoked command in '/home/hzc/linux/ros2/stu/ws01_plubming/build/base_interfeces' returned '0': CMAKE_PREFIX_PATH=${CMAKE_PREFIX_PATH}:/opt/ros/lyrical DEBUGINFOD_URLS=https://debuginfod.ubuntu.com /usr/bin/cmake --install /home/hzc/linux/ros2/stu/ws01_plubming/build/base_interfeces
[-1784011437851195392.000s] Level 1:colcon.colcon_core.environment:checking '/home/hzc/linux/ros2/stu/ws01_plubming/install/base_interfeces' for CMake module files
[-1784011437851195392.000s] Level 1:colcon.colcon_core.environment:checking '/home/hzc/linux/ros2/stu/ws01_plubming/install/base_interfeces' for CMake config files
[-1784011437851195392.000s] Level 1:colcon.colcon_core.shell:create_environment_hook('base_interfeces', 'cmake_prefix_path')
[-1784011437851195392.000s] INFO:colcon.colcon_core.shell:Creating environment hook '/home/hzc/linux/ros2/stu/ws01_plubming/install/base_interfeces/share/base_interfeces/hook/cmake_prefix_path.ps1'
[-1784011437851195392.000s] INFO:colcon.colcon_core.shell:Creating environment descriptor '/home/hzc/linux/ros2/stu/ws01_plubming/install/base_interfeces/share/base_interfeces/hook/cmake_prefix_path.dsv'
[-1784011437851195392.000s] INFO:colcon.colcon_core.shell:Creating environment hook '/home/hzc/linux/ros2/stu/ws01_plubming/install/base_interfeces/share/base_interfeces/hook/cmake_prefix_path.sh'
[-1784011437851195392.000s] Level 1:colcon.colcon_core.environment:checking '/home/hzc/linux/ros2/stu/ws01_plubming/install/base_interfeces/lib'
[-1784011437851195392.000s] Level 1:colcon.colcon_core.shell:create_environment_hook('base_interfeces', 'ld_library_path_lib')
[-1784011437851195392.000s] INFO:colcon.colcon_core.shell:Creating environment hook '/home/hzc/linux/ros2/stu/ws01_plubming/install/base_interfeces/share/base_interfeces/hook/ld_library_path_lib.ps1'
[-1784011437851195392.000s] INFO:colcon.colcon_core.shell:Creating environment descriptor '/home/hzc/linux/ros2/stu/ws01_plubming/install/base_interfeces/share/base_interfeces/hook/ld_library_path_lib.dsv'
[-1784011437851195392.000s] INFO:colcon.colcon_core.shell:Creating environment hook '/home/hzc/linux/ros2/stu/ws01_plubming/install/base_interfeces/share/base_interfeces/hook/ld_library_path_lib.sh'
[-1784011437851195392.000s] Level 1:colcon.colcon_core.environment:checking '/home/hzc/linux/ros2/stu/ws01_plubming/install/base_interfeces/bin'
[-1784011437851195392.000s] Level 1:colcon.colcon_core.environment:checking '/home/hzc/linux/ros2/stu/ws01_plubming/install/base_interfeces/lib/pkgconfig/base_interfeces.pc'
[-1784011437851195392.000s] Level 1:colcon.colcon_core.environment:checking '/home/hzc/linux/ros2/stu/ws01_plubming/install/base_interfeces/lib/python3.14/site-packages'
[-1784011437851195392.000s] Level 1:colcon.colcon_core.shell:create_environment_hook('base_interfeces', 'pythonpath')
[-1784011437851195392.000s] INFO:colcon.colcon_core.shell:Creating environment hook '/home/hzc/linux/ros2/stu/ws01_plubming/install/base_interfeces/share/base_interfeces/hook/pythonpath.ps1'
[-1784011437851195392.000s] INFO:colcon.colcon_core.shell:Creating environment descriptor '/home/hzc/linux/ros2/stu/ws01_plubming/install/base_interfeces/share/base_interfeces/hook/pythonpath.dsv'
[-1784011437851195392.000s] INFO:colcon.colcon_core.shell:Creating environment hook '/home/hzc/linux/ros2/stu/ws01_plubming/install/base_interfeces/share/base_interfeces/hook/pythonpath.sh'
[-1784011437851195392.000s] Level 1:colcon.colcon_core.environment:checking '/home/hzc/linux/ros2/stu/ws01_plubming/install/base_interfeces/bin'
[-1784011437851195392.000s] INFO:colcon.colcon_core.shell:Creating package script '/home/hzc/linux/ros2/stu/ws01_plubming/install/base_interfeces/share/base_interfeces/package.ps1'
[-1784011437851195392.000s] INFO:colcon.colcon_core.shell:Creating package descriptor '/home/hzc/linux/ros2/stu/ws01_plubming/install/base_interfeces/share/base_interfeces/package.dsv'
[-1784011437851195392.000s] INFO:colcon.colcon_core.shell:Creating package script '/home/hzc/linux/ros2/stu/ws01_plubming/install/base_interfeces/share/base_interfeces/package.sh'
[-1784011437851195392.000s] INFO:colcon.colcon_core.shell:Creating package script '/home/hzc/linux/ros2/stu/ws01_plubming/install/base_interfeces/share/base_interfeces/package.bash'
[-1784011437851195392.000s] INFO:colcon.colcon_core.shell:Creating package script '/home/hzc/linux/ros2/stu/ws01_plubming/install/base_interfeces/share/base_interfeces/package.zsh'
[-1784011437851195392.000s] Level 1:colcon.colcon_core.environment:create_file_with_runtime_dependencies(/home/hzc/linux/ros2/stu/ws01_plubming/install/base_interfeces/share/colcon-core/packages/base_interfeces)
[-1784011437851195392.000s] Level 1:colcon.colcon_core.environment:create_environment_scripts_only(base_interfeces)
[-1784011437851195392.000s] Level 1:colcon.colcon_core.environment:checking '/home/hzc/linux/ros2/stu/ws01_plubming/install/base_interfeces' for CMake module files
[-1784011437851195392.000s] Level 1:colcon.colcon_core.environment:checking '/home/hzc/linux/ros2/stu/ws01_plubming/install/base_interfeces' for CMake config files
[-1784011437851195392.000s] Level 1:colcon.colcon_core.shell:create_environment_hook('base_interfeces', 'cmake_prefix_path')
[-1784011437851195392.000s] INFO:colcon.colcon_core.shell:Creating environment hook '/home/hzc/linux/ros2/stu/ws01_plubming/install/base_interfeces/share/base_interfeces/hook/cmake_prefix_path.ps1'
[-1784011437851195392.000s] INFO:colcon.colcon_core.shell:Creating environment descriptor '/home/hzc/linux/ros2/stu/ws01_plubming/install/base_interfeces/share/base_interfeces/hook/cmake_prefix_path.dsv'
[-1784011437851195392.000s] INFO:colcon.colcon_core.shell:Creating environment hook '/home/hzc/linux/ros2/stu/ws01_plubming/install/base_interfeces/share/base_interfeces/hook/cmake_prefix_path.sh'
[-1784011437851195392.000s] Level 1:colcon.colcon_core.environment:checking '/home/hzc/linux/ros2/stu/ws01_plubming/install/base_interfeces/lib'
[-1784011437851195392.000s] Level 1:colcon.colcon_core.shell:create_environment_hook('base_interfeces', 'ld_library_path_lib')
[-1784011437851195392.000s] INFO:colcon.colcon_core.shell:Creating environment hook '/home/hzc/linux/ros2/stu/ws01_plubming/install/base_interfeces/share/base_interfeces/hook/ld_library_path_lib.ps1'
[-1784011437851195392.000s] INFO:colcon.colcon_core.shell:Creating environment descriptor '/home/hzc/linux/ros2/stu/ws01_plubming/install/base_interfeces/share/base_interfeces/hook/ld_library_path_lib.dsv'
[-1784011437851195392.000s] INFO:colcon.colcon_core.shell:Creating environment hook '/home/hzc/linux/ros2/stu/ws01_plubming/install/base_interfeces/share/base_interfeces/hook/ld_library_path_lib.sh'
[-1784011437851195392.000s] Level 1:colcon.colcon_core.environment:checking '/home/hzc/linux/ros2/stu/ws01_plubming/install/base_interfeces/bin'
[-1784011437851195392.000s] Level 1:colcon.colcon_core.environment:checking '/home/hzc/linux/ros2/stu/ws01_plubming/install/base_interfeces/lib/pkgconfig/base_interfeces.pc'
[-1784011437851195392.000s] Level 1:colcon.colcon_core.environment:checking '/home/hzc/linux/ros2/stu/ws01_plubming/install/base_interfeces/lib/python3.14/site-packages'
[-1784011437851195392.000s] Level 1:colcon.colcon_core.shell:create_environment_hook('base_interfeces', 'pythonpath')
[-1784011437851195392.000s] INFO:colcon.colcon_core.shell:Creating environment hook '/home/hzc/linux/ros2/stu/ws01_plubming/install/base_interfeces/share/base_interfeces/hook/pythonpath.ps1'
[-1784011437851195392.000s] INFO:colcon.colcon_core.shell:Creating environment descriptor '/home/hzc/linux/ros2/stu/ws01_plubming/install/base_interfeces/share/base_interfeces/hook/pythonpath.dsv'
[-1784011437851195392.000s] INFO:colcon.colcon_core.shell:Creating environment hook '/home/hzc/linux/ros2/stu/ws01_plubming/install/base_interfeces/share/base_interfeces/hook/pythonpath.sh'
[-1784011437851195392.000s] Level 1:colcon.colcon_core.environment:checking '/home/hzc/linux/ros2/stu/ws01_plubming/install/base_interfeces/bin'
[-1784011437851195392.000s] INFO:colcon.colcon_core.shell:Creating package script '/home/hzc/linux/ros2/stu/ws01_plubming/install/base_interfeces/share/base_interfeces/package.ps1'
[-1784011437851195392.000s] INFO:colcon.colcon_core.shell:Creating package descriptor '/home/hzc/linux/ros2/stu/ws01_plubming/install/base_interfeces/share/base_interfeces/package.dsv'
[-1784011437851195392.000s] INFO:colcon.colcon_core.shell:Creating package script '/home/hzc/linux/ros2/stu/ws01_plubming/install/base_interfeces/share/base_interfeces/package.sh'
[-1784011437851195392.000s] INFO:colcon.colcon_core.shell:Creating package script '/home/hzc/linux/ros2/stu/ws01_plubming/install/base_interfeces/share/base_interfeces/package.bash'
[-1784011437851195392.000s] INFO:colcon.colcon_core.shell:Creating package script '/home/hzc/linux/ros2/stu/ws01_plubming/install/base_interfeces/share/base_interfeces/package.zsh'
[-1784011437851195392.000s] Level 1:colcon.colcon_core.environment:create_file_with_runtime_dependencies(/home/hzc/linux/ros2/stu/ws01_plubming/install/base_interfeces/share/colcon-core/packages/base_interfeces)
[-1784011437851195392.000s] INFO:colcon.colcon_ros.task.ament_cmake.build:Building ROS package in '/home/hzc/linux/ros2/stu/ws01_plubming/src/cpp01_topic' with build type 'ament_cmake'
[-1784011437851195392.000s] INFO:colcon.colcon_cmake.task.cmake.build:Building CMake package in '/home/hzc/linux/ros2/stu/ws01_plubming/src/cpp01_topic'
[-1784011437851195392.000s] INFO:colcon.colcon_core.shell:Skip shell extension 'powershell' for command environment: Not usable outside of PowerShell
[-1784011437851195392.000s] DEBUG:colcon.colcon_core.shell:Skip shell extension 'dsv' for command environment
[-1784011437851195392.000s] INFO:colcon.colcon_ros.task.ament_cmake.build:Building ROS package in '/home/hzc/linux/ros2/stu/ws01_plubming/src/cpp03_action' with build type 'ament_cmake'
[-1784011437851195392.000s] INFO:colcon.colcon_cmake.task.cmake.build:Building CMake package in '/home/hzc/linux/ros2/stu/ws01_plubming/src/cpp03_action'
[-1784011437851195392.000s] INFO:colcon.colcon_core.shell:Skip shell extension 'powershell' for command environment: Not usable outside of PowerShell
[-1784011437851195392.000s] DEBUG:colcon.colcon_core.shell:Skip shell extension 'dsv' for command environment
[-1784011437851195392.000s] INFO:colcon.colcon_ros.task.ament_python.build:Building ROS package in '/home/hzc/linux/ros2/stu/ws01_plubming/src/py01_topic' with build type 'ament_python'
[-1784011437851195392.000s] Level 1:colcon.colcon_core.shell:create_environment_hook('py01_topic', 'ament_prefix_path')
[-1784011437851195392.000s] INFO:colcon.colcon_core.shell:Creating environment hook '/home/hzc/linux/ros2/stu/ws01_plubming/install/py01_topic/share/py01_topic/hook/ament_prefix_path.ps1'
[-1784011437851195392.000s] INFO:colcon.colcon_core.shell:Creating environment descriptor '/home/hzc/linux/ros2/stu/ws01_plubming/install/py01_topic/share/py01_topic/hook/ament_prefix_path.dsv'
[-1784011437851195392.000s] INFO:colcon.colcon_core.shell:Creating environment hook '/home/hzc/linux/ros2/stu/ws01_plubming/install/py01_topic/share/py01_topic/hook/ament_prefix_path.sh'
[-1784011437851195392.000s] INFO:colcon.colcon_core.shell:Skip shell extension 'powershell' for command environment: Not usable outside of PowerShell
[-1784011437851195392.000s] DEBUG:colcon.colcon_core.shell:Skip shell extension 'dsv' for command environment
[-1784011437851195392.000s] INFO:colcon.colcon_ros.task.ament_python.build:Building ROS package in '/home/hzc/linux/ros2/stu/ws01_plubming/src/py02_seriver' with build type 'ament_python'
[-1784011437851195392.000s] Level 1:colcon.colcon_core.shell:create_environment_hook('py02_seriver', 'ament_prefix_path')
[-1784011437851195392.000s] INFO:colcon.colcon_core.shell:Creating environment hook '/home/hzc/linux/ros2/stu/ws01_plubming/install/py02_seriver/share/py02_seriver/hook/ament_prefix_path.ps1'
[-1784011437851195392.000s] INFO:colcon.colcon_core.shell:Creating environment descriptor '/home/hzc/linux/ros2/stu/ws01_plubming/install/py02_seriver/share/py02_seriver/hook/ament_prefix_path.dsv'
[-1784011437851195392.000s] INFO:colcon.colcon_core.shell:Creating environment hook '/home/hzc/linux/ros2/stu/ws01_plubming/install/py02_seriver/share/py02_seriver/hook/ament_prefix_path.sh'
[-1784011437851195392.000s] INFO:colcon.colcon_core.shell:Skip shell extension 'powershell' for command environment: Not usable outside of PowerShell
[-1784011437851195392.000s] DEBUG:colcon.colcon_core.shell:Skip shell extension 'dsv' for command environment
[-1784011437851195392.000s] INFO:colcon.colcon_ros.task.ament_python.build:Building ROS package in '/home/hzc/linux/ros2/stu/ws01_plubming/src/py03_action' with build type 'ament_python'
[-1784011437851195392.000s] Level 1:colcon.colcon_core.shell:create_environment_hook('py03_action', 'ament_prefix_path')
[-1784011437851195392.000s] INFO:colcon.colcon_core.shell:Creating environment hook '/home/hzc/linux/ros2/stu/ws01_plubming/install/py03_action/share/py03_action/hook/ament_prefix_path.ps1'
[-1784011437851195392.000s] INFO:colcon.colcon_core.shell:Creating environment descriptor '/home/hzc/linux/ros2/stu/ws01_plubming/install/py03_action/share/py03_action/hook/ament_prefix_path.dsv'
[-1784011437851195392.000s] INFO:colcon.colcon_core.shell:Creating environment hook '/home/hzc/linux/ros2/stu/ws01_plubming/install/py03_action/share/py03_action/hook/ament_prefix_path.sh'
[-1784011437851195392.000s] INFO:colcon.colcon_core.shell:Skip shell extension 'powershell' for command environment: Not usable outside of PowerShell
[-1784011437851195392.000s] DEBUG:colcon.colcon_core.shell:Skip shell extension 'dsv' for command environment
[-1784011437851195392.000s] DEBUG:colcon.colcon_core.event_handler.log_command:Invoking command in '/home/hzc/linux/ros2/stu/ws01_plubming/build/cpp01_topic': AMENT_PREFIX_PATH=/home/hzc/linux/ros2/stu/ws01_plubming/install/base_interfeces:${AMENT_PREFIX_PATH} CMAKE_PREFIX_PATH=/home/hzc/linux/ros2/stu/ws01_plubming/install/base_interfeces:/opt/ros/lyrical/opt/gz_sim_vendor:/opt/ros/lyrical/opt/gz_sensors_vendor:/opt/ros/lyrical/opt/gz_gui_vendor:/opt/ros/lyrical/opt/gz_transport_vendor:/opt/ros/lyrical/opt/gz_physics_vendor:/opt/ros/lyrical/opt/sdformat_vendor:/opt/ros/lyrical/opt/gz_rendering_vendor:/opt/ros/lyrical/opt/gz_plugin_vendor:/opt/ros/lyrical/opt/gz_fuel_tools_vendor:/opt/ros/lyrical/opt/gz_msgs_vendor:/opt/ros/lyrical/opt/gz_common_vendor:/opt/ros/lyrical/opt/gz_math_vendor:/opt/ros/lyrical/opt/gz_utils_vendor:/opt/ros/lyrical/opt/gz_tools_vendor:/opt/ros/lyrical/opt/gz_ogre_next_vendor:/opt/ros/lyrical/opt/gz_dartsim_vendor:/opt/ros/lyrical/opt/gz_cmake_vendor:/opt/ros/lyrical DEBUGINFOD_URLS=https://debuginfod.ubuntu.com LD_LIBRARY_PATH=/home/hzc/linux/ros2/stu/ws01_plubming/install/base_interfeces/lib:${LD_LIBRARY_PATH} PYTHONPATH=/home/hzc/linux/ros2/stu/ws01_plubming/install/base_interfeces/lib/python3.14/site-packages:${PYTHONPATH} /usr/bin/cmake /home/hzc/linux/ros2/stu/ws01_plubming/src/cpp01_topic -DCMAKE_INSTALL_PREFIX=/home/hzc/linux/ros2/stu/ws01_plubming/install/cpp01_topic
[-1784011437851195392.000s] DEBUG:colcon.colcon_core.event_handler.log_command:Invoking command in '/home/hzc/linux/ros2/stu/ws01_plubming/build/cpp03_action': AMENT_PREFIX_PATH=/home/hzc/linux/ros2/stu/ws01_plubming/install/base_interfeces:${AMENT_PREFIX_PATH} CMAKE_PREFIX_PATH=/home/hzc/linux/ros2/stu/ws01_plubming/install/base_interfeces:/opt/ros/lyrical/opt/gz_sim_vendor:/opt/ros/lyrical/opt/gz_sensors_vendor:/opt/ros/lyrical/opt/gz_gui_vendor:/opt/ros/lyrical/opt/gz_transport_vendor:/opt/ros/lyrical/opt/gz_physics_vendor:/opt/ros/lyrical/opt/sdformat_vendor:/opt/ros/lyrical/opt/gz_rendering_vendor:/opt/ros/lyrical/opt/gz_plugin_vendor:/opt/ros/lyrical/opt/gz_fuel_tools_vendor:/opt/ros/lyrical/opt/gz_msgs_vendor:/opt/ros/lyrical/opt/gz_common_vendor:/opt/ros/lyrical/opt/gz_math_vendor:/opt/ros/lyrical/opt/gz_utils_vendor:/opt/ros/lyrical/opt/gz_tools_vendor:/opt/ros/lyrical/opt/gz_ogre_next_vendor:/opt/ros/lyrical/opt/gz_dartsim_vendor:/opt/ros/lyrical/opt/gz_cmake_vendor:/opt/ros/lyrical DEBUGINFOD_URLS=https://debuginfod.ubuntu.com LD_LIBRARY_PATH=/home/hzc/linux/ros2/stu/ws01_plubming/install/base_interfeces/lib:${LD_LIBRARY_PATH} PYTHONPATH=/home/hzc/linux/ros2/stu/ws01_plubming/install/base_interfeces/lib/python3.14/site-packages:${PYTHONPATH} /usr/bin/cmake --build /home/hzc/linux/ros2/stu/ws01_plubming/build/cpp03_action -- -j16 -l16
[-1784011437851195392.000s] INFO:colcon.colcon_core.task.python.build:Building Python package in '/home/hzc/linux/ros2/stu/ws01_plubming/src/py01_topic'
[-1784011437851195392.000s] INFO:colcon.colcon_core.shell:Skip shell extension 'powershell' for command environment: Not usable outside of PowerShell
[-1784011437851195392.000s] DEBUG:colcon.colcon_core.shell:Skip shell extension 'dsv' for command environment
[-1784011437851195392.000s] DEBUG:colcon.colcon_core.event_handler.log_command:Invoking command in '/home/hzc/linux/ros2/stu/ws01_plubming/src/py04_param': DEBUGINFOD_URLS=https://debuginfod.ubuntu.com PYTHONPATH=/home/hzc/linux/ros2/stu/ws01_plubming/build/py04_param/prefix_override:/usr/lib/python3/dist-packages/colcon_core/task/python/colcon_distutils_commands:/home/hzc/linux/ros2/stu/ws01_plubming/install/py04_param/lib/python3.14/site-packages:${PYTHONPATH} /usr/bin/python3 -W ignore:setup.py install is deprecated -W ignore:easy_install command is deprecated setup.py egg_info --egg-base ../../build/py04_param build --build-base /home/hzc/linux/ros2/stu/ws01_plubming/build/py04_param/build install --record /home/hzc/linux/ros2/stu/ws01_plubming/build/py04_param/install.log --single-version-externally-managed install_data
[-1784011437851195392.000s] INFO:colcon.colcon_core.task.python.build:Building Python package in '/home/hzc/linux/ros2/stu/ws01_plubming/src/py02_seriver'
[-1784011437851195392.000s] INFO:colcon.colcon_core.shell:Skip shell extension 'powershell' for command environment: Not usable outside of PowerShell
[-1784011437851195392.000s] DEBUG:colcon.colcon_core.shell:Skip shell extension 'dsv' for command environment
[-1784011437851195392.000s] INFO:colcon.colcon_core.task.python.build:Building Python package in '/home/hzc/linux/ros2/stu/ws01_plubming/src/py03_action'
[-1784011437851195392.000s] INFO:colcon.colcon_core.shell:Skip shell extension 'powershell' for command environment: Not usable outside of PowerShell
[-1784011437851195392.000s] DEBUG:colcon.colcon_core.shell:Skip shell extension 'dsv' for command environment
[-1784011437851195392.000s] Level 1:colcon.colcon_core.environment:checking '/home/hzc/linux/ros2/stu/ws01_plubming/install/py04_param' for CMake module files
[-1784011437851195392.000s] Level 1:colcon.colcon_core.environment:checking '/home/hzc/linux/ros2/stu/ws01_plubming/install/py04_param' for CMake config files
[-1784011437851195392.000s] Level 1:colcon.colcon_core.environment:checking '/home/hzc/linux/ros2/stu/ws01_plubming/install/py04_param/lib'
[-1784011437851195392.000s] Level 1:colcon.colcon_core.environment:checking '/home/hzc/linux/ros2/stu/ws01_plubming/install/py04_param/bin'
[-1784011437851195392.000s] Level 1:colcon.colcon_core.environment:checking '/home/hzc/linux/ros2/stu/ws01_plubming/install/py04_param/lib/pkgconfig/py04_param.pc'
[-1784011437851195392.000s] Level 1:colcon.colcon_core.environment:checking '/home/hzc/linux/ros2/stu/ws01_plubming/install/py04_param/lib/python3.14/site-packages'
[-1784011437851195392.000s] Level 1:colcon.colcon_core.shell:create_environment_hook('py04_param', 'pythonpath')
[-1784011437851195392.000s] INFO:colcon.colcon_core.shell:Creating environment hook '/home/hzc/linux/ros2/stu/ws01_plubming/install/py04_param/share/py04_param/hook/pythonpath.ps1'
[-1784011437851195392.000s] INFO:colcon.colcon_core.shell:Creating environment descriptor '/home/hzc/linux/ros2/stu/ws01_plubming/install/py04_param/share/py04_param/hook/pythonpath.dsv'
[-1784011437851195392.000s] INFO:colcon.colcon_core.shell:Creating environment hook '/home/hzc/linux/ros2/stu/ws01_plubming/install/py04_param/share/py04_param/hook/pythonpath.sh'
[-1784011437851195392.000s] DEBUG:colcon.colcon_core.event_handler.log_command:Invoked command in '/home/hzc/linux/ros2/stu/ws01_plubming/src/py04_param' returned '0': DEBUGINFOD_URLS=https://debuginfod.ubuntu.com PYTHONPATH=/home/hzc/linux/ros2/stu/ws01_plubming/build/py04_param/prefix_override:/usr/lib/python3/dist-packages/colcon_core/task/python/colcon_distutils_commands:/home/hzc/linux/ros2/stu/ws01_plubming/install/py04_param/lib/python3.14/site-packages:${PYTHONPATH} /usr/bin/python3 -W ignore:setup.py install is deprecated -W ignore:easy_install command is deprecated setup.py egg_info --egg-base ../../build/py04_param build --build-base /home/hzc/linux/ros2/stu/ws01_plubming/build/py04_param/build install --record /home/hzc/linux/ros2/stu/ws01_plubming/build/py04_param/install.log --single-version-externally-managed install_data
[-1784011437851195392.000s] Level 1:colcon.colcon_core.environment:checking '/home/hzc/linux/ros2/stu/ws01_plubming/install/py04_param/bin'
[-1784011437851195392.000s] Level 1:colcon.colcon_core.environment:create_environment_scripts_only(py04_param)
[-1784011437851195392.000s] INFO:colcon.colcon_core.shell:Creating package script '/home/hzc/linux/ros2/stu/ws01_plubming/install/py04_param/share/py04_param/package.ps1'
[-1784011437851195392.000s] INFO:colcon.colcon_core.shell:Creating package descriptor '/home/hzc/linux/ros2/stu/ws01_plubming/install/py04_param/share/py04_param/package.dsv'
[-1784011437851195392.000s] INFO:colcon.colcon_core.shell:Creating package script '/home/hzc/linux/ros2/stu/ws01_plubming/install/py04_param/share/py04_param/package.sh'
[-1784011437851195392.000s] INFO:colcon.colcon_core.shell:Creating package script '/home/hzc/linux/ros2/stu/ws01_plubming/install/py04_param/share/py04_param/package.bash'
[-1784011437851195392.000s] INFO:colcon.colcon_core.shell:Creating package script '/home/hzc/linux/ros2/stu/ws01_plubming/install/py04_param/share/py04_param/package.zsh'
[-1784011437851195392.000s] Level 1:colcon.colcon_core.environment:create_file_with_runtime_dependencies(/home/hzc/linux/ros2/stu/ws01_plubming/install/py04_param/share/colcon-core/packages/py04_param)
[-1784011437851195392.000s] DEBUG:colcon.colcon_core.event_handler.log_command:Invoking command in '/home/hzc/linux/ros2/stu/ws01_plubming/src/py03_action': AMENT_PREFIX_PATH=/home/hzc/linux/ros2/stu/ws01_plubming/install/base_interfeces:${AMENT_PREFIX_PATH} CMAKE_PREFIX_PATH=/home/hzc/linux/ros2/stu/ws01_plubming/install/base_interfeces:${CMAKE_PREFIX_PATH} DEBUGINFOD_URLS=https://debuginfod.ubuntu.com LD_LIBRARY_PATH=/home/hzc/linux/ros2/stu/ws01_plubming/install/base_interfeces/lib:${LD_LIBRARY_PATH} PYTHONPATH=/home/hzc/linux/ros2/stu/ws01_plubming/build/py03_action/prefix_override:/usr/lib/python3/dist-packages/colcon_core/task/python/colcon_distutils_commands:/home/hzc/linux/ros2/stu/ws01_plubming/install/py03_action/lib/python3.14/site-packages:/home/hzc/linux/ros2/stu/ws01_plubming/install/base_interfeces/lib/python3.14/site-packages:${PYTHONPATH} /usr/bin/python3 -W ignore:setup.py install is deprecated -W ignore:easy_install command is deprecated setup.py egg_info --egg-base ../../build/py03_action build --build-base /home/hzc/linux/ros2/stu/ws01_plubming/build/py03_action/build install --record /home/hzc/linux/ros2/stu/ws01_plubming/build/py03_action/install.log --single-version-externally-managed install_data
[-1784011437851195392.000s] DEBUG:colcon.colcon_core.event_handler.log_command:Invoking command in '/home/hzc/linux/ros2/stu/ws01_plubming/src/py01_topic': AMENT_PREFIX_PATH=/home/hzc/linux/ros2/stu/ws01_plubming/install/base_interfeces:${AMENT_PREFIX_PATH} CMAKE_PREFIX_PATH=/home/hzc/linux/ros2/stu/ws01_plubming/install/base_interfeces:${CMAKE_PREFIX_PATH} DEBUGINFOD_URLS=https://debuginfod.ubuntu.com LD_LIBRARY_PATH=/home/hzc/linux/ros2/stu/ws01_plubming/install/base_interfeces/lib:${LD_LIBRARY_PATH} PYTHONPATH=/home/hzc/linux/ros2/stu/ws01_plubming/build/py01_topic/prefix_override:/usr/lib/python3/dist-packages/colcon_core/task/python/colcon_distutils_commands:/home/hzc/linux/ros2/stu/ws01_plubming/install/py01_topic/lib/python3.14/site-packages:/home/hzc/linux/ros2/stu/ws01_plubming/install/base_interfeces/lib/python3.14/site-packages:${PYTHONPATH} /usr/bin/python3 -W ignore:setup.py install is deprecated -W ignore:easy_install command is deprecated setup.py egg_info --egg-base ../../build/py01_topic build --build-base /home/hzc/linux/ros2/stu/ws01_plubming/build/py01_topic/build install --record /home/hzc/linux/ros2/stu/ws01_plubming/build/py01_topic/install.log --single-version-externally-managed install_data
[-1784011437851195392.000s] DEBUG:colcon.colcon_core.event_handler.log_command:Invoking command in '/home/hzc/linux/ros2/stu/ws01_plubming/src/py02_seriver': AMENT_PREFIX_PATH=/home/hzc/linux/ros2/stu/ws01_plubming/install/base_interfeces:${AMENT_PREFIX_PATH} CMAKE_PREFIX_PATH=/home/hzc/linux/ros2/stu/ws01_plubming/install/base_interfeces:${CMAKE_PREFIX_PATH} DEBUGINFOD_URLS=https://debuginfod.ubuntu.com LD_LIBRARY_PATH=/home/hzc/linux/ros2/stu/ws01_plubming/install/base_interfeces/lib:${LD_LIBRARY_PATH} PYTHONPATH=/home/hzc/linux/ros2/stu/ws01_plubming/build/py02_seriver/prefix_override:/usr/lib/python3/dist-packages/colcon_core/task/python/colcon_distutils_commands:/home/hzc/linux/ros2/stu/ws01_plubming/install/py02_seriver/lib/python3.14/site-packages:/home/hzc/linux/ros2/stu/ws01_plubming/install/base_interfeces/lib/python3.14/site-packages:${PYTHONPATH} /usr/bin/python3 -W ignore:setup.py install is deprecated -W ignore:easy_install command is deprecated setup.py egg_info --egg-base ../../build/py02_seriver build --build-base /home/hzc/linux/ros2/stu/ws01_plubming/build/py02_seriver/build install --record /home/hzc/linux/ros2/stu/ws01_plubming/build/py02_seriver/install.log --single-version-externally-managed install_data
[-1784011437851195392.000s] DEBUG:colcon.colcon_core.event_handler.log_command:Invoked command in '/home/hzc/linux/ros2/stu/ws01_plubming/build/cpp01_topic' returned '0': AMENT_PREFIX_PATH=/home/hzc/linux/ros2/stu/ws01_plubming/install/base_interfeces:${AMENT_PREFIX_PATH} CMAKE_PREFIX_PATH=/home/hzc/linux/ros2/stu/ws01_plubming/install/base_interfeces:/opt/ros/lyrical/opt/gz_sim_vendor:/opt/ros/lyrical/opt/gz_sensors_vendor:/opt/ros/lyrical/opt/gz_gui_vendor:/opt/ros/lyrical/opt/gz_transport_vendor:/opt/ros/lyrical/opt/gz_physics_vendor:/opt/ros/lyrical/opt/sdformat_vendor:/opt/ros/lyrical/opt/gz_rendering_vendor:/opt/ros/lyrical/opt/gz_plugin_vendor:/opt/ros/lyrical/opt/gz_fuel_tools_vendor:/opt/ros/lyrical/opt/gz_msgs_vendor:/opt/ros/lyrical/opt/gz_common_vendor:/opt/ros/lyrical/opt/gz_math_vendor:/opt/ros/lyrical/opt/gz_utils_vendor:/opt/ros/lyrical/opt/gz_tools_vendor:/opt/ros/lyrical/opt/gz_ogre_next_vendor:/opt/ros/lyrical/opt/gz_dartsim_vendor:/opt/ros/lyrical/opt/gz_cmake_vendor:/opt/ros/lyrical DEBUGINFOD_URLS=https://debuginfod.ubuntu.com LD_LIBRARY_PATH=/home/hzc/linux/ros2/stu/ws01_plubming/install/base_interfeces/lib:${LD_LIBRARY_PATH} PYTHONPATH=/home/hzc/linux/ros2/stu/ws01_plubming/install/base_interfeces/lib/python3.14/site-packages:${PYTHONPATH} /usr/bin/cmake /home/hzc/linux/ros2/stu/ws01_plubming/src/cpp01_topic -DCMAKE_INSTALL_PREFIX=/home/hzc/linux/ros2/stu/ws01_plubming/install/cpp01_topic
[-1784011437851195392.000s] DEBUG:colcon.colcon_core.event_handler.log_command:Invoking command in '/home/hzc/linux/ros2/stu/ws01_plubming/build/cpp01_topic': AMENT_PREFIX_PATH=/home/hzc/linux/ros2/stu/ws01_plubming/install/base_interfeces:${AMENT_PREFIX_PATH} CMAKE_PREFIX_PATH=/home/hzc/linux/ros2/stu/ws01_plubming/install/base_interfeces:/opt/ros/lyrical/opt/gz_sim_vendor:/opt/ros/lyrical/opt/gz_sensors_vendor:/opt/ros/lyrical/opt/gz_gui_vendor:/opt/ros/lyrical/opt/gz_transport_vendor:/opt/ros/lyrical/opt/gz_physics_vendor:/opt/ros/lyrical/opt/sdformat_vendor:/opt/ros/lyrical/opt/gz_rendering_vendor:/opt/ros/lyrical/opt/gz_plugin_vendor:/opt/ros/lyrical/opt/gz_fuel_tools_vendor:/opt/ros/lyrical/opt/gz_msgs_vendor:/opt/ros/lyrical/opt/gz_common_vendor:/opt/ros/lyrical/opt/gz_math_vendor:/opt/ros/lyrical/opt/gz_utils_vendor:/opt/ros/lyrical/opt/gz_tools_vendor:/opt/ros/lyrical/opt/gz_ogre_next_vendor:/opt/ros/lyrical/opt/gz_dartsim_vendor:/opt/ros/lyrical/opt/gz_cmake_vendor:/opt/ros/lyrical DEBUGINFOD_URLS=https://debuginfod.ubuntu.com LD_LIBRARY_PATH=/home/hzc/linux/ros2/stu/ws01_plubming/install/base_interfeces/lib:${LD_LIBRARY_PATH} PYTHONPATH=/home/hzc/linux/ros2/stu/ws01_plubming/install/base_interfeces/lib/python3.14/site-packages:${PYTHONPATH} /usr/bin/cmake --build /home/hzc/linux/ros2/stu/ws01_plubming/build/cpp01_topic -- -j16 -l16
[-1784011437851195392.000s] Level 1:colcon.colcon_core.environment:checking '/home/hzc/linux/ros2/stu/ws01_plubming/install/py03_action' for CMake module files
[-1784011437851195392.000s] DEBUG:colcon.colcon_core.event_handler.log_command:Invoked command in '/home/hzc/linux/ros2/stu/ws01_plubming/src/py03_action' returned '0': AMENT_PREFIX_PATH=/home/hzc/linux/ros2/stu/ws01_plubming/install/base_interfeces:${AMENT_PREFIX_PATH} CMAKE_PREFIX_PATH=/home/hzc/linux/ros2/stu/ws01_plubming/install/base_interfeces:${CMAKE_PREFIX_PATH} DEBUGINFOD_URLS=https://debuginfod.ubuntu.com LD_LIBRARY_PATH=/home/hzc/linux/ros2/stu/ws01_plubming/install/base_interfeces/lib:${LD_LIBRARY_PATH} PYTHONPATH=/home/hzc/linux/ros2/stu/ws01_plubming/build/py03_action/prefix_override:/usr/lib/python3/dist-packages/colcon_core/task/python/colcon_distutils_commands:/home/hzc/linux/ros2/stu/ws01_plubming/install/py03_action/lib/python3.14/site-packages:/home/hzc/linux/ros2/stu/ws01_plubming/install/base_interfeces/lib/python3.14/site-packages:${PYTHONPATH} /usr/bin/python3 -W ignore:setup.py install is deprecated -W ignore:easy_install command is deprecated setup.py egg_info --egg-base ../../build/py03_action build --build-base /home/hzc/linux/ros2/stu/ws01_plubming/build/py03_action/build install --record /home/hzc/linux/ros2/stu/ws01_plubming/build/py03_action/install.log --single-version-externally-managed install_data
[-1784011437851195392.000s] Level 1:colcon.colcon_core.environment:checking '/home/hzc/linux/ros2/stu/ws01_plubming/install/py03_action' for CMake config files
[-1784011437851195392.000s] Level 1:colcon.colcon_core.environment:checking '/home/hzc/linux/ros2/stu/ws01_plubming/install/py03_action/lib'
[-1784011437851195392.000s] Level 1:colcon.colcon_core.environment:checking '/home/hzc/linux/ros2/stu/ws01_plubming/install/py03_action/bin'
[-1784011437851195392.000s] Level 1:colcon.colcon_core.environment:checking '/home/hzc/linux/ros2/stu/ws01_plubming/install/py03_action/lib/pkgconfig/py03_action.pc'
[-1784011437851195392.000s] Level 1:colcon.colcon_core.environment:checking '/home/hzc/linux/ros2/stu/ws01_plubming/install/py03_action/lib/python3.14/site-packages'
[-1784011437851195392.000s] Level 1:colcon.colcon_core.shell:create_environment_hook('py03_action', 'pythonpath')
[-1784011437851195392.000s] INFO:colcon.colcon_core.shell:Creating environment hook '/home/hzc/linux/ros2/stu/ws01_plubming/install/py03_action/share/py03_action/hook/pythonpath.ps1'
[-1784011437851195392.000s] INFO:colcon.colcon_core.shell:Creating environment descriptor '/home/hzc/linux/ros2/stu/ws01_plubming/install/py03_action/share/py03_action/hook/pythonpath.dsv'
[-1784011437851195392.000s] INFO:colcon.colcon_core.shell:Creating environment hook '/home/hzc/linux/ros2/stu/ws01_plubming/install/py03_action/share/py03_action/hook/pythonpath.sh'
[-1784011437851195392.000s] Level 1:colcon.colcon_core.environment:checking '/home/hzc/linux/ros2/stu/ws01_plubming/install/py03_action/bin'
[-1784011437851195392.000s] Level 1:colcon.colcon_core.environment:create_environment_scripts_only(py03_action)
[-1784011437851195392.000s] INFO:colcon.colcon_core.shell:Creating package script '/home/hzc/linux/ros2/stu/ws01_plubming/install/py03_action/share/py03_action/package.ps1'
[-1784011437851195392.000s] INFO:colcon.colcon_core.shell:Creating package descriptor '/home/hzc/linux/ros2/stu/ws01_plubming/install/py03_action/share/py03_action/package.dsv'
[-1784011437851195392.000s] INFO:colcon.colcon_core.shell:Creating package script '/home/hzc/linux/ros2/stu/ws01_plubming/install/py03_action/share/py03_action/package.sh'
[-1784011437851195392.000s] INFO:colcon.colcon_core.shell:Creating package script '/home/hzc/linux/ros2/stu/ws01_plubming/install/py03_action/share/py03_action/package.bash'
[-1784011437851195392.000s] INFO:colcon.colcon_core.shell:Creating package script '/home/hzc/linux/ros2/stu/ws01_plubming/install/py03_action/share/py03_action/package.zsh'
[-1784011437851195392.000s] Level 1:colcon.colcon_core.environment:create_file_with_runtime_dependencies(/home/hzc/linux/ros2/stu/ws01_plubming/install/py03_action/share/colcon-core/packages/py03_action)
[-1784011437851195392.000s] Level 1:colcon.colcon_core.environment:checking '/home/hzc/linux/ros2/stu/ws01_plubming/install/py01_topic' for CMake module files
[-1784011437851195392.000s] DEBUG:colcon.colcon_core.event_handler.log_command:Invoked command in '/home/hzc/linux/ros2/stu/ws01_plubming/src/py01_topic' returned '0': AMENT_PREFIX_PATH=/home/hzc/linux/ros2/stu/ws01_plubming/install/base_interfeces:${AMENT_PREFIX_PATH} CMAKE_PREFIX_PATH=/home/hzc/linux/ros2/stu/ws01_plubming/install/base_interfeces:${CMAKE_PREFIX_PATH} DEBUGINFOD_URLS=https://debuginfod.ubuntu.com LD_LIBRARY_PATH=/home/hzc/linux/ros2/stu/ws01_plubming/install/base_interfeces/lib:${LD_LIBRARY_PATH} PYTHONPATH=/home/hzc/linux/ros2/stu/ws01_plubming/build/py01_topic/prefix_override:/usr/lib/python3/dist-packages/colcon_core/task/python/colcon_distutils_commands:/home/hzc/linux/ros2/stu/ws01_plubming/install/py01_topic/lib/python3.14/site-packages:/home/hzc/linux/ros2/stu/ws01_plubming/install/base_interfeces/lib/python3.14/site-packages:${PYTHONPATH} /usr/bin/python3 -W ignore:setup.py install is deprecated -W ignore:easy_install command is deprecated setup.py egg_info --egg-base ../../build/py01_topic build --build-base /home/hzc/linux/ros2/stu/ws01_plubming/build/py01_topic/build install --record /home/hzc/linux/ros2/stu/ws01_plubming/build/py01_topic/install.log --single-version-externally-managed install_data
[-1784011437851195392.000s] Level 1:colcon.colcon_core.environment:checking '/home/hzc/linux/ros2/stu/ws01_plubming/install/py01_topic' for CMake config files
[-1784011437851195392.000s] Level 1:colcon.colcon_core.environment:checking '/home/hzc/linux/ros2/stu/ws01_plubming/install/py01_topic/lib'
[-1784011437851195392.000s] Level 1:colcon.colcon_core.environment:checking '/home/hzc/linux/ros2/stu/ws01_plubming/install/py01_topic/bin'
[-1784011437851195392.000s] Level 1:colcon.colcon_core.environment:checking '/home/hzc/linux/ros2/stu/ws01_plubming/install/py01_topic/lib/pkgconfig/py01_topic.pc'
[-1784011437851195392.000s] Level 1:colcon.colcon_core.environment:checking '/home/hzc/linux/ros2/stu/ws01_plubming/install/py01_topic/lib/python3.14/site-packages'
[-1784011437851195392.000s] Level 1:colcon.colcon_core.shell:create_environment_hook('py01_topic', 'pythonpath')
[-1784011437851195392.000s] INFO:colcon.colcon_core.shell:Creating environment hook '/home/hzc/linux/ros2/stu/ws01_plubming/install/py01_topic/share/py01_topic/hook/pythonpath.ps1'
[-1784011437851195392.000s] INFO:colcon.colcon_core.shell:Creating environment descriptor '/home/hzc/linux/ros2/stu/ws01_plubming/install/py01_topic/share/py01_topic/hook/pythonpath.dsv'
[-1784011437851195392.000s] INFO:colcon.colcon_core.shell:Creating environment hook '/home/hzc/linux/ros2/stu/ws01_plubming/install/py01_topic/share/py01_topic/hook/pythonpath.sh'
[-1784011437851195392.000s] Level 1:colcon.colcon_core.environment:checking '/home/hzc/linux/ros2/stu/ws01_plubming/install/py01_topic/bin'
[-1784011437851195392.000s] Level 1:colcon.colcon_core.environment:create_environment_scripts_only(py01_topic)
[-1784011437851195392.000s] INFO:colcon.colcon_core.shell:Creating package script '/home/hzc/linux/ros2/stu/ws01_plubming/install/py01_topic/share/py01_topic/package.ps1'
[-1784011437851195392.000s] INFO:colcon.colcon_core.shell:Creating package descriptor '/home/hzc/linux/ros2/stu/ws01_plubming/install/py01_topic/share/py01_topic/package.dsv'
[-1784011437851195392.000s] INFO:colcon.colcon_core.shell:Creating package script '/home/hzc/linux/ros2/stu/ws01_plubming/install/py01_topic/share/py01_topic/package.sh'
[-1784011437851195392.000s] INFO:colcon.colcon_core.shell:Creating package script '/home/hzc/linux/ros2/stu/ws01_plubming/install/py01_topic/share/py01_topic/package.bash'
[-1784011437851195392.000s] INFO:colcon.colcon_core.shell:Creating package script '/home/hzc/linux/ros2/stu/ws01_plubming/install/py01_topic/share/py01_topic/package.zsh'
[-1784011437851195392.000s] Level 1:colcon.colcon_core.environment:create_file_with_runtime_dependencies(/home/hzc/linux/ros2/stu/ws01_plubming/install/py01_topic/share/colcon-core/packages/py01_topic)
[-1784011437851195392.000s] Level 1:colcon.colcon_core.environment:checking '/home/hzc/linux/ros2/stu/ws01_plubming/install/py02_seriver' for CMake module files
[-1784011437851195392.000s] Level 1:colcon.colcon_core.environment:checking '/home/hzc/linux/ros2/stu/ws01_plubming/install/py02_seriver' for CMake config files
[-1784011437851195392.000s] DEBUG:colcon.colcon_core.event_handler.log_command:Invoked command in '/home/hzc/linux/ros2/stu/ws01_plubming/src/py02_seriver' returned '0': AMENT_PREFIX_PATH=/home/hzc/linux/ros2/stu/ws01_plubming/install/base_interfeces:${AMENT_PREFIX_PATH} CMAKE_PREFIX_PATH=/home/hzc/linux/ros2/stu/ws01_plubming/install/base_interfeces:${CMAKE_PREFIX_PATH} DEBUGINFOD_URLS=https://debuginfod.ubuntu.com LD_LIBRARY_PATH=/home/hzc/linux/ros2/stu/ws01_plubming/install/base_interfeces/lib:${LD_LIBRARY_PATH} PYTHONPATH=/home/hzc/linux/ros2/stu/ws01_plubming/build/py02_seriver/prefix_override:/usr/lib/python3/dist-packages/colcon_core/task/python/colcon_distutils_commands:/home/hzc/linux/ros2/stu/ws01_plubming/install/py02_seriver/lib/python3.14/site-packages:/home/hzc/linux/ros2/stu/ws01_plubming/install/base_interfeces/lib/python3.14/site-packages:${PYTHONPATH} /usr/bin/python3 -W ignore:setup.py install is deprecated -W ignore:easy_install command is deprecated setup.py egg_info --egg-base ../../build/py02_seriver build --build-base /home/hzc/linux/ros2/stu/ws01_plubming/build/py02_seriver/build install --record /home/hzc/linux/ros2/stu/ws01_plubming/build/py02_seriver/install.log --single-version-externally-managed install_data
[-1784011437851195392.000s] Level 1:colcon.colcon_core.environment:checking '/home/hzc/linux/ros2/stu/ws01_plubming/install/py02_seriver/lib'
[-1784011437851195392.000s] Level 1:colcon.colcon_core.environment:checking '/home/hzc/linux/ros2/stu/ws01_plubming/install/py02_seriver/bin'
[-1784011437851195392.000s] Level 1:colcon.colcon_core.environment:checking '/home/hzc/linux/ros2/stu/ws01_plubming/install/py02_seriver/lib/pkgconfig/py02_seriver.pc'
[-1784011437851195392.000s] Level 1:colcon.colcon_core.environment:checking '/home/hzc/linux/ros2/stu/ws01_plubming/install/py02_seriver/lib/python3.14/site-packages'
[-1784011437851195392.000s] Level 1:colcon.colcon_core.shell:create_environment_hook('py02_seriver', 'pythonpath')
[-1784011437851195392.000s] INFO:colcon.colcon_core.shell:Creating environment hook '/home/hzc/linux/ros2/stu/ws01_plubming/install/py02_seriver/share/py02_seriver/hook/pythonpath.ps1'
[-1784011437851195392.000s] INFO:colcon.colcon_core.shell:Creating environment descriptor '/home/hzc/linux/ros2/stu/ws01_plubming/install/py02_seriver/share/py02_seriver/hook/pythonpath.dsv'
[-1784011437851195392.000s] INFO:colcon.colcon_core.shell:Creating environment hook '/home/hzc/linux/ros2/stu/ws01_plubming/install/py02_seriver/share/py02_seriver/hook/pythonpath.sh'
[-1784011437851195392.000s] Level 1:colcon.colcon_core.environment:checking '/home/hzc/linux/ros2/stu/ws01_plubming/install/py02_seriver/bin'
[-1784011437851195392.000s] Level 1:colcon.colcon_core.environment:create_environment_scripts_only(py02_seriver)
[-1784011437851195392.000s] INFO:colcon.colcon_core.shell:Creating package script '/home/hzc/linux/ros2/stu/ws01_plubming/install/py02_seriver/share/py02_seriver/package.ps1'
[-1784011437851195392.000s] INFO:colcon.colcon_core.shell:Creating package descriptor '/home/hzc/linux/ros2/stu/ws01_plubming/install/py02_seriver/share/py02_seriver/package.dsv'
[-1784011437851195392.000s] INFO:colcon.colcon_core.shell:Creating package script '/home/hzc/linux/ros2/stu/ws01_plubming/install/py02_seriver/share/py02_seriver/package.sh'
[-1784011437851195392.000s] INFO:colcon.colcon_core.shell:Creating package script '/home/hzc/linux/ros2/stu/ws01_plubming/install/py02_seriver/share/py02_seriver/package.bash'
[-1784011437851195392.000s] INFO:colcon.colcon_core.shell:Creating package script '/home/hzc/linux/ros2/stu/ws01_plubming/install/py02_seriver/share/py02_seriver/package.zsh'
[-1784011437851195392.000s] Level 1:colcon.colcon_core.environment:create_file_with_runtime_dependencies(/home/hzc/linux/ros2/stu/ws01_plubming/install/py02_seriver/share/colcon-core/packages/py02_seriver)
[-1784011437851195392.000s] DEBUG:colcon.colcon_core.event_handler.log_command:Invoked command in '/home/hzc/linux/ros2/stu/ws01_plubming/build/cpp04_param' returned '0': CMAKE_PREFIX_PATH=${CMAKE_PREFIX_PATH}:/opt/ros/lyrical DEBUGINFOD_URLS=https://debuginfod.ubuntu.com /usr/bin/cmake --build /home/hzc/linux/ros2/stu/ws01_plubming/build/cpp04_param -- -j16 -l16
[-1784011437851195392.000s] DEBUG:colcon.colcon_core.event_handler.log_command:Invoking command in '/home/hzc/linux/ros2/stu/ws01_plubming/build/cpp04_param': CMAKE_PREFIX_PATH=${CMAKE_PREFIX_PATH}:/opt/ros/lyrical DEBUGINFOD_URLS=https://debuginfod.ubuntu.com /usr/bin/cmake --install /home/hzc/linux/ros2/stu/ws01_plubming/build/cpp04_param
[-1784011437851195392.000s] Level 1:colcon.colcon_core.environment:create_environment_scripts_only(cpp04_param)
[-1784011437851195392.000s] DEBUG:colcon.colcon_core.event_handler.log_command:Invoked command in '/home/hzc/linux/ros2/stu/ws01_plubming/build/cpp04_param' returned '0': CMAKE_PREFIX_PATH=${CMAKE_PREFIX_PATH}:/opt/ros/lyrical DEBUGINFOD_URLS=https://debuginfod.ubuntu.com /usr/bin/cmake --install /home/hzc/linux/ros2/stu/ws01_plubming/build/cpp04_param
[-1784011437851195392.000s] Level 1:colcon.colcon_core.environment:checking '/home/hzc/linux/ros2/stu/ws01_plubming/install/cpp04_param' for CMake module files
[-1784011437851195392.000s] Level 1:colcon.colcon_core.environment:checking '/home/hzc/linux/ros2/stu/ws01_plubming/install/cpp04_param' for CMake config files
[-1784011437851195392.000s] Level 1:colcon.colcon_core.shell:create_environment_hook('cpp04_param', 'cmake_prefix_path')
[-1784011437851195392.000s] INFO:colcon.colcon_core.shell:Creating environment hook '/home/hzc/linux/ros2/stu/ws01_plubming/install/cpp04_param/share/cpp04_param/hook/cmake_prefix_path.ps1'
[-1784011437851195392.000s] INFO:colcon.colcon_core.shell:Creating environment descriptor '/home/hzc/linux/ros2/stu/ws01_plubming/install/cpp04_param/share/cpp04_param/hook/cmake_prefix_path.dsv'
[-1784011437851195392.000s] INFO:colcon.colcon_core.shell:Creating environment hook '/home/hzc/linux/ros2/stu/ws01_plubming/install/cpp04_param/share/cpp04_param/hook/cmake_prefix_path.sh'
[-1784011437851195392.000s] Level 1:colcon.colcon_core.environment:checking '/home/hzc/linux/ros2/stu/ws01_plubming/install/cpp04_param/lib'
[-1784011437851195392.000s] Level 1:colcon.colcon_core.environment:checking '/home/hzc/linux/ros2/stu/ws01_plubming/install/cpp04_param/bin'
[-1784011437851195392.000s] Level 1:colcon.colcon_core.environment:checking '/home/hzc/linux/ros2/stu/ws01_plubming/install/cpp04_param/lib/pkgconfig/cpp04_param.pc'
[-1784011437851195392.000s] Level 1:colcon.colcon_core.environment:checking '/home/hzc/linux/ros2/stu/ws01_plubming/install/cpp04_param/lib/python3.14/site-packages'
[-1784011437851195392.000s] Level 1:colcon.colcon_core.environment:checking '/home/hzc/linux/ros2/stu/ws01_plubming/install/cpp04_param/bin'
[-1784011437851195392.000s] INFO:colcon.colcon_core.shell:Creating package script '/home/hzc/linux/ros2/stu/ws01_plubming/install/cpp04_param/share/cpp04_param/package.ps1'
[-1784011437851195392.000s] INFO:colcon.colcon_core.shell:Creating package descriptor '/home/hzc/linux/ros2/stu/ws01_plubming/install/cpp04_param/share/cpp04_param/package.dsv'
[-1784011437851195392.000s] INFO:colcon.colcon_core.shell:Creating package script '/home/hzc/linux/ros2/stu/ws01_plubming/install/cpp04_param/share/cpp04_param/package.sh'
[-1784011437851195392.000s] INFO:colcon.colcon_core.shell:Creating package script '/home/hzc/linux/ros2/stu/ws01_plubming/install/cpp04_param/share/cpp04_param/package.bash'
[-1784011437851195392.000s] INFO:colcon.colcon_core.shell:Creating package script '/home/hzc/linux/ros2/stu/ws01_plubming/install/cpp04_param/share/cpp04_param/package.zsh'
[-1784011437851195392.000s] Level 1:colcon.colcon_core.environment:create_file_with_runtime_dependencies(/home/hzc/linux/ros2/stu/ws01_plubming/install/cpp04_param/share/colcon-core/packages/cpp04_param)
[-1784011437851195392.000s] Level 1:colcon.colcon_core.environment:create_environment_scripts_only(cpp04_param)
[-1784011437851195392.000s] Level 1:colcon.colcon_core.environment:checking '/home/hzc/linux/ros2/stu/ws01_plubming/install/cpp04_param' for CMake module files
[-1784011437851195392.000s] Level 1:colcon.colcon_core.environment:checking '/home/hzc/linux/ros2/stu/ws01_plubming/install/cpp04_param' for CMake config files
[-1784011437851195392.000s] Level 1:colcon.colcon_core.shell:create_environment_hook('cpp04_param', 'cmake_prefix_path')
[-1784011437851195392.000s] INFO:colcon.colcon_core.shell:Creating environment hook '/home/hzc/linux/ros2/stu/ws01_plubming/install/cpp04_param/share/cpp04_param/hook/cmake_prefix_path.ps1'
[-1784011437851195392.000s] INFO:colcon.colcon_core.shell:Creating environment descriptor '/home/hzc/linux/ros2/stu/ws01_plubming/install/cpp04_param/share/cpp04_param/hook/cmake_prefix_path.dsv'
[-1784011437851195392.000s] INFO:colcon.colcon_core.shell:Creating environment hook '/home/hzc/linux/ros2/stu/ws01_plubming/install/cpp04_param/share/cpp04_param/hook/cmake_prefix_path.sh'
[-1784011437851195392.000s] Level 1:colcon.colcon_core.environment:checking '/home/hzc/linux/ros2/stu/ws01_plubming/install/cpp04_param/lib'
[-1784011437851195392.000s] Level 1:colcon.colcon_core.environment:checking '/home/hzc/linux/ros2/stu/ws01_plubming/install/cpp04_param/bin'
[-1784011437851195392.000s] Level 1:colcon.colcon_core.environment:checking '/home/hzc/linux/ros2/stu/ws01_plubming/install/cpp04_param/lib/pkgconfig/cpp04_param.pc'
[-1784011437851195392.000s] Level 1:colcon.colcon_core.environment:checking '/home/hzc/linux/ros2/stu/ws01_plubming/install/cpp04_param/lib/python3.14/site-packages'
[-1784011437851195392.000s] Level 1:colcon.colcon_core.environment:checking '/home/hzc/linux/ros2/stu/ws01_plubming/install/cpp04_param/bin'
[-1784011437851195392.000s] INFO:colcon.colcon_core.shell:Creating package script '/home/hzc/linux/ros2/stu/ws01_plubming/install/cpp04_param/share/cpp04_param/package.ps1'
[-1784011437851195392.000s] INFO:colcon.colcon_core.shell:Creating package descriptor '/home/hzc/linux/ros2/stu/ws01_plubming/install/cpp04_param/share/cpp04_param/package.dsv'
[-1784011437851195392.000s] INFO:colcon.colcon_core.shell:Creating package script '/home/hzc/linux/ros2/stu/ws01_plubming/install/cpp04_param/share/cpp04_param/package.sh'
[-1784011437851195392.000s] INFO:colcon.colcon_core.shell:Creating package script '/home/hzc/linux/ros2/stu/ws01_plubming/install/cpp04_param/share/cpp04_param/package.bash'
[-1784011437851195392.000s] INFO:colcon.colcon_core.shell:Creating package script '/home/hzc/linux/ros2/stu/ws01_plubming/install/cpp04_param/share/cpp04_param/package.zsh'
[-1784011437851195392.000s] Level 1:colcon.colcon_core.environment:create_file_with_runtime_dependencies(/home/hzc/linux/ros2/stu/ws01_plubming/install/cpp04_param/share/colcon-core/packages/cpp04_param)
[-1784011437851195392.000s] DEBUG:colcon.colcon_core.event_handler.log_command:Invoked command in '/home/hzc/linux/ros2/stu/ws01_plubming/build/cpp02_service' returned '0': CMAKE_PREFIX_PATH=${CMAKE_PREFIX_PATH}:/opt/ros/lyrical DEBUGINFOD_URLS=https://debuginfod.ubuntu.com /usr/bin/cmake --build /home/hzc/linux/ros2/stu/ws01_plubming/build/cpp02_service -- -j16 -l16
[-1784011437851195392.000s] DEBUG:colcon.colcon_core.event_handler.log_command:Invoking command in '/home/hzc/linux/ros2/stu/ws01_plubming/build/cpp02_service': CMAKE_PREFIX_PATH=${CMAKE_PREFIX_PATH}:/opt/ros/lyrical DEBUGINFOD_URLS=https://debuginfod.ubuntu.com /usr/bin/cmake --install /home/hzc/linux/ros2/stu/ws01_plubming/build/cpp02_service
[-1784011437851195392.000s] Level 1:colcon.colcon_core.environment:create_environment_scripts_only(cpp02_service)
[-1784011437851195392.000s] Level 1:colcon.colcon_core.environment:checking '/home/hzc/linux/ros2/stu/ws01_plubming/install/cpp02_service' for CMake module files
[-1784011437851195392.000s] DEBUG:colcon.colcon_core.event_handler.log_command:Invoked command in '/home/hzc/linux/ros2/stu/ws01_plubming/build/cpp02_service' returned '0': CMAKE_PREFIX_PATH=${CMAKE_PREFIX_PATH}:/opt/ros/lyrical DEBUGINFOD_URLS=https://debuginfod.ubuntu.com /usr/bin/cmake --install /home/hzc/linux/ros2/stu/ws01_plubming/build/cpp02_service
[-1784011437851195392.000s] Level 1:colcon.colcon_core.environment:checking '/home/hzc/linux/ros2/stu/ws01_plubming/install/cpp02_service' for CMake config files
[-1784011437851195392.000s] Level 1:colcon.colcon_core.shell:create_environment_hook('cpp02_service', 'cmake_prefix_path')
[-1784011437851195392.000s] INFO:colcon.colcon_core.shell:Creating environment hook '/home/hzc/linux/ros2/stu/ws01_plubming/install/cpp02_service/share/cpp02_service/hook/cmake_prefix_path.ps1'
[-1784011437851195392.000s] INFO:colcon.colcon_core.shell:Creating environment descriptor '/home/hzc/linux/ros2/stu/ws01_plubming/install/cpp02_service/share/cpp02_service/hook/cmake_prefix_path.dsv'
[-1784011437851195392.000s] INFO:colcon.colcon_core.shell:Creating environment hook '/home/hzc/linux/ros2/stu/ws01_plubming/install/cpp02_service/share/cpp02_service/hook/cmake_prefix_path.sh'
[-1784011437851195392.000s] Level 1:colcon.colcon_core.environment:checking '/home/hzc/linux/ros2/stu/ws01_plubming/install/cpp02_service/lib'
[-1784011437851195392.000s] Level 1:colcon.colcon_core.environment:checking '/home/hzc/linux/ros2/stu/ws01_plubming/install/cpp02_service/bin'
[-1784011437851195392.000s] Level 1:colcon.colcon_core.environment:checking '/home/hzc/linux/ros2/stu/ws01_plubming/install/cpp02_service/lib/pkgconfig/cpp02_service.pc'
[-1784011437851195392.000s] Level 1:colcon.colcon_core.environment:checking '/home/hzc/linux/ros2/stu/ws01_plubming/install/cpp02_service/lib/python3.14/site-packages'
[-1784011437851195392.000s] Level 1:colcon.colcon_core.environment:checking '/home/hzc/linux/ros2/stu/ws01_plubming/install/cpp02_service/bin'
[-1784011437851195392.000s] INFO:colcon.colcon_core.shell:Creating package script '/home/hzc/linux/ros2/stu/ws01_plubming/install/cpp02_service/share/cpp02_service/package.ps1'
[-1784011437851195392.000s] INFO:colcon.colcon_core.shell:Creating package descriptor '/home/hzc/linux/ros2/stu/ws01_plubming/install/cpp02_service/share/cpp02_service/package.dsv'
[-1784011437851195392.000s] INFO:colcon.colcon_core.shell:Creating package script '/home/hzc/linux/ros2/stu/ws01_plubming/install/cpp02_service/share/cpp02_service/package.sh'
[-1784011437851195392.000s] INFO:colcon.colcon_core.shell:Creating package script '/home/hzc/linux/ros2/stu/ws01_plubming/install/cpp02_service/share/cpp02_service/package.bash'
[-1784011437851195392.000s] INFO:colcon.colcon_core.shell:Creating package script '/home/hzc/linux/ros2/stu/ws01_plubming/install/cpp02_service/share/cpp02_service/package.zsh'
[-1784011437851195392.000s] Level 1:colcon.colcon_core.environment:create_file_with_runtime_dependencies(/home/hzc/linux/ros2/stu/ws01_plubming/install/cpp02_service/share/colcon-core/packages/cpp02_service)
[-1784011437851195392.000s] Level 1:colcon.colcon_core.environment:create_environment_scripts_only(cpp02_service)
[-1784011437851195392.000s] Level 1:colcon.colcon_core.environment:checking '/home/hzc/linux/ros2/stu/ws01_plubming/install/cpp02_service' for CMake module files
[-1784011437851195392.000s] Level 1:colcon.colcon_core.environment:checking '/home/hzc/linux/ros2/stu/ws01_plubming/install/cpp02_service' for CMake config files
[-1784011437851195392.000s] Level 1:colcon.colcon_core.shell:create_environment_hook('cpp02_service', 'cmake_prefix_path')
[-1784011437851195392.000s] INFO:colcon.colcon_core.shell:Creating environment hook '/home/hzc/linux/ros2/stu/ws01_plubming/install/cpp02_service/share/cpp02_service/hook/cmake_prefix_path.ps1'
[-1784011437851195392.000s] INFO:colcon.colcon_core.shell:Creating environment descriptor '/home/hzc/linux/ros2/stu/ws01_plubming/install/cpp02_service/share/cpp02_service/hook/cmake_prefix_path.dsv'
[-1784011437851195392.000s] INFO:colcon.colcon_core.shell:Creating environment hook '/home/hzc/linux/ros2/stu/ws01_plubming/install/cpp02_service/share/cpp02_service/hook/cmake_prefix_path.sh'
[-1784011437851195392.000s] Level 1:colcon.colcon_core.environment:checking '/home/hzc/linux/ros2/stu/ws01_plubming/install/cpp02_service/lib'
[-1784011437851195392.000s] Level 1:colcon.colcon_core.environment:checking '/home/hzc/linux/ros2/stu/ws01_plubming/install/cpp02_service/bin'
[-1784011437851195392.000s] Level 1:colcon.colcon_core.environment:checking '/home/hzc/linux/ros2/stu/ws01_plubming/install/cpp02_service/lib/pkgconfig/cpp02_service.pc'
[-1784011437851195392.000s] Level 1:colcon.colcon_core.environment:checking '/home/hzc/linux/ros2/stu/ws01_plubming/install/cpp02_service/lib/python3.14/site-packages'
[-1784011437851195392.000s] Level 1:colcon.colcon_core.environment:checking '/home/hzc/linux/ros2/stu/ws01_plubming/install/cpp02_service/bin'
[-1784011437851195392.000s] INFO:colcon.colcon_core.shell:Creating package script '/home/hzc/linux/ros2/stu/ws01_plubming/install/cpp02_service/share/cpp02_service/package.ps1'
[-1784011437851195392.000s] INFO:colcon.colcon_core.shell:Creating package descriptor '/home/hzc/linux/ros2/stu/ws01_plubming/install/cpp02_service/share/cpp02_service/package.dsv'
[-1784011437851195392.000s] INFO:colcon.colcon_core.shell:Creating package script '/home/hzc/linux/ros2/stu/ws01_plubming/install/cpp02_service/share/cpp02_service/package.sh'
[-1784011437851195392.000s] INFO:colcon.colcon_core.shell:Creating package script '/home/hzc/linux/ros2/stu/ws01_plubming/install/cpp02_service/share/cpp02_service/package.bash'
[-1784011437851195392.000s] INFO:colcon.colcon_core.shell:Creating package script '/home/hzc/linux/ros2/stu/ws01_plubming/install/cpp02_service/share/cpp02_service/package.zsh'
[-1784011437851195392.000s] Level 1:colcon.colcon_core.environment:create_file_with_runtime_dependencies(/home/hzc/linux/ros2/stu/ws01_plubming/install/cpp02_service/share/colcon-core/packages/cpp02_service)
[-1784011437851195392.000s] DEBUG:colcon.colcon_core.event_handler.log_command:Invoked command in '/home/hzc/linux/ros2/stu/ws01_plubming/build/cpp03_action' returned '0': AMENT_PREFIX_PATH=/home/hzc/linux/ros2/stu/ws01_plubming/install/base_interfeces:${AMENT_PREFIX_PATH} CMAKE_PREFIX_PATH=/home/hzc/linux/ros2/stu/ws01_plubming/install/base_interfeces:/opt/ros/lyrical/opt/gz_sim_vendor:/opt/ros/lyrical/opt/gz_sensors_vendor:/opt/ros/lyrical/opt/gz_gui_vendor:/opt/ros/lyrical/opt/gz_transport_vendor:/opt/ros/lyrical/opt/gz_physics_vendor:/opt/ros/lyrical/opt/sdformat_vendor:/opt/ros/lyrical/opt/gz_rendering_vendor:/opt/ros/lyrical/opt/gz_plugin_vendor:/opt/ros/lyrical/opt/gz_fuel_tools_vendor:/opt/ros/lyrical/opt/gz_msgs_vendor:/opt/ros/lyrical/opt/gz_common_vendor:/opt/ros/lyrical/opt/gz_math_vendor:/opt/ros/lyrical/opt/gz_utils_vendor:/opt/ros/lyrical/opt/gz_tools_vendor:/opt/ros/lyrical/opt/gz_ogre_next_vendor:/opt/ros/lyrical/opt/gz_dartsim_vendor:/opt/ros/lyrical/opt/gz_cmake_vendor:/opt/ros/lyrical DEBUGINFOD_URLS=https://debuginfod.ubuntu.com LD_LIBRARY_PATH=/home/hzc/linux/ros2/stu/ws01_plubming/install/base_interfeces/lib:${LD_LIBRARY_PATH} PYTHONPATH=/home/hzc/linux/ros2/stu/ws01_plubming/install/base_interfeces/lib/python3.14/site-packages:${PYTHONPATH} /usr/bin/cmake --build /home/hzc/linux/ros2/stu/ws01_plubming/build/cpp03_action -- -j16 -l16
[-1784011437851195392.000s] DEBUG:colcon.colcon_core.event_handler.log_command:Invoking command in '/home/hzc/linux/ros2/stu/ws01_plubming/build/cpp03_action': AMENT_PREFIX_PATH=/home/hzc/linux/ros2/stu/ws01_plubming/install/base_interfeces:${AMENT_PREFIX_PATH} CMAKE_PREFIX_PATH=/home/hzc/linux/ros2/stu/ws01_plubming/install/base_interfeces:/opt/ros/lyrical/opt/gz_sim_vendor:/opt/ros/lyrical/opt/gz_sensors_vendor:/opt/ros/lyrical/opt/gz_gui_vendor:/opt/ros/lyrical/opt/gz_transport_vendor:/opt/ros/lyrical/opt/gz_physics_vendor:/opt/ros/lyrical/opt/sdformat_vendor:/opt/ros/lyrical/opt/gz_rendering_vendor:/opt/ros/lyrical/opt/gz_plugin_vendor:/opt/ros/lyrical/opt/gz_fuel_tools_vendor:/opt/ros/lyrical/opt/gz_msgs_vendor:/opt/ros/lyrical/opt/gz_common_vendor:/opt/ros/lyrical/opt/gz_math_vendor:/opt/ros/lyrical/opt/gz_utils_vendor:/opt/ros/lyrical/opt/gz_tools_vendor:/opt/ros/lyrical/opt/gz_ogre_next_vendor:/opt/ros/lyrical/opt/gz_dartsim_vendor:/opt/ros/lyrical/opt/gz_cmake_vendor:/opt/ros/lyrical DEBUGINFOD_URLS=https://debuginfod.ubuntu.com LD_LIBRARY_PATH=/home/hzc/linux/ros2/stu/ws01_plubming/install/base_interfeces/lib:${LD_LIBRARY_PATH} PYTHONPATH=/home/hzc/linux/ros2/stu/ws01_plubming/install/base_interfeces/lib/python3.14/site-packages:${PYTHONPATH} /usr/bin/cmake --install /home/hzc/linux/ros2/stu/ws01_plubming/build/cpp03_action
[-1784011437851195392.000s] Level 1:colcon.colcon_core.environment:create_environment_scripts_only(cpp03_action)
[-1784011437851195392.000s] Level 1:colcon.colcon_core.environment:checking '/home/hzc/linux/ros2/stu/ws01_plubming/install/cpp03_action' for CMake module files
[-1784011437851195392.000s] DEBUG:colcon.colcon_core.event_handler.log_command:Invoked command in '/home/hzc/linux/ros2/stu/ws01_plubming/build/cpp03_action' returned '0': AMENT_PREFIX_PATH=/home/hzc/linux/ros2/stu/ws01_plubming/install/base_interfeces:${AMENT_PREFIX_PATH} CMAKE_PREFIX_PATH=/home/hzc/linux/ros2/stu/ws01_plubming/install/base_interfeces:/opt/ros/lyrical/opt/gz_sim_vendor:/opt/ros/lyrical/opt/gz_sensors_vendor:/opt/ros/lyrical/opt/gz_gui_vendor:/opt/ros/lyrical/opt/gz_transport_vendor:/opt/ros/lyrical/opt/gz_physics_vendor:/opt/ros/lyrical/opt/sdformat_vendor:/opt/ros/lyrical/opt/gz_rendering_vendor:/opt/ros/lyrical/opt/gz_plugin_vendor:/opt/ros/lyrical/opt/gz_fuel_tools_vendor:/opt/ros/lyrical/opt/gz_msgs_vendor:/opt/ros/lyrical/opt/gz_common_vendor:/opt/ros/lyrical/opt/gz_math_vendor:/opt/ros/lyrical/opt/gz_utils_vendor:/opt/ros/lyrical/opt/gz_tools_vendor:/opt/ros/lyrical/opt/gz_ogre_next_vendor:/opt/ros/lyrical/opt/gz_dartsim_vendor:/opt/ros/lyrical/opt/gz_cmake_vendor:/opt/ros/lyrical DEBUGINFOD_URLS=https://debuginfod.ubuntu.com LD_LIBRARY_PATH=/home/hzc/linux/ros2/stu/ws01_plubming/install/base_interfeces/lib:${LD_LIBRARY_PATH} PYTHONPATH=/home/hzc/linux/ros2/stu/ws01_plubming/install/base_interfeces/lib/python3.14/site-packages:${PYTHONPATH} /usr/bin/cmake --install /home/hzc/linux/ros2/stu/ws01_plubming/build/cpp03_action
[-1784011437851195392.000s] Level 1:colcon.colcon_core.environment:checking '/home/hzc/linux/ros2/stu/ws01_plubming/install/cpp03_action' for CMake config files
[-1784011437851195392.000s] Level 1:colcon.colcon_core.shell:create_environment_hook('cpp03_action', 'cmake_prefix_path')
[-1784011437851195392.000s] INFO:colcon.colcon_core.shell:Creating environment hook '/home/hzc/linux/ros2/stu/ws01_plubming/install/cpp03_action/share/cpp03_action/hook/cmake_prefix_path.ps1'
[-1784011437851195392.000s] INFO:colcon.colcon_core.shell:Creating environment descriptor '/home/hzc/linux/ros2/stu/ws01_plubming/install/cpp03_action/share/cpp03_action/hook/cmake_prefix_path.dsv'
[-1784011437851195392.000s] INFO:colcon.colcon_core.shell:Creating environment hook '/home/hzc/linux/ros2/stu/ws01_plubming/install/cpp03_action/share/cpp03_action/hook/cmake_prefix_path.sh'
[-1784011437851195392.000s] Level 1:colcon.colcon_core.environment:checking '/home/hzc/linux/ros2/stu/ws01_plubming/install/cpp03_action/lib'
[-1784011437851195392.000s] Level 1:colcon.colcon_core.environment:checking '/home/hzc/linux/ros2/stu/ws01_plubming/install/cpp03_action/bin'
[-1784011437851195392.000s] Level 1:colcon.colcon_core.environment:checking '/home/hzc/linux/ros2/stu/ws01_plubming/install/cpp03_action/lib/pkgconfig/cpp03_action.pc'
[-1784011437851195392.000s] Level 1:colcon.colcon_core.environment:checking '/home/hzc/linux/ros2/stu/ws01_plubming/install/cpp03_action/lib/python3.14/site-packages'
[-1784011437851195392.000s] Level 1:colcon.colcon_core.environment:checking '/home/hzc/linux/ros2/stu/ws01_plubming/install/cpp03_action/bin'
[-1784011437851195392.000s] INFO:colcon.colcon_core.shell:Creating package script '/home/hzc/linux/ros2/stu/ws01_plubming/install/cpp03_action/share/cpp03_action/package.ps1'
[-1784011437851195392.000s] INFO:colcon.colcon_core.shell:Creating package descriptor '/home/hzc/linux/ros2/stu/ws01_plubming/install/cpp03_action/share/cpp03_action/package.dsv'
[-1784011437851195392.000s] INFO:colcon.colcon_core.shell:Creating package script '/home/hzc/linux/ros2/stu/ws01_plubming/install/cpp03_action/share/cpp03_action/package.sh'
[-1784011437851195392.000s] INFO:colcon.colcon_core.shell:Creating package script '/home/hzc/linux/ros2/stu/ws01_plubming/install/cpp03_action/share/cpp03_action/package.bash'
[-1784011437851195392.000s] INFO:colcon.colcon_core.shell:Creating package script '/home/hzc/linux/ros2/stu/ws01_plubming/install/cpp03_action/share/cpp03_action/package.zsh'
[-1784011437851195392.000s] Level 1:colcon.colcon_core.environment:create_file_with_runtime_dependencies(/home/hzc/linux/ros2/stu/ws01_plubming/install/cpp03_action/share/colcon-core/packages/cpp03_action)
[-1784011437851195392.000s] Level 1:colcon.colcon_core.environment:create_environment_scripts_only(cpp03_action)
[-1784011437851195392.000s] Level 1:colcon.colcon_core.environment:checking '/home/hzc/linux/ros2/stu/ws01_plubming/install/cpp03_action' for CMake module files
[-1784011437851195392.000s] Level 1:colcon.colcon_core.environment:checking '/home/hzc/linux/ros2/stu/ws01_plubming/install/cpp03_action' for CMake config files
[-1784011437851195392.000s] Level 1:colcon.colcon_core.shell:create_environment_hook('cpp03_action', 'cmake_prefix_path')
[-1784011437851195392.000s] INFO:colcon.colcon_core.shell:Creating environment hook '/home/hzc/linux/ros2/stu/ws01_plubming/install/cpp03_action/share/cpp03_action/hook/cmake_prefix_path.ps1'
[-1784011437851195392.000s] INFO:colcon.colcon_core.shell:Creating environment descriptor '/home/hzc/linux/ros2/stu/ws01_plubming/install/cpp03_action/share/cpp03_action/hook/cmake_prefix_path.dsv'
[-1784011437851195392.000s] INFO:colcon.colcon_core.shell:Creating environment hook '/home/hzc/linux/ros2/stu/ws01_plubming/install/cpp03_action/share/cpp03_action/hook/cmake_prefix_path.sh'
[-1784011437851195392.000s] Level 1:colcon.colcon_core.environment:checking '/home/hzc/linux/ros2/stu/ws01_plubming/install/cpp03_action/lib'
[-1784011437851195392.000s] Level 1:colcon.colcon_core.environment:checking '/home/hzc/linux/ros2/stu/ws01_plubming/install/cpp03_action/bin'
[-1784011437851195392.000s] Level 1:colcon.colcon_core.environment:checking '/home/hzc/linux/ros2/stu/ws01_plubming/install/cpp03_action/lib/pkgconfig/cpp03_action.pc'
[-1784011437851195392.000s] Level 1:colcon.colcon_core.environment:checking '/home/hzc/linux/ros2/stu/ws01_plubming/install/cpp03_action/lib/python3.14/site-packages'
[-1784011437851195392.000s] Level 1:colcon.colcon_core.environment:checking '/home/hzc/linux/ros2/stu/ws01_plubming/install/cpp03_action/bin'
[-1784011437851195392.000s] INFO:colcon.colcon_core.shell:Creating package script '/home/hzc/linux/ros2/stu/ws01_plubming/install/cpp03_action/share/cpp03_action/package.ps1'
[-1784011437851195392.000s] INFO:colcon.colcon_core.shell:Creating package descriptor '/home/hzc/linux/ros2/stu/ws01_plubming/install/cpp03_action/share/cpp03_action/package.dsv'
[-1784011437851195392.000s] INFO:colcon.colcon_core.shell:Creating package script '/home/hzc/linux/ros2/stu/ws01_plubming/install/cpp03_action/share/cpp03_action/package.sh'
[-1784011437851195392.000s] INFO:colcon.colcon_core.shell:Creating package script '/home/hzc/linux/ros2/stu/ws01_plubming/install/cpp03_action/share/cpp03_action/package.bash'
[-1784011437851195392.000s] INFO:colcon.colcon_core.shell:Creating package script '/home/hzc/linux/ros2/stu/ws01_plubming/install/cpp03_action/share/cpp03_action/package.zsh'
[-1784011437851195392.000s] Level 1:colcon.colcon_core.environment:create_file_with_runtime_dependencies(/home/hzc/linux/ros2/stu/ws01_plubming/install/cpp03_action/share/colcon-core/packages/cpp03_action)
[-1784011437851195392.000s] DEBUG:colcon.colcon_core.event_handler.log_command:Invoked command in '/home/hzc/linux/ros2/stu/ws01_plubming/build/cpp01_topic' returned '0': AMENT_PREFIX_PATH=/home/hzc/linux/ros2/stu/ws01_plubming/install/base_interfeces:${AMENT_PREFIX_PATH} CMAKE_PREFIX_PATH=/home/hzc/linux/ros2/stu/ws01_plubming/install/base_interfeces:/opt/ros/lyrical/opt/gz_sim_vendor:/opt/ros/lyrical/opt/gz_sensors_vendor:/opt/ros/lyrical/opt/gz_gui_vendor:/opt/ros/lyrical/opt/gz_transport_vendor:/opt/ros/lyrical/opt/gz_physics_vendor:/opt/ros/lyrical/opt/sdformat_vendor:/opt/ros/lyrical/opt/gz_rendering_vendor:/opt/ros/lyrical/opt/gz_plugin_vendor:/opt/ros/lyrical/opt/gz_fuel_tools_vendor:/opt/ros/lyrical/opt/gz_msgs_vendor:/opt/ros/lyrical/opt/gz_common_vendor:/opt/ros/lyrical/opt/gz_math_vendor:/opt/ros/lyrical/opt/gz_utils_vendor:/opt/ros/lyrical/opt/gz_tools_vendor:/opt/ros/lyrical/opt/gz_ogre_next_vendor:/opt/ros/lyrical/opt/gz_dartsim_vendor:/opt/ros/lyrical/opt/gz_cmake_vendor:/opt/ros/lyrical DEBUGINFOD_URLS=https://debuginfod.ubuntu.com LD_LIBRARY_PATH=/home/hzc/linux/ros2/stu/ws01_plubming/install/base_interfeces/lib:${LD_LIBRARY_PATH} PYTHONPATH=/home/hzc/linux/ros2/stu/ws01_plubming/install/base_interfeces/lib/python3.14/site-packages:${PYTHONPATH} /usr/bin/cmake --build /home/hzc/linux/ros2/stu/ws01_plubming/build/cpp01_topic -- -j16 -l16
[-1784011437851195392.000s] DEBUG:colcon.colcon_core.event_handler.log_command:Invoking command in '/home/hzc/linux/ros2/stu/ws01_plubming/build/cpp01_topic': AMENT_PREFIX_PATH=/home/hzc/linux/ros2/stu/ws01_plubming/install/base_interfeces:${AMENT_PREFIX_PATH} CMAKE_PREFIX_PATH=/home/hzc/linux/ros2/stu/ws01_plubming/install/base_interfeces:/opt/ros/lyrical/opt/gz_sim_vendor:/opt/ros/lyrical/opt/gz_sensors_vendor:/opt/ros/lyrical/opt/gz_gui_vendor:/opt/ros/lyrical/opt/gz_transport_vendor:/opt/ros/lyrical/opt/gz_physics_vendor:/opt/ros/lyrical/opt/sdformat_vendor:/opt/ros/lyrical/opt/gz_rendering_vendor:/opt/ros/lyrical/opt/gz_plugin_vendor:/opt/ros/lyrical/opt/gz_fuel_tools_vendor:/opt/ros/lyrical/opt/gz_msgs_vendor:/opt/ros/lyrical/opt/gz_common_vendor:/opt/ros/lyrical/opt/gz_math_vendor:/opt/ros/lyrical/opt/gz_utils_vendor:/opt/ros/lyrical/opt/gz_tools_vendor:/opt/ros/lyrical/opt/gz_ogre_next_vendor:/opt/ros/lyrical/opt/gz_dartsim_vendor:/opt/ros/lyrical/opt/gz_cmake_vendor:/opt/ros/lyrical DEBUGINFOD_URLS=https://debuginfod.ubuntu.com LD_LIBRARY_PATH=/home/hzc/linux/ros2/stu/ws01_plubming/install/base_interfeces/lib:${LD_LIBRARY_PATH} PYTHONPATH=/home/hzc/linux/ros2/stu/ws01_plubming/install/base_interfeces/lib/python3.14/site-packages:${PYTHONPATH} /usr/bin/cmake --install /home/hzc/linux/ros2/stu/ws01_plubming/build/cpp01_topic
[-1784011437851195392.000s] Level 1:colcon.colcon_core.environment:create_environment_scripts_only(cpp01_topic)
[-1784011437851195392.000s] Level 1:colcon.colcon_core.environment:checking '/home/hzc/linux/ros2/stu/ws01_plubming/install/cpp01_topic' for CMake module files
[-1784011437851195392.000s] DEBUG:colcon.colcon_core.event_handler.log_command:Invoked command in '/home/hzc/linux/ros2/stu/ws01_plubming/build/cpp01_topic' returned '0': AMENT_PREFIX_PATH=/home/hzc/linux/ros2/stu/ws01_plubming/install/base_interfeces:${AMENT_PREFIX_PATH} CMAKE_PREFIX_PATH=/home/hzc/linux/ros2/stu/ws01_plubming/install/base_interfeces:/opt/ros/lyrical/opt/gz_sim_vendor:/opt/ros/lyrical/opt/gz_sensors_vendor:/opt/ros/lyrical/opt/gz_gui_vendor:/opt/ros/lyrical/opt/gz_transport_vendor:/opt/ros/lyrical/opt/gz_physics_vendor:/opt/ros/lyrical/opt/sdformat_vendor:/opt/ros/lyrical/opt/gz_rendering_vendor:/opt/ros/lyrical/opt/gz_plugin_vendor:/opt/ros/lyrical/opt/gz_fuel_tools_vendor:/opt/ros/lyrical/opt/gz_msgs_vendor:/opt/ros/lyrical/opt/gz_common_vendor:/opt/ros/lyrical/opt/gz_math_vendor:/opt/ros/lyrical/opt/gz_utils_vendor:/opt/ros/lyrical/opt/gz_tools_vendor:/opt/ros/lyrical/opt/gz_ogre_next_vendor:/opt/ros/lyrical/opt/gz_dartsim_vendor:/opt/ros/lyrical/opt/gz_cmake_vendor:/opt/ros/lyrical DEBUGINFOD_URLS=https://debuginfod.ubuntu.com LD_LIBRARY_PATH=/home/hzc/linux/ros2/stu/ws01_plubming/install/base_interfeces/lib:${LD_LIBRARY_PATH} PYTHONPATH=/home/hzc/linux/ros2/stu/ws01_plubming/install/base_interfeces/lib/python3.14/site-packages:${PYTHONPATH} /usr/bin/cmake --install /home/hzc/linux/ros2/stu/ws01_plubming/build/cpp01_topic
[-1784011437851195392.000s] Level 1:colcon.colcon_core.environment:checking '/home/hzc/linux/ros2/stu/ws01_plubming/install/cpp01_topic' for CMake config files
[-1784011437851195392.000s] Level 1:colcon.colcon_core.shell:create_environment_hook('cpp01_topic', 'cmake_prefix_path')
[-1784011437851195392.000s] INFO:colcon.colcon_core.shell:Creating environment hook '/home/hzc/linux/ros2/stu/ws01_plubming/install/cpp01_topic/share/cpp01_topic/hook/cmake_prefix_path.ps1'
[-1784011437851195392.000s] INFO:colcon.colcon_core.shell:Creating environment descriptor '/home/hzc/linux/ros2/stu/ws01_plubming/install/cpp01_topic/share/cpp01_topic/hook/cmake_prefix_path.dsv'
[-1784011437851195392.000s] INFO:colcon.colcon_core.shell:Creating environment hook '/home/hzc/linux/ros2/stu/ws01_plubming/install/cpp01_topic/share/cpp01_topic/hook/cmake_prefix_path.sh'
[-1784011437851195392.000s] Level 1:colcon.colcon_core.environment:checking '/home/hzc/linux/ros2/stu/ws01_plubming/install/cpp01_topic/lib'
[-1784011437851195392.000s] Level 1:colcon.colcon_core.environment:checking '/home/hzc/linux/ros2/stu/ws01_plubming/install/cpp01_topic/bin'
[-1784011437851195392.000s] Level 1:colcon.colcon_core.environment:checking '/home/hzc/linux/ros2/stu/ws01_plubming/install/cpp01_topic/lib/pkgconfig/cpp01_topic.pc'
[-1784011437851195392.000s] Level 1:colcon.colcon_core.environment:checking '/home/hzc/linux/ros2/stu/ws01_plubming/install/cpp01_topic/lib/python3.14/site-packages'
[-1784011437851195392.000s] Level 1:colcon.colcon_core.environment:checking '/home/hzc/linux/ros2/stu/ws01_plubming/install/cpp01_topic/bin'
[-1784011437851195392.000s] INFO:colcon.colcon_core.shell:Creating package script '/home/hzc/linux/ros2/stu/ws01_plubming/install/cpp01_topic/share/cpp01_topic/package.ps1'
[-1784011437851195392.000s] INFO:colcon.colcon_core.shell:Creating package descriptor '/home/hzc/linux/ros2/stu/ws01_plubming/install/cpp01_topic/share/cpp01_topic/package.dsv'
[-1784011437851195392.000s] INFO:colcon.colcon_core.shell:Creating package script '/home/hzc/linux/ros2/stu/ws01_plubming/install/cpp01_topic/share/cpp01_topic/package.sh'
[-1784011437851195392.000s] INFO:colcon.colcon_core.shell:Creating package script '/home/hzc/linux/ros2/stu/ws01_plubming/install/cpp01_topic/share/cpp01_topic/package.bash'
[-1784011437851195392.000s] INFO:colcon.colcon_core.shell:Creating package script '/home/hzc/linux/ros2/stu/ws01_plubming/install/cpp01_topic/share/cpp01_topic/package.zsh'
[-1784011437851195392.000s] Level 1:colcon.colcon_core.environment:create_file_with_runtime_dependencies(/home/hzc/linux/ros2/stu/ws01_plubming/install/cpp01_topic/share/colcon-core/packages/cpp01_topic)
[-1784011437851195392.000s] Level 1:colcon.colcon_core.environment:create_environment_scripts_only(cpp01_topic)
[-1784011437851195392.000s] Level 1:colcon.colcon_core.environment:checking '/home/hzc/linux/ros2/stu/ws01_plubming/install/cpp01_topic' for CMake module files
[-1784011437851195392.000s] Level 1:colcon.colcon_core.environment:checking '/home/hzc/linux/ros2/stu/ws01_plubming/install/cpp01_topic' for CMake config files
[-1784011437851195392.000s] Level 1:colcon.colcon_core.shell:create_environment_hook('cpp01_topic', 'cmake_prefix_path')
[-1784011437851195392.000s] INFO:colcon.colcon_core.shell:Creating environment hook '/home/hzc/linux/ros2/stu/ws01_plubming/install/cpp01_topic/share/cpp01_topic/hook/cmake_prefix_path.ps1'
[-1784011437851195392.000s] INFO:colcon.colcon_core.shell:Creating environment descriptor '/home/hzc/linux/ros2/stu/ws01_plubming/install/cpp01_topic/share/cpp01_topic/hook/cmake_prefix_path.dsv'
[-1784011437851195392.000s] INFO:colcon.colcon_core.shell:Creating environment hook '/home/hzc/linux/ros2/stu/ws01_plubming/install/cpp01_topic/share/cpp01_topic/hook/cmake_prefix_path.sh'
[-1784011437851195392.000s] Level 1:colcon.colcon_core.environment:checking '/home/hzc/linux/ros2/stu/ws01_plubming/install/cpp01_topic/lib'
[-1784011437851195392.000s] Level 1:colcon.colcon_core.environment:checking '/home/hzc/linux/ros2/stu/ws01_plubming/install/cpp01_topic/bin'
[-1784011437851195392.000s] Level 1:colcon.colcon_core.environment:checking '/home/hzc/linux/ros2/stu/ws01_plubming/install/cpp01_topic/lib/pkgconfig/cpp01_topic.pc'
[-1784011437851195392.000s] Level 1:colcon.colcon_core.environment:checking '/home/hzc/linux/ros2/stu/ws01_plubming/install/cpp01_topic/lib/python3.14/site-packages'
[-1784011437851195392.000s] Level 1:colcon.colcon_core.environment:checking '/home/hzc/linux/ros2/stu/ws01_plubming/install/cpp01_topic/bin'
[-1784011437851195392.000s] INFO:colcon.colcon_core.shell:Creating package script '/home/hzc/linux/ros2/stu/ws01_plubming/install/cpp01_topic/share/cpp01_topic/package.ps1'
[-1784011437851195392.000s] INFO:colcon.colcon_core.shell:Creating package descriptor '/home/hzc/linux/ros2/stu/ws01_plubming/install/cpp01_topic/share/cpp01_topic/package.dsv'
[-1784011437851195392.000s] INFO:colcon.colcon_core.shell:Creating package script '/home/hzc/linux/ros2/stu/ws01_plubming/install/cpp01_topic/share/cpp01_topic/package.sh'
[-1784011437851195392.000s] INFO:colcon.colcon_core.shell:Creating package script '/home/hzc/linux/ros2/stu/ws01_plubming/install/cpp01_topic/share/cpp01_topic/package.bash'
[-1784011437851195392.000s] INFO:colcon.colcon_core.shell:Creating package script '/home/hzc/linux/ros2/stu/ws01_plubming/install/cpp01_topic/share/cpp01_topic/package.zsh'
[-1784011437851195392.000s] Level 1:colcon.colcon_core.environment:create_file_with_runtime_dependencies(/home/hzc/linux/ros2/stu/ws01_plubming/install/cpp01_topic/share/colcon-core/packages/cpp01_topic)
[-1784011437851195392.000s] INFO:colcon.colcon_ros.task.ament_cmake.build:Building ROS package in '/home/hzc/linux/ros2/stu/ws01_plubming/src/tutorails_plumbing' with build type 'ament_cmake'
[-1784011437851195392.000s] INFO:colcon.colcon_cmake.task.cmake.build:Building CMake package in '/home/hzc/linux/ros2/stu/ws01_plubming/src/tutorails_plumbing'
[-1784011437851195392.000s] INFO:colcon.colcon_core.shell:Skip shell extension 'powershell' for command environment: Not usable outside of PowerShell
[-1784011437851195392.000s] DEBUG:colcon.colcon_core.shell:Skip shell extension 'dsv' for command environment
[-1784011437851195392.000s] DEBUG:colcon.colcon_core.event_handler.log_command:Invoking command in '/home/hzc/linux/ros2/stu/ws01_plubming/build/tutorails_plumbing': AMENT_PREFIX_PATH=/home/hzc/linux/ros2/stu/ws01_plubming/install/py03_action:/home/hzc/linux/ros2/stu/ws01_plubming/install/py02_seriver:/home/hzc/linux/ros2/stu/ws01_plubming/install/py01_topic:/home/hzc/linux/ros2/stu/ws01_plubming/install/cpp03_action:/home/hzc/linux/ros2/stu/ws01_plubming/install/cpp01_topic:/home/hzc/linux/ros2/stu/ws01_plubming/install/py04_param:/home/hzc/linux/ros2/stu/ws01_plubming/install/cpp04_param:/home/hzc/linux/ros2/stu/ws01_plubming/install/cpp02_service:/home/hzc/linux/ros2/stu/ws01_plubming/install/base_interfeces:${AMENT_PREFIX_PATH} CMAKE_PREFIX_PATH=/home/hzc/linux/ros2/stu/ws01_plubming/install/cpp03_action:/home/hzc/linux/ros2/stu/ws01_plubming/install/cpp01_topic:/home/hzc/linux/ros2/stu/ws01_plubming/install/cpp04_param:/home/hzc/linux/ros2/stu/ws01_plubming/install/cpp02_service:/home/hzc/linux/ros2/stu/ws01_plubming/install/base_interfeces:/opt/ros/lyrical/opt/gz_sim_vendor:/opt/ros/lyrical/opt/gz_sensors_vendor:/opt/ros/lyrical/opt/gz_gui_vendor:/opt/ros/lyrical/opt/gz_transport_vendor:/opt/ros/lyrical/opt/gz_physics_vendor:/opt/ros/lyrical/opt/sdformat_vendor:/opt/ros/lyrical/opt/gz_rendering_vendor:/opt/ros/lyrical/opt/gz_plugin_vendor:/opt/ros/lyrical/opt/gz_fuel_tools_vendor:/opt/ros/lyrical/opt/gz_msgs_vendor:/opt/ros/lyrical/opt/gz_common_vendor:/opt/ros/lyrical/opt/gz_math_vendor:/opt/ros/lyrical/opt/gz_utils_vendor:/opt/ros/lyrical/opt/gz_tools_vendor:/opt/ros/lyrical/opt/gz_ogre_next_vendor:/opt/ros/lyrical/opt/gz_dartsim_vendor:/opt/ros/lyrical/opt/gz_cmake_vendor:/opt/ros/lyrical DEBUGINFOD_URLS=https://debuginfod.ubuntu.com LD_LIBRARY_PATH=/home/hzc/linux/ros2/stu/ws01_plubming/install/base_interfeces/lib:${LD_LIBRARY_PATH} PYTHONPATH=/home/hzc/linux/ros2/stu/ws01_plubming/install/py03_action/lib/python3.14/site-packages:/home/hzc/linux/ros2/stu/ws01_plubming/install/py02_seriver/lib/python3.14/site-packages:/home/hzc/linux/ros2/stu/ws01_plubming/install/py01_topic/lib/python3.14/site-packages:/home/hzc/linux/ros2/stu/ws01_plubming/install/py04_param/lib/python3.14/site-packages:/home/hzc/linux/ros2/stu/ws01_plubming/install/base_interfeces/lib/python3.14/site-packages:${PYTHONPATH} /usr/bin/cmake /home/hzc/linux/ros2/stu/ws01_plubming/src/tutorails_plumbing -DCMAKE_INSTALL_PREFIX=/home/hzc/linux/ros2/stu/ws01_plubming/install/tutorails_plumbing
[-1784011437851195392.000s] DEBUG:colcon.colcon_core.event_handler.log_command:Invoked command in '/home/hzc/linux/ros2/stu/ws01_plubming/build/tutorails_plumbing' returned '0': AMENT_PREFIX_PATH=/home/hzc/linux/ros2/stu/ws01_plubming/install/py03_action:/home/hzc/linux/ros2/stu/ws01_plubming/install/py02_seriver:/home/hzc/linux/ros2/stu/ws01_plubming/install/py01_topic:/home/hzc/linux/ros2/stu/ws01_plubming/install/cpp03_action:/home/hzc/linux/ros2/stu/ws01_plubming/install/cpp01_topic:/home/hzc/linux/ros2/stu/ws01_plubming/install/py04_param:/home/hzc/linux/ros2/stu/ws01_plubming/install/cpp04_param:/home/hzc/linux/ros2/stu/ws01_plubming/install/cpp02_service:/home/hzc/linux/ros2/stu/ws01_plubming/install/base_interfeces:${AMENT_PREFIX_PATH} CMAKE_PREFIX_PATH=/home/hzc/linux/ros2/stu/ws01_plubming/install/cpp03_action:/home/hzc/linux/ros2/stu/ws01_plubming/install/cpp01_topic:/home/hzc/linux/ros2/stu/ws01_plubming/install/cpp04_param:/home/hzc/linux/ros2/stu/ws01_plubming/install/cpp02_service:/home/hzc/linux/ros2/stu/ws01_plubming/install/base_interfeces:/opt/ros/lyrical/opt/gz_sim_vendor:/opt/ros/lyrical/opt/gz_sensors_vendor:/opt/ros/lyrical/opt/gz_gui_vendor:/opt/ros/lyrical/opt/gz_transport_vendor:/opt/ros/lyrical/opt/gz_physics_vendor:/opt/ros/lyrical/opt/sdformat_vendor:/opt/ros/lyrical/opt/gz_rendering_vendor:/opt/ros/lyrical/opt/gz_plugin_vendor:/opt/ros/lyrical/opt/gz_fuel_tools_vendor:/opt/ros/lyrical/opt/gz_msgs_vendor:/opt/ros/lyrical/opt/gz_common_vendor:/opt/ros/lyrical/opt/gz_math_vendor:/opt/ros/lyrical/opt/gz_utils_vendor:/opt/ros/lyrical/opt/gz_tools_vendor:/opt/ros/lyrical/opt/gz_ogre_next_vendor:/opt/ros/lyrical/opt/gz_dartsim_vendor:/opt/ros/lyrical/opt/gz_cmake_vendor:/opt/ros/lyrical DEBUGINFOD_URLS=https://debuginfod.ubuntu.com LD_LIBRARY_PATH=/home/hzc/linux/ros2/stu/ws01_plubming/install/base_interfeces/lib:${LD_LIBRARY_PATH} PYTHONPATH=/home/hzc/linux/ros2/stu/ws01_plubming/install/py03_action/lib/python3.14/site-packages:/home/hzc/linux/ros2/stu/ws01_plubming/install/py02_seriver/lib/python3.14/site-packages:/home/hzc/linux/ros2/stu/ws01_plubming/install/py01_topic/lib/python3.14/site-packages:/home/hzc/linux/ros2/stu/ws01_plubming/install/py04_param/lib/python3.14/site-packages:/home/hzc/linux/ros2/stu/ws01_plubming/install/base_interfeces/lib/python3.14/site-packages:${PYTHONPATH} /usr/bin/cmake /home/hzc/linux/ros2/stu/ws01_plubming/src/tutorails_plumbing -DCMAKE_INSTALL_PREFIX=/home/hzc/linux/ros2/stu/ws01_plubming/install/tutorails_plumbing
[-1784011437851195392.000s] DEBUG:colcon.colcon_core.event_handler.log_command:Invoking command in '/home/hzc/linux/ros2/stu/ws01_plubming/build/tutorails_plumbing': AMENT_PREFIX_PATH=/home/hzc/linux/ros2/stu/ws01_plubming/install/py03_action:/home/hzc/linux/ros2/stu/ws01_plubming/install/py02_seriver:/home/hzc/linux/ros2/stu/ws01_plubming/install/py01_topic:/home/hzc/linux/ros2/stu/ws01_plubming/install/cpp03_action:/home/hzc/linux/ros2/stu/ws01_plubming/install/cpp01_topic:/home/hzc/linux/ros2/stu/ws01_plubming/install/py04_param:/home/hzc/linux/ros2/stu/ws01_plubming/install/cpp04_param:/home/hzc/linux/ros2/stu/ws01_plubming/install/cpp02_service:/home/hzc/linux/ros2/stu/ws01_plubming/install/base_interfeces:${AMENT_PREFIX_PATH} CMAKE_PREFIX_PATH=/home/hzc/linux/ros2/stu/ws01_plubming/install/cpp03_action:/home/hzc/linux/ros2/stu/ws01_plubming/install/cpp01_topic:/home/hzc/linux/ros2/stu/ws01_plubming/install/cpp04_param:/home/hzc/linux/ros2/stu/ws01_plubming/install/cpp02_service:/home/hzc/linux/ros2/stu/ws01_plubming/install/base_interfeces:/opt/ros/lyrical/opt/gz_sim_vendor:/opt/ros/lyrical/opt/gz_sensors_vendor:/opt/ros/lyrical/opt/gz_gui_vendor:/opt/ros/lyrical/opt/gz_transport_vendor:/opt/ros/lyrical/opt/gz_physics_vendor:/opt/ros/lyrical/opt/sdformat_vendor:/opt/ros/lyrical/opt/gz_rendering_vendor:/opt/ros/lyrical/opt/gz_plugin_vendor:/opt/ros/lyrical/opt/gz_fuel_tools_vendor:/opt/ros/lyrical/opt/gz_msgs_vendor:/opt/ros/lyrical/opt/gz_common_vendor:/opt/ros/lyrical/opt/gz_math_vendor:/opt/ros/lyrical/opt/gz_utils_vendor:/opt/ros/lyrical/opt/gz_tools_vendor:/opt/ros/lyrical/opt/gz_ogre_next_vendor:/opt/ros/lyrical/opt/gz_dartsim_vendor:/opt/ros/lyrical/opt/gz_cmake_vendor:/opt/ros/lyrical DEBUGINFOD_URLS=https://debuginfod.ubuntu.com LD_LIBRARY_PATH=/home/hzc/linux/ros2/stu/ws01_plubming/install/base_interfeces/lib:${LD_LIBRARY_PATH} PYTHONPATH=/home/hzc/linux/ros2/stu/ws01_plubming/install/py03_action/lib/python3.14/site-packages:/home/hzc/linux/ros2/stu/ws01_plubming/install/py02_seriver/lib/python3.14/site-packages:/home/hzc/linux/ros2/stu/ws01_plubming/install/py01_topic/lib/python3.14/site-packages:/home/hzc/linux/ros2/stu/ws01_plubming/install/py04_param/lib/python3.14/site-packages:/home/hzc/linux/ros2/stu/ws01_plubming/install/base_interfeces/lib/python3.14/site-packages:${PYTHONPATH} /usr/bin/cmake --build /home/hzc/linux/ros2/stu/ws01_plubming/build/tutorails_plumbing -- -j16 -l16
[-1784011437851195392.000s] DEBUG:colcon.colcon_core.event_handler.log_command:Invoked command in '/home/hzc/linux/ros2/stu/ws01_plubming/build/tutorails_plumbing' returned '0': AMENT_PREFIX_PATH=/home/hzc/linux/ros2/stu/ws01_plubming/install/py03_action:/home/hzc/linux/ros2/stu/ws01_plubming/install/py02_seriver:/home/hzc/linux/ros2/stu/ws01_plubming/install/py01_topic:/home/hzc/linux/ros2/stu/ws01_plubming/install/cpp03_action:/home/hzc/linux/ros2/stu/ws01_plubming/install/cpp01_topic:/home/hzc/linux/ros2/stu/ws01_plubming/install/py04_param:/home/hzc/linux/ros2/stu/ws01_plubming/install/cpp04_param:/home/hzc/linux/ros2/stu/ws01_plubming/install/cpp02_service:/home/hzc/linux/ros2/stu/ws01_plubming/install/base_interfeces:${AMENT_PREFIX_PATH} CMAKE_PREFIX_PATH=/home/hzc/linux/ros2/stu/ws01_plubming/install/cpp03_action:/home/hzc/linux/ros2/stu/ws01_plubming/install/cpp01_topic:/home/hzc/linux/ros2/stu/ws01_plubming/install/cpp04_param:/home/hzc/linux/ros2/stu/ws01_plubming/install/cpp02_service:/home/hzc/linux/ros2/stu/ws01_plubming/install/base_interfeces:/opt/ros/lyrical/opt/gz_sim_vendor:/opt/ros/lyrical/opt/gz_sensors_vendor:/opt/ros/lyrical/opt/gz_gui_vendor:/opt/ros/lyrical/opt/gz_transport_vendor:/opt/ros/lyrical/opt/gz_physics_vendor:/opt/ros/lyrical/opt/sdformat_vendor:/opt/ros/lyrical/opt/gz_rendering_vendor:/opt/ros/lyrical/opt/gz_plugin_vendor:/opt/ros/lyrical/opt/gz_fuel_tools_vendor:/opt/ros/lyrical/opt/gz_msgs_vendor:/opt/ros/lyrical/opt/gz_common_vendor:/opt/ros/lyrical/opt/gz_math_vendor:/opt/ros/lyrical/opt/gz_utils_vendor:/opt/ros/lyrical/opt/gz_tools_vendor:/opt/ros/lyrical/opt/gz_ogre_next_vendor:/opt/ros/lyrical/opt/gz_dartsim_vendor:/opt/ros/lyrical/opt/gz_cmake_vendor:/opt/ros/lyrical DEBUGINFOD_URLS=https://debuginfod.ubuntu.com LD_LIBRARY_PATH=/home/hzc/linux/ros2/stu/ws01_plubming/install/base_interfeces/lib:${LD_LIBRARY_PATH} PYTHONPATH=/home/hzc/linux/ros2/stu/ws01_plubming/install/py03_action/lib/python3.14/site-packages:/home/hzc/linux/ros2/stu/ws01_plubming/install/py02_seriver/lib/python3.14/site-packages:/home/hzc/linux/ros2/stu/ws01_plubming/install/py01_topic/lib/python3.14/site-packages:/home/hzc/linux/ros2/stu/ws01_plubming/install/py04_param/lib/python3.14/site-packages:/home/hzc/linux/ros2/stu/ws01_plubming/install/base_interfeces/lib/python3.14/site-packages:${PYTHONPATH} /usr/bin/cmake --build /home/hzc/linux/ros2/stu/ws01_plubming/build/tutorails_plumbing -- -j16 -l16
[-1784011437851195392.000s] DEBUG:colcon.colcon_core.event_handler.log_command:Invoking command in '/home/hzc/linux/ros2/stu/ws01_plubming/build/tutorails_plumbing': AMENT_PREFIX_PATH=/home/hzc/linux/ros2/stu/ws01_plubming/install/py03_action:/home/hzc/linux/ros2/stu/ws01_plubming/install/py02_seriver:/home/hzc/linux/ros2/stu/ws01_plubming/install/py01_topic:/home/hzc/linux/ros2/stu/ws01_plubming/install/cpp03_action:/home/hzc/linux/ros2/stu/ws01_plubming/install/cpp01_topic:/home/hzc/linux/ros2/stu/ws01_plubming/install/py04_param:/home/hzc/linux/ros2/stu/ws01_plubming/install/cpp04_param:/home/hzc/linux/ros2/stu/ws01_plubming/install/cpp02_service:/home/hzc/linux/ros2/stu/ws01_plubming/install/base_interfeces:${AMENT_PREFIX_PATH} CMAKE_PREFIX_PATH=/home/hzc/linux/ros2/stu/ws01_plubming/install/cpp03_action:/home/hzc/linux/ros2/stu/ws01_plubming/install/cpp01_topic:/home/hzc/linux/ros2/stu/ws01_plubming/install/cpp04_param:/home/hzc/linux/ros2/stu/ws01_plubming/install/cpp02_service:/home/hzc/linux/ros2/stu/ws01_plubming/install/base_interfeces:/opt/ros/lyrical/opt/gz_sim_vendor:/opt/ros/lyrical/opt/gz_sensors_vendor:/opt/ros/lyrical/opt/gz_gui_vendor:/opt/ros/lyrical/opt/gz_transport_vendor:/opt/ros/lyrical/opt/gz_physics_vendor:/opt/ros/lyrical/opt/sdformat_vendor:/opt/ros/lyrical/opt/gz_rendering_vendor:/opt/ros/lyrical/opt/gz_plugin_vendor:/opt/ros/lyrical/opt/gz_fuel_tools_vendor:/opt/ros/lyrical/opt/gz_msgs_vendor:/opt/ros/lyrical/opt/gz_common_vendor:/opt/ros/lyrical/opt/gz_math_vendor:/opt/ros/lyrical/opt/gz_utils_vendor:/opt/ros/lyrical/opt/gz_tools_vendor:/opt/ros/lyrical/opt/gz_ogre_next_vendor:/opt/ros/lyrical/opt/gz_dartsim_vendor:/opt/ros/lyrical/opt/gz_cmake_vendor:/opt/ros/lyrical DEBUGINFOD_URLS=https://debuginfod.ubuntu.com LD_LIBRARY_PATH=/home/hzc/linux/ros2/stu/ws01_plubming/install/base_interfeces/lib:${LD_LIBRARY_PATH} PYTHONPATH=/home/hzc/linux/ros2/stu/ws01_plubming/install/py03_action/lib/python3.14/site-packages:/home/hzc/linux/ros2/stu/ws01_plubming/install/py02_seriver/lib/python3.14/site-packages:/home/hzc/linux/ros2/stu/ws01_plubming/install/py01_topic/lib/python3.14/site-packages:/home/hzc/linux/ros2/stu/ws01_plubming/install/py04_param/lib/python3.14/site-packages:/home/hzc/linux/ros2/stu/ws01_plubming/install/base_interfeces/lib/python3.14/site-packages:${PYTHONPATH} /usr/bin/cmake --install /home/hzc/linux/ros2/stu/ws01_plubming/build/tutorails_plumbing
[-1784011437851195392.000s] Level 1:colcon.colcon_core.environment:create_environment_scripts_only(tutorails_plumbing)
[-1784011437851195392.000s] Level 1:colcon.colcon_core.environment:checking '/home/hzc/linux/ros2/stu/ws01_plubming/install/tutorails_plumbing' for CMake module files
[-1784011437851195392.000s] Level 1:colcon.colcon_core.environment:checking '/home/hzc/linux/ros2/stu/ws01_plubming/install/tutorails_plumbing' for CMake config files
[-1784011437851195392.000s] DEBUG:colcon.colcon_core.event_handler.log_command:Invoked command in '/home/hzc/linux/ros2/stu/ws01_plubming/build/tutorails_plumbing' returned '0': AMENT_PREFIX_PATH=/home/hzc/linux/ros2/stu/ws01_plubming/install/py03_action:/home/hzc/linux/ros2/stu/ws01_plubming/install/py02_seriver:/home/hzc/linux/ros2/stu/ws01_plubming/install/py01_topic:/home/hzc/linux/ros2/stu/ws01_plubming/install/cpp03_action:/home/hzc/linux/ros2/stu/ws01_plubming/install/cpp01_topic:/home/hzc/linux/ros2/stu/ws01_plubming/install/py04_param:/home/hzc/linux/ros2/stu/ws01_plubming/install/cpp04_param:/home/hzc/linux/ros2/stu/ws01_plubming/install/cpp02_service:/home/hzc/linux/ros2/stu/ws01_plubming/install/base_interfeces:${AMENT_PREFIX_PATH} CMAKE_PREFIX_PATH=/home/hzc/linux/ros2/stu/ws01_plubming/install/cpp03_action:/home/hzc/linux/ros2/stu/ws01_plubming/install/cpp01_topic:/home/hzc/linux/ros2/stu/ws01_plubming/install/cpp04_param:/home/hzc/linux/ros2/stu/ws01_plubming/install/cpp02_service:/home/hzc/linux/ros2/stu/ws01_plubming/install/base_interfeces:/opt/ros/lyrical/opt/gz_sim_vendor:/opt/ros/lyrical/opt/gz_sensors_vendor:/opt/ros/lyrical/opt/gz_gui_vendor:/opt/ros/lyrical/opt/gz_transport_vendor:/opt/ros/lyrical/opt/gz_physics_vendor:/opt/ros/lyrical/opt/sdformat_vendor:/opt/ros/lyrical/opt/gz_rendering_vendor:/opt/ros/lyrical/opt/gz_plugin_vendor:/opt/ros/lyrical/opt/gz_fuel_tools_vendor:/opt/ros/lyrical/opt/gz_msgs_vendor:/opt/ros/lyrical/opt/gz_common_vendor:/opt/ros/lyrical/opt/gz_math_vendor:/opt/ros/lyrical/opt/gz_utils_vendor:/opt/ros/lyrical/opt/gz_tools_vendor:/opt/ros/lyrical/opt/gz_ogre_next_vendor:/opt/ros/lyrical/opt/gz_dartsim_vendor:/opt/ros/lyrical/opt/gz_cmake_vendor:/opt/ros/lyrical DEBUGINFOD_URLS=https://debuginfod.ubuntu.com LD_LIBRARY_PATH=/home/hzc/linux/ros2/stu/ws01_plubming/install/base_interfeces/lib:${LD_LIBRARY_PATH} PYTHONPATH=/home/hzc/linux/ros2/stu/ws01_plubming/install/py03_action/lib/python3.14/site-packages:/home/hzc/linux/ros2/stu/ws01_plubming/install/py02_seriver/lib/python3.14/site-packages:/home/hzc/linux/ros2/stu/ws01_plubming/install/py01_topic/lib/python3.14/site-packages:/home/hzc/linux/ros2/stu/ws01_plubming/install/py04_param/lib/python3.14/site-packages:/home/hzc/linux/ros2/stu/ws01_plubming/install/base_interfeces/lib/python3.14/site-packages:${PYTHONPATH} /usr/bin/cmake --install /home/hzc/linux/ros2/stu/ws01_plubming/build/tutorails_plumbing
[-1784011437851195392.000s] Level 1:colcon.colcon_core.shell:create_environment_hook('tutorails_plumbing', 'cmake_prefix_path')
[-1784011437851195392.000s] INFO:colcon.colcon_core.shell:Creating environment hook '/home/hzc/linux/ros2/stu/ws01_plubming/install/tutorails_plumbing/share/tutorails_plumbing/hook/cmake_prefix_path.ps1'
[-1784011437851195392.000s] INFO:colcon.colcon_core.shell:Creating environment descriptor '/home/hzc/linux/ros2/stu/ws01_plubming/install/tutorails_plumbing/share/tutorails_plumbing/hook/cmake_prefix_path.dsv'
[-1784011437851195392.000s] INFO:colcon.colcon_core.shell:Creating environment hook '/home/hzc/linux/ros2/stu/ws01_plubming/install/tutorails_plumbing/share/tutorails_plumbing/hook/cmake_prefix_path.sh'
[-1784011437851195392.000s] Level 1:colcon.colcon_core.environment:checking '/home/hzc/linux/ros2/stu/ws01_plubming/install/tutorails_plumbing/bin'
[-1784011437851195392.000s] Level 1:colcon.colcon_core.environment:checking '/home/hzc/linux/ros2/stu/ws01_plubming/install/tutorails_plumbing/lib/pkgconfig/tutorails_plumbing.pc'
[-1784011437851195392.000s] Level 1:colcon.colcon_core.environment:checking '/home/hzc/linux/ros2/stu/ws01_plubming/install/tutorails_plumbing/lib/python3.14/site-packages'
[-1784011437851195392.000s] Level 1:colcon.colcon_core.environment:checking '/home/hzc/linux/ros2/stu/ws01_plubming/install/tutorails_plumbing/bin'
[-1784011437851195392.000s] INFO:colcon.colcon_core.shell:Creating package script '/home/hzc/linux/ros2/stu/ws01_plubming/install/tutorails_plumbing/share/tutorails_plumbing/package.ps1'
[-1784011437851195392.000s] INFO:colcon.colcon_core.shell:Creating package descriptor '/home/hzc/linux/ros2/stu/ws01_plubming/install/tutorails_plumbing/share/tutorails_plumbing/package.dsv'
[-1784011437851195392.000s] INFO:colcon.colcon_core.shell:Creating package script '/home/hzc/linux/ros2/stu/ws01_plubming/install/tutorails_plumbing/share/tutorails_plumbing/package.sh'
[-1784011437851195392.000s] INFO:colcon.colcon_core.shell:Creating package script '/home/hzc/linux/ros2/stu/ws01_plubming/install/tutorails_plumbing/share/tutorails_plumbing/package.bash'
[-1784011437851195392.000s] INFO:colcon.colcon_core.shell:Creating package script '/home/hzc/linux/ros2/stu/ws01_plubming/install/tutorails_plumbing/share/tutorails_plumbing/package.zsh'
[-1784011437851195392.000s] Level 1:colcon.colcon_core.environment:create_file_with_runtime_dependencies(/home/hzc/linux/ros2/stu/ws01_plubming/install/tutorails_plumbing/share/colcon-core/packages/tutorails_plumbing)
[-1784011437851195392.000s] Level 1:colcon.colcon_core.environment:create_environment_scripts_only(tutorails_plumbing)
[-1784011437851195392.000s] Level 1:colcon.colcon_core.environment:checking '/home/hzc/linux/ros2/stu/ws01_plubming/install/tutorails_plumbing' for CMake module files
[-1784011437851195392.000s] Level 1:colcon.colcon_core.environment:checking '/home/hzc/linux/ros2/stu/ws01_plubming/install/tutorails_plumbing' for CMake config files
[-1784011437851195392.000s] Level 1:colcon.colcon_core.shell:create_environment_hook('tutorails_plumbing', 'cmake_prefix_path')
[-1784011437851195392.000s] INFO:colcon.colcon_core.shell:Creating environment hook '/home/hzc/linux/ros2/stu/ws01_plubming/install/tutorails_plumbing/share/tutorails_plumbing/hook/cmake_prefix_path.ps1'
[-1784011437851195392.000s] INFO:colcon.colcon_core.shell:Creating environment descriptor '/home/hzc/linux/ros2/stu/ws01_plubming/install/tutorails_plumbing/share/tutorails_plumbing/hook/cmake_prefix_path.dsv'
[-1784011437851195392.000s] INFO:colcon.colcon_core.shell:Creating environment hook '/home/hzc/linux/ros2/stu/ws01_plubming/install/tutorails_plumbing/share/tutorails_plumbing/hook/cmake_prefix_path.sh'
[-1784011437851195392.000s] Level 1:colcon.colcon_core.environment:checking '/home/hzc/linux/ros2/stu/ws01_plubming/install/tutorails_plumbing/bin'
[-1784011437851195392.000s] Level 1:colcon.colcon_core.environment:checking '/home/hzc/linux/ros2/stu/ws01_plubming/install/tutorails_plumbing/lib/pkgconfig/tutorails_plumbing.pc'
[-1784011437851195392.000s] Level 1:colcon.colcon_core.environment:checking '/home/hzc/linux/ros2/stu/ws01_plubming/install/tutorails_plumbing/lib/python3.14/site-packages'
[-1784011437851195392.000s] Level 1:colcon.colcon_core.environment:checking '/home/hzc/linux/ros2/stu/ws01_plubming/install/tutorails_plumbing/bin'
[-1784011437851195392.000s] INFO:colcon.colcon_core.shell:Creating package script '/home/hzc/linux/ros2/stu/ws01_plubming/install/tutorails_plumbing/share/tutorails_plumbing/package.ps1'
[-1784011437851195392.000s] INFO:colcon.colcon_core.shell:Creating package descriptor '/home/hzc/linux/ros2/stu/ws01_plubming/install/tutorails_plumbing/share/tutorails_plumbing/package.dsv'
[-1784011437851195392.000s] INFO:colcon.colcon_core.shell:Creating package script '/home/hzc/linux/ros2/stu/ws01_plubming/install/tutorails_plumbing/share/tutorails_plumbing/package.sh'
[-1784011437851195392.000s] INFO:colcon.colcon_core.shell:Creating package script '/home/hzc/linux/ros2/stu/ws01_plubming/install/tutorails_plumbing/share/tutorails_plumbing/package.bash'
[-1784011437851195392.000s] INFO:colcon.colcon_core.shell:Creating package script '/home/hzc/linux/ros2/stu/ws01_plubming/install/tutorails_plumbing/share/tutorails_plumbing/package.zsh'
[-1784011437851195392.000s] Level 1:colcon.colcon_core.environment:create_file_with_runtime_dependencies(/home/hzc/linux/ros2/stu/ws01_plubming/install/tutorails_plumbing/share/colcon-core/packages/tutorails_plumbing)
[-1784011437851195392.000s] DEBUG:colcon.colcon_parallel_executor.executor.parallel:closing loop
[-1784011437851195392.000s] DEBUG:colcon.colcon_parallel_executor.executor.parallel:loop closed
[-1784011437851195392.000s] DEBUG:colcon.colcon_parallel_executor.executor.parallel:run_until_complete finished with '0'
[-1784011437851195392.000s] DEBUG:colcon.colcon_core.event_reactor:joining thread
[-1784011437851195392.000s] INFO:colcon.colcon_core.plugin_system:Skipping extension 'colcon_notification.desktop_notification.terminal_notifier': Not used on non-Darwin systems
[-1784011437851195392.000s] INFO:colcon.colcon_core.plugin_system:Skipping extension 'colcon_notification.desktop_notification.win32': Not used on non-Windows systems
[-1784011437851195392.000s] INFO:colcon.colcon_notification.desktop_notification:Sending desktop notification using 'notify2'
[-1784011437851195392.000s] DEBUG:colcon.colcon_core.event_reactor:joined thread
[-1784011437851195392.000s] INFO:colcon.colcon_core.shell:Creating prefix script '/home/hzc/linux/ros2/stu/ws01_plubming/install/local_setup.ps1'
[-1784011437851195392.000s] INFO:colcon.colcon_core.shell:Creating prefix util module '/home/hzc/linux/ros2/stu/ws01_plubming/install/_local_setup_util_ps1.py'
[-1784011437851195392.000s] INFO:colcon.colcon_core.shell:Creating prefix chain script '/home/hzc/linux/ros2/stu/ws01_plubming/install/setup.ps1'
[-1784011437851195392.000s] INFO:colcon.colcon_core.shell:Creating prefix script '/home/hzc/linux/ros2/stu/ws01_plubming/install/local_setup.sh'
[-1784011437851195392.000s] INFO:colcon.colcon_core.shell:Creating prefix util module '/home/hzc/linux/ros2/stu/ws01_plubming/install/_local_setup_util_sh.py'
[-1784011437851195392.000s] INFO:colcon.colcon_core.shell:Creating prefix chain script '/home/hzc/linux/ros2/stu/ws01_plubming/install/setup.sh'
[-1784011437851195392.000s] INFO:colcon.colcon_core.shell:Creating prefix script '/home/hzc/linux/ros2/stu/ws01_plubming/install/local_setup.bash'
[-1784011437851195392.000s] INFO:colcon.colcon_core.shell:Creating prefix chain script '/home/hzc/linux/ros2/stu/ws01_plubming/install/setup.bash'
[-1784011437851195392.000s] INFO:colcon.colcon_core.shell:Creating prefix script '/home/hzc/linux/ros2/stu/ws01_plubming/install/local_setup.zsh'
[-1784011437851195392.000s] INFO:colcon.colcon_core.shell:Creating prefix chain script '/home/hzc/linux/ros2/stu/ws01_plubming/install/setup.zsh'
