[0.000000] (-) TimerEvent: {}
[0.000246] (-) JobUnselected: {'identifier': 'cpp01_topic'}
[0.000442] (-) JobUnselected: {'identifier': 'cpp02_service'}
[0.000472] (-) JobUnselected: {'identifier': 'cpp03_action'}
[0.000495] (-) JobUnselected: {'identifier': 'cpp04_param'}
[0.000517] (-) JobUnselected: {'identifier': 'cpp05_names'}
[0.000726] (-) JobUnselected: {'identifier': 'cpp06_time'}
[0.000749] (-) JobUnselected: {'identifier': 'cpp07_exercise'}
[0.000771] (-) JobUnselected: {'identifier': 'py01_topic'}
[0.000804] (-) JobUnselected: {'identifier': 'py02_seriver'}
[0.000849] (-) JobUnselected: {'identifier': 'py03_action'}
[0.000872] (-) JobUnselected: {'identifier': 'py04_param'}
[0.000927] (-) JobUnselected: {'identifier': 'py05_names'}
[0.000950] (-) JobUnselected: {'identifier': 'py06_timer'}
[0.000970] (-) JobUnselected: {'identifier': 'tutorails_plumbing'}
[0.001026] (base_interfeces) JobQueued: {'identifier': 'base_interfeces', 'dependencies': OrderedDict()}
[0.001054] (base_interfeces) JobStarted: {'identifier': 'base_interfeces'}
[0.015484] (base_interfeces) JobProgress: {'identifier': 'base_interfeces', 'progress': 'cmake'}
[0.016300] (base_interfeces) JobProgress: {'identifier': 'base_interfeces', 'progress': 'build'}
[0.016833] (base_interfeces) Command: {'cmd': ['/usr/bin/cmake', '--build', '/home/hzc/linux/ros2/stu/ws01_plubming/build/base_interfeces', '--', '-j16', '-l16'], 'cwd': '/home/hzc/linux/ros2/stu/ws01_plubming/build/base_interfeces', 'env': OrderedDict({'GJS_DEBUG_TOPICS': 'JS ERROR;JS LOG', 'PYTHON_BASIC_REPL': '1', 'LESSOPEN': '| /usr/bin/lesspipe %s', 'USER': 'hzc', 'GZ_CONFIG_PATH': '/opt/ros/lyrical/opt/gz_sim_vendor/share/gz:/opt/ros/lyrical/opt/gz_gui_vendor/share/gz:/opt/ros/lyrical/opt/gz_transport_vendor/share/gz:/opt/ros/lyrical/opt/sdformat_vendor/share/gz:/opt/ros/lyrical/opt/gz_rendering_vendor/share/gz:/opt/ros/lyrical/opt/gz_plugin_vendor/share/gz:/opt/ros/lyrical/opt/gz_fuel_tools_vendor/share/gz:/opt/ros/lyrical/opt/gz_msgs_vendor/share/gz:/opt/ros/lyrical/opt/gz_common_vendor/share/gz', 'XDG_SESSION_TYPE': 'wayland', 'GIT_ASKPASS': '/usr/share/code/resources/app/extensions/git/dist/askpass.sh', 'SHLVL': '1', 'LD_LIBRARY_PATH': '/home/hzc/linux/ros2/stu/ws01_plubming/install/base_interfeces/lib:/opt/ros/lyrical/opt/gz_sim_vendor/lib:/opt/ros/lyrical/opt/gz_sensors_vendor/lib:/opt/ros/lyrical/opt/gz_gui_vendor/lib:/opt/ros/lyrical/opt/gz_transport_vendor/lib:/opt/ros/lyrical/opt/zenoh_cpp_vendor/lib:/opt/ros/lyrical/opt/gz_physics_vendor/lib:/opt/ros/lyrical/opt/sdformat_vendor/lib:/opt/ros/lyrical/opt/gz_rendering_vendor/lib:/opt/ros/lyrical/opt/gz_plugin_vendor/lib:/opt/ros/lyrical/opt/gz_fuel_tools_vendor/lib:/opt/ros/lyrical/opt/gz_msgs_vendor/lib:/opt/ros/lyrical/opt/gz_common_vendor/lib:/opt/ros/lyrical/opt/gz_math_vendor/lib:/opt/ros/lyrical/opt/gz_utils_vendor/lib:/opt/ros/lyrical/opt/rviz_ogre_vendor/lib:/opt/ros/lyrical/lib/x86_64-linux-gnu:/opt/ros/lyrical/opt/gz_tools_vendor/lib:/opt/ros/lyrical/opt/gz_ogre_next_vendor/lib:/opt/ros/lyrical/opt/gz_dartsim_vendor/lib:/opt/ros/lyrical/opt/gz_cmake_vendor/lib:/opt/ros/lyrical/lib', 'HOME': '/home/hzc', 'CHROME_DESKTOP': 'code.desktop', 'TERM_PROGRAM_VERSION': '1.123.0', 'DESKTOP_SESSION': 'ubuntu', 'IM_CONFIG_ENTRY': 'profile', 'GIO_LAUNCHED_DESKTOP_FILE': '/home/hzc/桌面/code.desktop', 'ROS_PYTHON_VERSION': '3', 'GTK_MODULES': 'gail:atk-bridge', 'VSCODE_GIT_ASKPASS_MAIN': '/usr/share/code/resources/app/extensions/git/dist/askpass-main.js', 'VSCODE_GIT_ASKPASS_NODE': '/usr/share/code/code', 'MANAGERPID': '8660', 'PYDEVD_DISABLE_FILE_VALIDATION': '1', 'SYSTEMD_EXEC_PID': '9110', 'BUNDLED_DEBUGPY_PATH': '/home/hzc/.vscode/extensions/ms-python.debugpy-2026.6.0-linux-x64/bundled/libs/debugpy', 'VSCODE_PYTHON_AUTOACTIVATE_GUARD': '1', 'DBUS_SESSION_BUS_ADDRESS': 'unix:path=/run/user/1000/bus', 'COLORTERM': 'truecolor', 'GIO_LAUNCHED_DESKTOP_FILE_PID': '10560', 'DEBUGINFOD_URLS': 'https://debuginfod.ubuntu.com', 'WAYLAND_DISPLAY': 'wayland-0', 'COLCON_PREFIX_PATH': '/home/hzc/linux/ros2/stu/ws01_plubming/install', 'ROS_DISTRO': 'lyrical', 'LOGNAME': 'hzc', 'MANAGERPIDFDID': '1276', 'JOURNAL_STREAM': '10:42255', '_': '/usr/bin/colcon', 'ROS_VERSION': '2', 'MEMORY_PRESSURE_WATCH': '/sys/fs/cgroup/user.slice/user-1000.slice/user@1000.service/session.slice/org.gnome.Shell@ubuntu.service/memory.pressure', 'CLAUDE_CODE_SSE_PORT': '63199', 'XDG_SESSION_CLASS': 'user', 'USERNAME': 'hzc', 'TERM': 'xterm-256color', 'GNOME_DESKTOP_SESSION_ID': 'this-is-deprecated', 'FC_FONTATIONS': '1', 'PATH': '/home/hzc/.local/bin:/opt/ros/lyrical/opt/gz_msgs_vendor/bin:/opt/ros/lyrical/opt/gz_tools_vendor/bin:/opt/ros/lyrical/opt/gz_ogre_next_vendor/bin:/opt/ros/lyrical/bin:/home/hzc/.local/bin:/usr/local/sbin:/usr/local/bin:/usr/sbin:/usr/bin:/sbin:/bin:/usr/games:/usr/local/games:/snap/bin:/snap/bin:/usr/local/arm/gcc-linaro-4.9.4-2017.01-x86_64_arm-linux-gnueabihf/bin:/usr/local/arm/gcc-linaro-4.9.4-2017.01-x86_64_arm-linux-gnueabihf/bin:/opt/ros/lyrical/opt/gz_tools_vendor/bin:/home/hzc/.vscode/extensions/ms-python.debugpy-2026.6.0-linux-x64/bundled/scripts/noConfigScripts:/opt/ros/lyrical/opt/gz_tools_vendor/bin', 'INVOCATION_ID': '82aa1b54e1cd4595a852be20f3dd1dd9', 'XDG_MENU_PREFIX': 'gnome-', 'GNOME_SETUP_DISPLAY': 'unix:/tmp/.X11-unix/X1', 'XDG_RUNTIME_DIR': '/run/user/1000', 'GDK_BACKEND': 'wayland', 'DISPLAY': ':0', 'VSCODE_DEBUGPY_ADAPTER_ENDPOINTS': '/home/hzc/.vscode/extensions/ms-python.debugpy-2026.6.0-linux-x64/.noConfigDebugAdapterEndpoints/endpoint-c7871354202af115.txt', 'LANG': 'zh_CN.UTF-8', 'XDG_CURRENT_DESKTOP': 'ubuntu:GNOME', 'PYTHONSTARTUP': '/home/hzc/.config/Code/User/workspaceStorage/9c9dac5a9bd332c3190c44c5f18f1af4/ms-python.python/pythonrc.py', 'XMODIFIERS': '@im=ibus', 'XDG_SESSION_DESKTOP': 'ubuntu', 'XAUTHORITY': '/run/user/1000/.mutter-Xwaylandauth.VDJJS3', 'LS_COLORS': 'rs=0:di=01;34:ln=01;36:mh=00:pi=40;33:so=01;35:do=01;35:bd=40;33;01:cd=40;33;01:or=40;31;01:mi=00:su=37;41:sg=30;43:ca=00:tw=30;42:ow=34;42:st=37;44:ex=01;32:*.tar=01;31:*.tgz=01;31:*.arc=01;31:*.arj=01;31:*.taz=01;31:*.lha=01;31:*.lz4=01;31:*.lzh=01;31:*.lzma=01;31:*.tlz=01;31:*.txz=01;31:*.tzo=01;31:*.t7z=01;31:*.zip=01;31:*.z=01;31:*.dz=01;31:*.gz=01;31:*.lrz=01;31:*.lz=01;31:*.lzo=01;31:*.xz=01;31:*.zst=01;31:*.tzst=01;31:*.bz2=01;31:*.bz=01;31:*.tbz=01;31:*.tbz2=01;31:*.tz=01;31:*.deb=01;31:*.rpm=01;31:*.jar=01;31:*.war=01;31:*.ear=01;31:*.sar=01;31:*.rar=01;31:*.alz=01;31:*.ace=01;31:*.zoo=01;31:*.cpio=01;31:*.7z=01;31:*.rz=01;31:*.cab=01;31:*.wim=01;31:*.swm=01;31:*.dwm=01;31:*.esd=01;31:*.avif=01;35:*.jpg=01;35:*.jpeg=01;35:*.mjpg=01;35:*.mjpeg=01;35:*.gif=01;35:*.bmp=01;35:*.pbm=01;35:*.pgm=01;35:*.ppm=01;35:*.tga=01;35:*.xbm=01;35:*.xpm=01;35:*.tif=01;35:*.tiff=01;35:*.png=01;35:*.svg=01;35:*.svgz=01;35:*.mng=01;35:*.pcx=01;35:*.mov=01;35:*.mpg=01;35:*.mpeg=01;35:*.m2v=01;35:*.mkv=01;35:*.webm=01;35:*.webp=01;35:*.ogm=01;35:*.mp4=01;35:*.m4v=01;35:*.mp4v=01;35:*.vob=01;35:*.qt=01;35:*.nuv=01;35:*.wmv=01;35:*.asf=01;35:*.rm=01;35:*.rmvb=01;35:*.flc=01;35:*.avi=01;35:*.fli=01;35:*.flv=01;35:*.gl=01;35:*.dl=01;35:*.xcf=01;35:*.xwd=01;35:*.yuv=01;35:*.cgm=01;35:*.emf=01;35:*.ogv=01;35:*.ogx=01;35:*.aac=00;36:*.au=00;36:*.flac=00;36:*.m4a=00;36:*.mid=00;36:*.midi=00;36:*.mka=00;36:*.mp3=00;36:*.mpc=00;36:*.ogg=00;36:*.ra=00;36:*.wav=00;36:*.oga=00;36:*.opus=00;36:*.spx=00;36:*.xspf=00;36:*~=00;90:*#=00;90:*.bak=00;90:*.old=00;90:*.orig=00;90:*.part=00;90:*.rej=00;90:*.swp=00;90:*.tmp=00;90:*.dpkg-dist=00;90:*.dpkg-old=00;90:*.ucf-dist=00;90:*.ucf-new=00;90:*.ucf-old=00;90:*.rpmnew=00;90:*.rpmorig=00;90:*.rpmsave=00;90:', 'VSCODE_GIT_IPC_HANDLE': '/run/user/1000/vscode-git-25001b8754.sock', 'TERM_PROGRAM': 'vscode', 'SSH_AUTH_SOCK': '/run/user/1000/gcr/ssh', 'ROS_DOMAIN_ID': '42', 'AMENT_PREFIX_PATH': '/home/hzc/linux/ros2/stu/ws01_plubming/install/tutorails_plumbing:/home/hzc/linux/ros2/stu/ws01_plubming/install/py06_timer:/home/hzc/linux/ros2/stu/ws01_plubming/install/py05_names:/home/hzc/linux/ros2/stu/ws01_plubming/install/py04_param:/home/hzc/linux/ros2/stu/ws01_plubming/install/py03_action:/home/hzc/linux/ros2/stu/ws01_plubming/install/py02_seriver:/home/hzc/linux/ros2/stu/ws01_plubming/install/py01_topic:/home/hzc/linux/ros2/stu/ws01_plubming/install/cpp07_exercise:/home/hzc/linux/ros2/stu/ws01_plubming/install/cpp06_time:/home/hzc/linux/ros2/stu/ws01_plubming/install/cpp05_names:/home/hzc/linux/ros2/stu/ws01_plubming/install/cpp04_param:/home/hzc/linux/ros2/stu/ws01_plubming/install/cpp03_action:/home/hzc/linux/ros2/stu/ws01_plubming/install/cpp02_service:/home/hzc/linux/ros2/stu/ws01_plubming/install/cpp01_topic:/home/hzc/linux/ros2/stu/ws01_plubming/install/base_interfeces:/opt/ros/lyrical', 'SHELL': '/bin/bash', 'QT_ACCESSIBILITY': '1', 'GDMSESSION': 'ubuntu', 'LESSCLOSE': '/usr/bin/lesspipe %s %s', 'GPG_AGENT_INFO': '/run/user/1000/gnupg/S.gpg-agent:0:1', 'GJS_DEBUG_OUTPUT': 'stderr', 'ROS_AUTOMATIC_DISCOVERY_RANGE': 'SUBNET', 'VSCODE_GIT_ASKPASS_EXTRA_ARGS': '', 'QT_IM_MODULE': 'ibus', 'PWD': '/home/hzc/linux/ros2/stu/ws01_plubming/build/base_interfeces', 'XDG_CONFIG_DIRS': '/etc/xdg/xdg-ubuntu:/etc/xdg', 'XDG_DATA_DIRS': '/usr/share/ubuntu:/usr/share/gnome:/usr/local/share/:/usr/share/:/var/lib/snapd/desktop', 'XDG_SESSION_EXTRA_DEVICE_ACCESS': 'render:accel', 'PYTHONPATH': '/home/hzc/linux/ros2/stu/ws01_plubming/install/py06_timer/lib/python3.14/site-packages:/home/hzc/linux/ros2/stu/ws01_plubming/install/py05_names/lib/python3.14/site-packages:/home/hzc/linux/ros2/stu/ws01_plubming/install/py04_param/lib/python3.14/site-packages:/home/hzc/linux/ros2/stu/ws01_plubming/install/py03_action/lib/python3.14/site-packages:/home/hzc/linux/ros2/stu/ws01_plubming/install/py02_seriver/lib/python3.14/site-packages:/home/hzc/linux/ros2/stu/ws01_plubming/install/py01_topic/lib/python3.14/site-packages:/home/hzc/linux/ros2/stu/ws01_plubming/install/base_interfeces/lib/python3.14/site-packages:/opt/ros/lyrical/opt/gz_sim_vendor/lib/python:/opt/ros/lyrical/opt/gz_transport_vendor/lib/python:/opt/ros/lyrical/opt/sdformat_vendor/lib/python:/opt/ros/lyrical/opt/gz_msgs_vendor/lib/python:/opt/ros/lyrical/opt/gz_math_vendor/lib/python:/opt/ros/lyrical/lib/python3.14/site-packages', 'COLCON': '1', 'QT_IM_MODULES': 'wayland;ibus', 'MEMORY_PRESSURE_WRITE': 'c29tZSAyMDAwMDAgMjAwMDAwMAA=', 'CMAKE_PREFIX_PATH': '/home/hzc/linux/ros2/stu/ws01_plubming/install/tutorails_plumbing:/home/hzc/linux/ros2/stu/ws01_plubming/install/cpp07_exercise:/home/hzc/linux/ros2/stu/ws01_plubming/install/cpp06_time:/home/hzc/linux/ros2/stu/ws01_plubming/install/cpp05_names:/home/hzc/linux/ros2/stu/ws01_plubming/install/cpp04_param:/home/hzc/linux/ros2/stu/ws01_plubming/install/cpp03_action:/home/hzc/linux/ros2/stu/ws01_plubming/install/cpp02_service:/home/hzc/linux/ros2/stu/ws01_plubming/install/cpp01_topic:/home/hzc/linux/ros2/stu/ws01_plubming/install/base_interfeces:/opt/ros/lyrical/opt/gz_sim_vendor:/opt/ros/lyrical/opt/gz_sensors_vendor:/opt/ros/lyrical/opt/gz_gui_vendor:/opt/ros/lyrical/opt/gz_transport_vendor:/opt/ros/lyrical/opt/gz_physics_vendor:/opt/ros/lyrical/opt/sdformat_vendor:/opt/ros/lyrical/opt/gz_rendering_vendor:/opt/ros/lyrical/opt/gz_plugin_vendor:/opt/ros/lyrical/opt/gz_fuel_tools_vendor:/opt/ros/lyrical/opt/gz_msgs_vendor:/opt/ros/lyrical/opt/gz_common_vendor:/opt/ros/lyrical/opt/gz_math_vendor:/opt/ros/lyrical/opt/gz_utils_vendor:/opt/ros/lyrical/opt/gz_tools_vendor:/opt/ros/lyrical/opt/gz_ogre_next_vendor:/opt/ros/lyrical/opt/gz_dartsim_vendor:/opt/ros/lyrical/opt/gz_cmake_vendor:/home/hzc/linux/ros2/stu/ws01_plubming/install/py06_timer:/home/hzc/linux/ros2/stu/ws01_plubming/install/py05_names:/home/hzc/linux/ros2/stu/ws01_plubming/install/py04_param:/home/hzc/linux/ros2/stu/ws01_plubming/install/py03_action:/home/hzc/linux/ros2/stu/ws01_plubming/install/py02_seriver:/home/hzc/linux/ros2/stu/ws01_plubming/install/py01_topic:/opt/ros/lyrical'}), 'shell': False}
[0.059553] (base_interfeces) StdoutLine: {'line': b'-- Found ament_cmake: 2.8.7 (/opt/ros/lyrical/share/ament_cmake/cmake)\n'}
[0.099835] (-) TimerEvent: {}
[0.179860] (base_interfeces) StdoutLine: {'line': b'-- Found rosidl_default_generators: 1.8.1 (/opt/ros/lyrical/share/rosidl_default_generators/cmake)\n'}
[0.184683] (base_interfeces) StdoutLine: {'line': b'-- Using all available rosidl_typesupport_c: rosidl_typesupport_fastrtps_c;rosidl_typesupport_introspection_c\n'}
[0.199955] (-) TimerEvent: {}
[0.217611] (base_interfeces) StdoutLine: {'line': b'-- Using all available rosidl_typesupport_cpp: rosidl_typesupport_fastrtps_cpp;rosidl_typesupport_introspection_cpp\n'}
[0.247668] (base_interfeces) StdoutLine: {'line': b'-- Found rosidl_adapter: 5.2.0 (/opt/ros/lyrical/share/rosidl_adapter/cmake)\n'}
[0.300049] (-) TimerEvent: {}
[0.400356] (-) TimerEvent: {}
[0.500650] (-) TimerEvent: {}
[0.600950] (-) TimerEvent: {}
[0.701192] (-) TimerEvent: {}
[0.707958] (base_interfeces) StdoutLine: {'line': b'-- Using all available rosidl_typesupport_c: rosidl_typesupport_fastrtps_c;rosidl_typesupport_introspection_c\n'}
[0.801301] (-) TimerEvent: {}
[0.822021] (base_interfeces) StdoutLine: {'line': b'-- Using all available rosidl_typesupport_cpp: rosidl_typesupport_fastrtps_cpp;rosidl_typesupport_introspection_cpp\n'}
[0.901411] (-) TimerEvent: {}
[1.001686] (-) TimerEvent: {}
[1.101980] (-) TimerEvent: {}
[1.120673] (base_interfeces) StdoutLine: {'line': b'-- Found Python3: /usr/bin/python3 (found version "3.14.4") found components: Interpreter Development NumPy Development.Module Development.Embed\n'}
[1.158571] (base_interfeces) StdoutLine: {'line': b'-- Found Python3: /usr/bin/python3 (found version "3.14.4") found components: Interpreter\n'}
[1.160620] (base_interfeces) StdoutLine: {'line': b'-- Found ament_lint_auto: 0.20.6 (/opt/ros/lyrical/share/ament_lint_auto/cmake)\n'}
[1.172825] (base_interfeces) StdoutLine: {'line': b'-- Configuring done (1.1s)\n'}
[1.202088] (-) TimerEvent: {}
[1.238452] (base_interfeces) StdoutLine: {'line': b'-- Generating done (0.1s)\n'}
[1.261641] (base_interfeces) StdoutLine: {'line': b'-- Build files have been written to: /home/hzc/linux/ros2/stu/ws01_plubming/build/base_interfeces\n'}
[1.302195] (-) TimerEvent: {}
[1.302933] (base_interfeces) StdoutLine: {'line': b'[  2%] \x1b[1m\x1b[34mGenerating Rust code for ROS interfaces\x1b[0m\n'}
[1.303126] (base_interfeces) StdoutLine: {'line': b'[  2%] \x1b[1m\x1b[34mGenerating type hashes for ROS interfaces\x1b[0m\n'}
[1.402301] (-) TimerEvent: {}
[1.502561] (-) TimerEvent: {}
[1.585850] (base_interfeces) StdoutLine: {'line': b'[  2%] Built target base_interfeces__rosidl_generator_type_description\n'}
[1.598565] (base_interfeces) StdoutLine: {'line': b'[  4%] \x1b[1m\x1b[34mGenerating C code for ROS interfaces\x1b[0m\n'}
[1.602681] (-) TimerEvent: {}
[1.612543] (base_interfeces) StdoutLine: {'line': b'[  5%] \x1b[1m\x1b[34mGenerating C++ code for ROS interfaces\x1b[0m\n'}
[1.684334] (base_interfeces) StdoutLine: {'line': b'[  5%] Built target base_interfeces__rs\n'}
[1.702829] (-) TimerEvent: {}
[1.803406] (-) TimerEvent: {}
[1.903808] (-) TimerEvent: {}
[2.004054] (-) TimerEvent: {}
[2.104307] (-) TimerEvent: {}
[2.204571] (-) TimerEvent: {}
[2.304828] (-) TimerEvent: {}
[2.405072] (-) TimerEvent: {}
[2.486116] (base_interfeces) StdoutLine: {'line': b'[  5%] Built target base_interfeces__cpp\n'}
[2.505177] (-) TimerEvent: {}
[2.605474] (-) TimerEvent: {}
[2.666671] (base_interfeces) StdoutLine: {'line': b'[  8%] \x1b[32mBuilding C object CMakeFiles/base_interfeces__rosidl_generator_c.dir/rosidl_generator_c/base_interfeces/msg/detail/student__description.c.o\x1b[0m\n'}
[2.667027] (base_interfeces) StdoutLine: {'line': b'[  9%] \x1b[32mBuilding C object CMakeFiles/base_interfeces__rosidl_generator_c.dir/rosidl_generator_c/base_interfeces/action/detail/progress__description.c.o\x1b[0m\n'}
[2.667224] (base_interfeces) StdoutLine: {'line': b'[  9%] \x1b[32mBuilding C object CMakeFiles/base_interfeces__rosidl_generator_c.dir/rosidl_generator_c/base_interfeces/action/detail/progress__functions.c.o\x1b[0m\n'}
[2.667402] (base_interfeces) StdoutLine: {'line': b'[ 12%] \x1b[32mBuilding C object CMakeFiles/base_interfeces__rosidl_generator_c.dir/rosidl_generator_c/base_interfeces/action/detail/progress__type_support.c.o\x1b[0m\n'}
[2.667577] (base_interfeces) StdoutLine: {'line': b'[ 12%] \x1b[32mBuilding C object CMakeFiles/base_interfeces__rosidl_generator_c.dir/rosidl_generator_c/base_interfeces/msg/detail/student__functions.c.o\x1b[0m\n'}
[2.667743] (base_interfeces) StdoutLine: {'line': b'[ 14%] \x1b[32mBuilding C object CMakeFiles/base_interfeces__rosidl_generator_c.dir/rosidl_generator_c/base_interfeces/msg/detail/student__type_support.c.o\x1b[0m\n'}
[2.667983] (base_interfeces) StdoutLine: {'line': b'[ 14%] \x1b[32mBuilding C object CMakeFiles/base_interfeces__rosidl_generator_c.dir/rosidl_generator_c/base_interfeces/srv/detail/addints__description.c.o\x1b[0m\n'}
[2.668113] (base_interfeces) StdoutLine: {'line': b'[ 16%] \x1b[32mBuilding C object CMakeFiles/base_interfeces__rosidl_generator_c.dir/rosidl_generator_c/base_interfeces/srv/detail/addints__functions.c.o\x1b[0m\n'}
[2.668242] (base_interfeces) StdoutLine: {'line': b'[ 17%] \x1b[32mBuilding C object CMakeFiles/base_interfeces__rosidl_generator_c.dir/rosidl_generator_c/base_interfeces/srv/detail/addints__type_support.c.o\x1b[0m\n'}
[2.668586] (base_interfeces) StdoutLine: {'line': b'[ 18%] \x1b[32mBuilding C object CMakeFiles/base_interfeces__rosidl_generator_c.dir/rosidl_generator_c/base_interfeces/srv/detail/distance__type_support.c.o\x1b[0m\n'}
[2.670074] (base_interfeces) StdoutLine: {'line': b'[ 20%] \x1b[32mBuilding C object CMakeFiles/base_interfeces__rosidl_generator_c.dir/rosidl_generator_c/base_interfeces/action/detail/nav__functions.c.o\x1b[0m\n'}
[2.670268] (base_interfeces) StdoutLine: {'line': b'[ 21%] \x1b[32mBuilding C object CMakeFiles/base_interfeces__rosidl_generator_c.dir/rosidl_generator_c/base_interfeces/srv/detail/distance__functions.c.o\x1b[0m\n'}
[2.673907] (base_interfeces) StdoutLine: {'line': b'[ 22%] \x1b[32mBuilding C object CMakeFiles/base_interfeces__rosidl_generator_c.dir/rosidl_generator_c/base_interfeces/srv/detail/distance__description.c.o\x1b[0m\n'}
[2.705884] (-) TimerEvent: {}
[2.753579] (base_interfeces) StdoutLine: {'line': b'[ 24%] \x1b[32mBuilding C object CMakeFiles/base_interfeces__rosidl_generator_c.dir/rosidl_generator_c/base_interfeces/action/detail/nav__type_support.c.o\x1b[0m\n'}
[2.756537] (base_interfeces) StdoutLine: {'line': b'[ 25%] \x1b[32mBuilding C object CMakeFiles/base_interfeces__rosidl_generator_c.dir/rosidl_generator_c/base_interfeces/action/detail/nav__description.c.o\x1b[0m\n'}
[2.805994] (-) TimerEvent: {}
[2.839586] (base_interfeces) StdoutLine: {'line': b'[ 26%] \x1b[1m\x1b[32mLinking C shared library libbase_interfeces__rosidl_generator_c.so\x1b[0m\n'}
[2.889242] (base_interfeces) StdoutLine: {'line': b'[ 26%] Built target base_interfeces__rosidl_generator_c\n'}
[2.902947] (base_interfeces) StdoutLine: {'line': b'[ 32%] \x1b[1m\x1b[34mGenerating C++ type support for eProsima Fast-RTPS\x1b[0m\n'}
[2.903225] (base_interfeces) StdoutLine: {'line': b'[ 32%] \x1b[1m\x1b[34mGenerating C type support dispatch for ROS interfaces\x1b[0m\n'}
[2.903372] (base_interfeces) StdoutLine: {'line': b'[ 32%] \x1b[1m\x1b[34mGenerating C introspection for ROS interfaces\x1b[0m\n'}
[2.903475] (base_interfeces) StdoutLine: {'line': b'[ 32%] \x1b[1m\x1b[34mGenerating C++ type support dispatch for ROS interfaces\x1b[0m\n'}
[2.903581] (base_interfeces) StdoutLine: {'line': b'[ 33%] \x1b[1m\x1b[34mGenerating C type support for eProsima Fast-RTPS\x1b[0m\n'}
[2.904873] (base_interfeces) StdoutLine: {'line': b'[ 34%] \x1b[1m\x1b[34mGenerating C++ introspection for ROS interfaces\x1b[0m\n'}
[2.906082] (-) TimerEvent: {}
[3.006359] (-) TimerEvent: {}
[3.106659] (-) TimerEvent: {}
[3.206949] (-) TimerEvent: {}
[3.307263] (-) TimerEvent: {}
[3.407545] (-) TimerEvent: {}
[3.493660] (base_interfeces) StdoutLine: {'line': b'[ 36%] \x1b[32mBuilding CXX object CMakeFiles/base_interfeces__rosidl_typesupport_cpp.dir/rosidl_typesupport_cpp/base_interfeces/msg/student__type_support.cpp.o\x1b[0m\n'}
[3.493994] (base_interfeces) StdoutLine: {'line': b'[ 38%] \x1b[32mBuilding CXX object CMakeFiles/base_interfeces__rosidl_typesupport_cpp.dir/rosidl_typesupport_cpp/base_interfeces/srv/distance__type_support.cpp.o\x1b[0m\n'}
[3.494169] (base_interfeces) StdoutLine: {'line': b'[ 38%] \x1b[32mBuilding CXX object CMakeFiles/base_interfeces__rosidl_typesupport_cpp.dir/rosidl_typesupport_cpp/base_interfeces/action/progress__type_support.cpp.o\x1b[0m\n'}
[3.494670] (base_interfeces) StdoutLine: {'line': b'[ 41%] \x1b[32mBuilding CXX object CMakeFiles/base_interfeces__rosidl_typesupport_cpp.dir/rosidl_typesupport_cpp/base_interfeces/srv/addints__type_support.cpp.o\x1b[0m\n'}
[3.494829] (base_interfeces) StdoutLine: {'line': b'[ 41%] \x1b[32mBuilding CXX object CMakeFiles/base_interfeces__rosidl_typesupport_cpp.dir/rosidl_typesupport_cpp/base_interfeces/action/nav__type_support.cpp.o\x1b[0m\n'}
[3.507698] (-) TimerEvent: {}
[3.516171] (base_interfeces) StdoutLine: {'line': b'[ 44%] \x1b[32mBuilding CXX object CMakeFiles/base_interfeces__rosidl_typesupport_c.dir/rosidl_typesupport_c/base_interfeces/action/progress__type_support.cpp.o\x1b[0m\n'}
[3.516415] (base_interfeces) StdoutLine: {'line': b'[ 44%] \x1b[32mBuilding CXX object CMakeFiles/base_interfeces__rosidl_typesupport_c.dir/rosidl_typesupport_c/base_interfeces/msg/student__type_support.cpp.o\x1b[0m\n'}
[3.516553] (base_interfeces) StdoutLine: {'line': b'[ 45%] \x1b[32mBuilding CXX object CMakeFiles/base_interfeces__rosidl_typesupport_c.dir/rosidl_typesupport_c/base_interfeces/srv/addints__type_support.cpp.o\x1b[0m\n'}
[3.607834] (-) TimerEvent: {}
[3.622940] (base_interfeces) StdoutLine: {'line': b'[ 46%] \x1b[32mBuilding CXX object CMakeFiles/base_interfeces__rosidl_typesupport_c.dir/rosidl_typesupport_c/base_interfeces/srv/distance__type_support.cpp.o\x1b[0m\n'}
[3.623734] (base_interfeces) StdoutLine: {'line': b'[ 48%] \x1b[32mBuilding CXX object CMakeFiles/base_interfeces__rosidl_typesupport_c.dir/rosidl_typesupport_c/base_interfeces/action/nav__type_support.cpp.o\x1b[0m\n'}
[3.707941] (-) TimerEvent: {}
[3.720184] (base_interfeces) StdoutLine: {'line': b'[ 49%] \x1b[1m\x1b[32mLinking CXX shared library libbase_interfeces__rosidl_typesupport_c.so\x1b[0m\n'}
[3.802206] (base_interfeces) StdoutLine: {'line': b'[ 49%] Built target base_interfeces__rosidl_typesupport_c\n'}
[3.808848] (-) TimerEvent: {}
[3.810453] (base_interfeces) StdoutLine: {'line': b'[ 50%] \x1b[32mBuilding CXX object CMakeFiles/base_interfeces__rosidl_typesupport_introspection_cpp.dir/rosidl_typesupport_introspection_cpp/base_interfeces/action/detail/progress__type_support.cpp.o\x1b[0m\n'}
[3.812449] (base_interfeces) StdoutLine: {'line': b'[ 52%] \x1b[32mBuilding CXX object CMakeFiles/base_interfeces__rosidl_typesupport_introspection_cpp.dir/rosidl_typesupport_introspection_cpp/base_interfeces/msg/detail/student__type_support.cpp.o\x1b[0m\n'}
[3.812707] (base_interfeces) StdoutLine: {'line': b'[ 53%] \x1b[32mBuilding CXX object CMakeFiles/base_interfeces__rosidl_typesupport_introspection_cpp.dir/rosidl_typesupport_introspection_cpp/base_interfeces/srv/detail/addints__type_support.cpp.o\x1b[0m\n'}
[3.910372] (-) TimerEvent: {}
[4.006872] (base_interfeces) StdoutLine: {'line': b'[ 54%] \x1b[32mBuilding C object CMakeFiles/base_interfeces__rosidl_typesupport_introspection_c.dir/rosidl_typesupport_introspection_c/base_interfeces/action/detail/progress__type_support.c.o\x1b[0m\n'}
[4.010486] (-) TimerEvent: {}
[4.111004] (-) TimerEvent: {}
[4.121707] (base_interfeces) StdoutLine: {'line': b'[ 56%] \x1b[32mBuilding C object CMakeFiles/base_interfeces__rosidl_typesupport_introspection_c.dir/rosidl_typesupport_introspection_c/base_interfeces/srv/detail/distance__type_support.c.o\x1b[0m\n'}
[4.201823] (base_interfeces) StdoutLine: {'line': b'[ 57%] \x1b[32mBuilding C object CMakeFiles/base_interfeces__rosidl_typesupport_introspection_c.dir/rosidl_typesupport_introspection_c/base_interfeces/srv/detail/addints__type_support.c.o\x1b[0m\n'}
[4.202489] (base_interfeces) StdoutLine: {'line': b'[ 58%] \x1b[32mBuilding C object CMakeFiles/base_interfeces__rosidl_typesupport_introspection_c.dir/rosidl_typesupport_introspection_c/base_interfeces/action/detail/nav__type_support.c.o\x1b[0m\n'}
[4.211114] (-) TimerEvent: {}
[4.286681] (base_interfeces) StdoutLine: {'line': b'[ 60%] \x1b[32mBuilding C object CMakeFiles/base_interfeces__rosidl_typesupport_introspection_c.dir/rosidl_typesupport_introspection_c/base_interfeces/msg/detail/student__type_support.c.o\x1b[0m\n'}
[4.311231] (-) TimerEvent: {}
[4.339508] (base_interfeces) StdoutLine: {'line': b'[ 61%] \x1b[1m\x1b[32mLinking C shared library libbase_interfeces__rosidl_typesupport_introspection_c.so\x1b[0m\n'}
[4.388161] (base_interfeces) StdoutLine: {'line': b'[ 61%] Built target base_interfeces__rosidl_typesupport_introspection_c\n'}
[4.411346] (-) TimerEvent: {}
[4.433905] (base_interfeces) StdoutLine: {'line': b'[ 62%] \x1b[32mBuilding CXX object CMakeFiles/base_interfeces__rosidl_typesupport_introspection_cpp.dir/rosidl_typesupport_introspection_cpp/base_interfeces/action/detail/nav__type_support.cpp.o\x1b[0m\n'}
[4.437833] (base_interfeces) StdoutLine: {'line': b'[ 64%] \x1b[32mBuilding CXX object CMakeFiles/base_interfeces__rosidl_typesupport_introspection_cpp.dir/rosidl_typesupport_introspection_cpp/base_interfeces/srv/detail/distance__type_support.cpp.o\x1b[0m\n'}
[4.511459] (-) TimerEvent: {}
[4.536916] (base_interfeces) StdoutLine: {'line': b'[ 66%] \x1b[32mBuilding CXX object CMakeFiles/base_interfeces__rosidl_typesupport_fastrtps_cpp.dir/rosidl_typesupport_fastrtps_cpp/base_interfeces/srv/detail/dds_fastrtps/addints__type_support.cpp.o\x1b[0m\n'}
[4.537189] (base_interfeces) StdoutLine: {'line': b'[ 66%] \x1b[32mBuilding CXX object CMakeFiles/base_interfeces__rosidl_typesupport_fastrtps_cpp.dir/rosidl_typesupport_fastrtps_cpp/base_interfeces/action/detail/dds_fastrtps/progress__type_support.cpp.o\x1b[0m\n'}
[4.539434] (base_interfeces) StdoutLine: {'line': b'[ 68%] \x1b[32mBuilding CXX object CMakeFiles/base_interfeces__rosidl_typesupport_fastrtps_cpp.dir/rosidl_typesupport_fastrtps_cpp/base_interfeces/msg/detail/dds_fastrtps/student__type_support.cpp.o\x1b[0m\n'}
[4.564332] (base_interfeces) StdoutLine: {'line': b'[ 69%] \x1b[1m\x1b[32mLinking CXX shared library libbase_interfeces__rosidl_typesupport_cpp.so\x1b[0m\n'}
[4.611595] (-) TimerEvent: {}
[4.711992] (-) TimerEvent: {}
[4.721013] (base_interfeces) StdoutLine: {'line': b'[ 69%] Built target base_interfeces__rosidl_typesupport_cpp\n'}
[4.771799] (base_interfeces) StdoutLine: {'line': b'[ 72%] \x1b[32mBuilding CXX object CMakeFiles/base_interfeces__rosidl_typesupport_fastrtps_c.dir/rosidl_typesupport_fastrtps_c/base_interfeces/msg/detail/student__type_support_c.cpp.o\x1b[0m\n'}
[4.772272] (base_interfeces) StdoutLine: {'line': b'[ 72%] \x1b[32mBuilding CXX object CMakeFiles/base_interfeces__rosidl_typesupport_fastrtps_c.dir/rosidl_typesupport_fastrtps_c/base_interfeces/action/detail/progress__type_support_c.cpp.o\x1b[0m\n'}
[4.772454] (base_interfeces) StdoutLine: {'line': b'[ 73%] \x1b[32mBuilding CXX object CMakeFiles/base_interfeces__rosidl_typesupport_fastrtps_c.dir/rosidl_typesupport_fastrtps_c/base_interfeces/srv/detail/distance__type_support_c.cpp.o\x1b[0m\n'}
[4.772628] (base_interfeces) StdoutLine: {'line': b'[ 74%] \x1b[32mBuilding CXX object CMakeFiles/base_interfeces__rosidl_typesupport_fastrtps_c.dir/rosidl_typesupport_fastrtps_c/base_interfeces/action/detail/nav__type_support_c.cpp.o\x1b[0m\n'}
[4.776850] (base_interfeces) StdoutLine: {'line': b'[ 76%] \x1b[32mBuilding CXX object CMakeFiles/base_interfeces__rosidl_typesupport_fastrtps_c.dir/rosidl_typesupport_fastrtps_c/base_interfeces/srv/detail/addints__type_support_c.cpp.o\x1b[0m\n'}
[4.812302] (-) TimerEvent: {}
[4.912711] (-) TimerEvent: {}
[5.015210] (-) TimerEvent: {}
[5.115602] (-) TimerEvent: {}
[5.216142] (-) TimerEvent: {}
[5.316543] (-) TimerEvent: {}
[5.329057] (base_interfeces) StdoutLine: {'line': b'[ 77%] \x1b[32mBuilding CXX object CMakeFiles/base_interfeces__rosidl_typesupport_fastrtps_cpp.dir/rosidl_typesupport_fastrtps_cpp/base_interfeces/action/detail/dds_fastrtps/nav__type_support.cpp.o\x1b[0m\n'}
[5.333759] (base_interfeces) StdoutLine: {'line': b'[ 78%] \x1b[32mBuilding CXX object CMakeFiles/base_interfeces__rosidl_typesupport_fastrtps_cpp.dir/rosidl_typesupport_fastrtps_cpp/base_interfeces/srv/detail/dds_fastrtps/distance__type_support.cpp.o\x1b[0m\n'}
[5.416665] (-) TimerEvent: {}
[5.520271] (-) TimerEvent: {}
[5.526896] (base_interfeces) StdoutLine: {'line': b'[ 80%] \x1b[1m\x1b[32mLinking CXX shared library libbase_interfeces__rosidl_typesupport_introspection_cpp.so\x1b[0m\n'}
[5.620395] (-) TimerEvent: {}
[5.675994] (base_interfeces) StdoutLine: {'line': b'[ 80%] Built target base_interfeces__rosidl_typesupport_introspection_cpp\n'}
[5.720520] (-) TimerEvent: {}
[5.766824] (base_interfeces) StdoutLine: {'line': b'[ 81%] \x1b[1m\x1b[32mLinking CXX shared library libbase_interfeces__rosidl_typesupport_fastrtps_c.so\x1b[0m\n'}
[5.820638] (-) TimerEvent: {}
[5.868228] (base_interfeces) StdoutLine: {'line': b'[ 81%] Built target base_interfeces__rosidl_typesupport_fastrtps_c\n'}
[5.920757] (-) TimerEvent: {}
[6.021853] (-) TimerEvent: {}
[6.122271] (-) TimerEvent: {}
[6.222743] (-) TimerEvent: {}
[6.323042] (-) TimerEvent: {}
[6.423337] (-) TimerEvent: {}
[6.474244] (base_interfeces) StdoutLine: {'line': b'[ 82%] \x1b[1m\x1b[32mLinking CXX shared library libbase_interfeces__rosidl_typesupport_fastrtps_cpp.so\x1b[0m\n'}
[6.523449] (-) TimerEvent: {}
[6.586531] (base_interfeces) StdoutLine: {'line': b'[ 82%] Built target base_interfeces__rosidl_typesupport_fastrtps_cpp\n'}
[6.612569] (base_interfeces) StdoutLine: {'line': b'[ 82%] Built target base_interfeces\n'}
[6.623557] (-) TimerEvent: {}
[6.639125] (base_interfeces) StdoutLine: {'line': b'[ 84%] \x1b[1m\x1b[34mGenerating Python code for ROS interfaces\x1b[0m\n'}
[6.723654] (-) TimerEvent: {}
[6.823923] (-) TimerEvent: {}
[6.924222] (-) TimerEvent: {}
[7.024502] (-) TimerEvent: {}
[7.124833] (-) TimerEvent: {}
[7.225120] (-) TimerEvent: {}
[7.325407] (-) TimerEvent: {}
[7.425654] (-) TimerEvent: {}
[7.525932] (-) TimerEvent: {}
[7.626190] (-) TimerEvent: {}
[7.726447] (-) TimerEvent: {}
[7.826708] (-) TimerEvent: {}
[7.926992] (-) TimerEvent: {}
[8.027869] (-) TimerEvent: {}
[8.128261] (-) TimerEvent: {}
[8.228610] (-) TimerEvent: {}
[8.328935] (-) TimerEvent: {}
[8.429229] (-) TimerEvent: {}
[8.529506] (-) TimerEvent: {}
[8.565130] (base_interfeces) StdoutLine: {'line': b'[ 84%] Built target base_interfeces__py\n'}
[8.605334] (base_interfeces) StdoutLine: {'line': b'[ 85%] \x1b[32mBuilding C object CMakeFiles/base_interfeces__rosidl_generator_py.dir/rosidl_generator_py/base_interfeces/action/_progress_s.c.o\x1b[0m\n'}
[8.605570] (base_interfeces) StdoutLine: {'line': b'[ 85%] Built target ament_cmake_python_sync_base_interfeces\n'}
[8.605698] (base_interfeces) StdoutLine: {'line': b'[ 88%] \x1b[32mBuilding C object CMakeFiles/base_interfeces__rosidl_generator_py.dir/rosidl_generator_py/base_interfeces/srv/_addints_s.c.o\x1b[0m\n'}
[8.606894] (base_interfeces) StdoutLine: {'line': b'[ 88%] \x1b[32mBuilding C object CMakeFiles/base_interfeces__rosidl_generator_py.dir/rosidl_generator_py/base_interfeces/srv/_distance_s.c.o\x1b[0m\n'}
[8.607139] (base_interfeces) StdoutLine: {'line': b'[ 89%] \x1b[32mBuilding C object CMakeFiles/base_interfeces__rosidl_generator_py.dir/rosidl_generator_py/base_interfeces/msg/_student_s.c.o\x1b[0m\n'}
[8.608350] (base_interfeces) StdoutLine: {'line': b'[ 90%] \x1b[32mBuilding C object CMakeFiles/base_interfeces__rosidl_generator_py.dir/rosidl_generator_py/base_interfeces/action/_nav_s.c.o\x1b[0m\n'}
[8.629623] (-) TimerEvent: {}
[8.729968] (-) TimerEvent: {}
[8.830286] (-) TimerEvent: {}
[8.855822] (base_interfeces) StdoutLine: {'line': b'[ 92%] \x1b[1m\x1b[32mLinking C shared library libbase_interfeces__rosidl_generator_py.so\x1b[0m\n'}
[8.888992] (base_interfeces) StdoutLine: {'line': b'running egg_info\n'}
[8.910787] (base_interfeces) StdoutLine: {'line': b'writing base_interfeces.egg-info/PKG-INFO\n'}
[8.911242] (base_interfeces) StdoutLine: {'line': b'writing dependency_links to base_interfeces.egg-info/dependency_links.txt\n'}
[8.911484] (base_interfeces) StdoutLine: {'line': b'writing top-level names to base_interfeces.egg-info/top_level.txt\n'}
[8.912513] (base_interfeces) StdoutLine: {'line': b'[ 92%] Built target base_interfeces__rosidl_generator_py\n'}
[8.930400] (-) TimerEvent: {}
[8.945052] (base_interfeces) StdoutLine: {'line': b'[ 96%] \x1b[32mBuilding C object CMakeFiles/base_interfeces_s__rosidl_typesupport_c.dir/rosidl_generator_py/base_interfeces/_base_interfeces_s.ep.rosidl_typesupport_c.c.o\x1b[0m\n'}
[8.945344] (base_interfeces) StdoutLine: {'line': b'[ 96%] \x1b[32mBuilding C object CMakeFiles/base_interfeces_s__rosidl_typesupport_fastrtps_c.dir/rosidl_generator_py/base_interfeces/_base_interfeces_s.ep.rosidl_typesupport_fastrtps_c.c.o\x1b[0m\n'}
[8.945512] (base_interfeces) StdoutLine: {'line': b'[ 96%] \x1b[32mBuilding C object CMakeFiles/base_interfeces_s__rosidl_typesupport_introspection_c.dir/rosidl_generator_py/base_interfeces/_base_interfeces_s.ep.rosidl_typesupport_introspection_c.c.o\x1b[0m\n'}
[8.979558] (base_interfeces) StdoutLine: {'line': b"reading manifest file 'base_interfeces.egg-info/SOURCES.txt'\n"}
[8.980527] (base_interfeces) StdoutLine: {'line': b"writing manifest file 'base_interfeces.egg-info/SOURCES.txt'\n"}
[9.028506] (base_interfeces) StdoutLine: {'line': b'[ 96%] Built target ament_cmake_python_build_base_interfeces_egg\n'}
[9.030506] (-) TimerEvent: {}
[9.128873] (base_interfeces) StdoutLine: {'line': b'[ 98%] \x1b[1m\x1b[32mLinking C shared module rosidl_generator_py/base_interfeces/base_interfeces_s__rosidl_typesupport_c.so\x1b[0m\n'}
[9.129163] (base_interfeces) StdoutLine: {'line': b'[ 98%] \x1b[1m\x1b[32mLinking C shared module rosidl_generator_py/base_interfeces/base_interfeces_s__rosidl_typesupport_introspection_c.so\x1b[0m\n'}
[9.130592] (-) TimerEvent: {}
[9.141462] (base_interfeces) StdoutLine: {'line': b'[100%] \x1b[1m\x1b[32mLinking C shared module rosidl_generator_py/base_interfeces/base_interfeces_s__rosidl_typesupport_fastrtps_c.so\x1b[0m\n'}
[9.172528] (base_interfeces) StdoutLine: {'line': b'[100%] Built target base_interfeces_s__rosidl_typesupport_introspection_c\n'}
[9.172757] (base_interfeces) StdoutLine: {'line': b'[100%] Built target base_interfeces_s__rosidl_typesupport_c\n'}
[9.185935] (base_interfeces) StdoutLine: {'line': b'[100%] Built target base_interfeces_s__rosidl_typesupport_fastrtps_c\n'}
[9.203991] (base_interfeces) CommandEnded: {'returncode': 0}
[9.205135] (base_interfeces) JobProgress: {'identifier': 'base_interfeces', 'progress': 'install'}
[9.217254] (base_interfeces) Command: {'cmd': ['/usr/bin/cmake', '--install', '/home/hzc/linux/ros2/stu/ws01_plubming/build/base_interfeces'], 'cwd': '/home/hzc/linux/ros2/stu/ws01_plubming/build/base_interfeces', 'env': OrderedDict({'GJS_DEBUG_TOPICS': 'JS ERROR;JS LOG', 'PYTHON_BASIC_REPL': '1', 'LESSOPEN': '| /usr/bin/lesspipe %s', 'USER': 'hzc', 'GZ_CONFIG_PATH': '/opt/ros/lyrical/opt/gz_sim_vendor/share/gz:/opt/ros/lyrical/opt/gz_gui_vendor/share/gz:/opt/ros/lyrical/opt/gz_transport_vendor/share/gz:/opt/ros/lyrical/opt/sdformat_vendor/share/gz:/opt/ros/lyrical/opt/gz_rendering_vendor/share/gz:/opt/ros/lyrical/opt/gz_plugin_vendor/share/gz:/opt/ros/lyrical/opt/gz_fuel_tools_vendor/share/gz:/opt/ros/lyrical/opt/gz_msgs_vendor/share/gz:/opt/ros/lyrical/opt/gz_common_vendor/share/gz', 'XDG_SESSION_TYPE': 'wayland', 'GIT_ASKPASS': '/usr/share/code/resources/app/extensions/git/dist/askpass.sh', 'SHLVL': '1', 'LD_LIBRARY_PATH': '/home/hzc/linux/ros2/stu/ws01_plubming/install/base_interfeces/lib:/opt/ros/lyrical/opt/gz_sim_vendor/lib:/opt/ros/lyrical/opt/gz_sensors_vendor/lib:/opt/ros/lyrical/opt/gz_gui_vendor/lib:/opt/ros/lyrical/opt/gz_transport_vendor/lib:/opt/ros/lyrical/opt/zenoh_cpp_vendor/lib:/opt/ros/lyrical/opt/gz_physics_vendor/lib:/opt/ros/lyrical/opt/sdformat_vendor/lib:/opt/ros/lyrical/opt/gz_rendering_vendor/lib:/opt/ros/lyrical/opt/gz_plugin_vendor/lib:/opt/ros/lyrical/opt/gz_fuel_tools_vendor/lib:/opt/ros/lyrical/opt/gz_msgs_vendor/lib:/opt/ros/lyrical/opt/gz_common_vendor/lib:/opt/ros/lyrical/opt/gz_math_vendor/lib:/opt/ros/lyrical/opt/gz_utils_vendor/lib:/opt/ros/lyrical/opt/rviz_ogre_vendor/lib:/opt/ros/lyrical/lib/x86_64-linux-gnu:/opt/ros/lyrical/opt/gz_tools_vendor/lib:/opt/ros/lyrical/opt/gz_ogre_next_vendor/lib:/opt/ros/lyrical/opt/gz_dartsim_vendor/lib:/opt/ros/lyrical/opt/gz_cmake_vendor/lib:/opt/ros/lyrical/lib', 'HOME': '/home/hzc', 'CHROME_DESKTOP': 'code.desktop', 'TERM_PROGRAM_VERSION': '1.123.0', 'DESKTOP_SESSION': 'ubuntu', 'IM_CONFIG_ENTRY': 'profile', 'GIO_LAUNCHED_DESKTOP_FILE': '/home/hzc/桌面/code.desktop', 'ROS_PYTHON_VERSION': '3', 'GTK_MODULES': 'gail:atk-bridge', 'VSCODE_GIT_ASKPASS_MAIN': '/usr/share/code/resources/app/extensions/git/dist/askpass-main.js', 'VSCODE_GIT_ASKPASS_NODE': '/usr/share/code/code', 'MANAGERPID': '8660', 'PYDEVD_DISABLE_FILE_VALIDATION': '1', 'SYSTEMD_EXEC_PID': '9110', 'BUNDLED_DEBUGPY_PATH': '/home/hzc/.vscode/extensions/ms-python.debugpy-2026.6.0-linux-x64/bundled/libs/debugpy', 'VSCODE_PYTHON_AUTOACTIVATE_GUARD': '1', 'DBUS_SESSION_BUS_ADDRESS': 'unix:path=/run/user/1000/bus', 'COLORTERM': 'truecolor', 'GIO_LAUNCHED_DESKTOP_FILE_PID': '10560', 'DEBUGINFOD_URLS': 'https://debuginfod.ubuntu.com', 'WAYLAND_DISPLAY': 'wayland-0', 'COLCON_PREFIX_PATH': '/home/hzc/linux/ros2/stu/ws01_plubming/install', 'ROS_DISTRO': 'lyrical', 'LOGNAME': 'hzc', 'MANAGERPIDFDID': '1276', 'JOURNAL_STREAM': '10:42255', '_': '/usr/bin/colcon', 'ROS_VERSION': '2', 'MEMORY_PRESSURE_WATCH': '/sys/fs/cgroup/user.slice/user-1000.slice/user@1000.service/session.slice/org.gnome.Shell@ubuntu.service/memory.pressure', 'CLAUDE_CODE_SSE_PORT': '63199', 'XDG_SESSION_CLASS': 'user', 'USERNAME': 'hzc', 'TERM': 'xterm-256color', 'GNOME_DESKTOP_SESSION_ID': 'this-is-deprecated', 'FC_FONTATIONS': '1', 'PATH': '/home/hzc/.local/bin:/opt/ros/lyrical/opt/gz_msgs_vendor/bin:/opt/ros/lyrical/opt/gz_tools_vendor/bin:/opt/ros/lyrical/opt/gz_ogre_next_vendor/bin:/opt/ros/lyrical/bin:/home/hzc/.local/bin:/usr/local/sbin:/usr/local/bin:/usr/sbin:/usr/bin:/sbin:/bin:/usr/games:/usr/local/games:/snap/bin:/snap/bin:/usr/local/arm/gcc-linaro-4.9.4-2017.01-x86_64_arm-linux-gnueabihf/bin:/usr/local/arm/gcc-linaro-4.9.4-2017.01-x86_64_arm-linux-gnueabihf/bin:/opt/ros/lyrical/opt/gz_tools_vendor/bin:/home/hzc/.vscode/extensions/ms-python.debugpy-2026.6.0-linux-x64/bundled/scripts/noConfigScripts:/opt/ros/lyrical/opt/gz_tools_vendor/bin', 'INVOCATION_ID': '82aa1b54e1cd4595a852be20f3dd1dd9', 'XDG_MENU_PREFIX': 'gnome-', 'GNOME_SETUP_DISPLAY': 'unix:/tmp/.X11-unix/X1', 'XDG_RUNTIME_DIR': '/run/user/1000', 'GDK_BACKEND': 'wayland', 'DISPLAY': ':0', 'VSCODE_DEBUGPY_ADAPTER_ENDPOINTS': '/home/hzc/.vscode/extensions/ms-python.debugpy-2026.6.0-linux-x64/.noConfigDebugAdapterEndpoints/endpoint-c7871354202af115.txt', 'LANG': 'zh_CN.UTF-8', 'XDG_CURRENT_DESKTOP': 'ubuntu:GNOME', 'PYTHONSTARTUP': '/home/hzc/.config/Code/User/workspaceStorage/9c9dac5a9bd332c3190c44c5f18f1af4/ms-python.python/pythonrc.py', 'XMODIFIERS': '@im=ibus', 'XDG_SESSION_DESKTOP': 'ubuntu', 'XAUTHORITY': '/run/user/1000/.mutter-Xwaylandauth.VDJJS3', 'LS_COLORS': 'rs=0:di=01;34:ln=01;36:mh=00:pi=40;33:so=01;35:do=01;35:bd=40;33;01:cd=40;33;01:or=40;31;01:mi=00:su=37;41:sg=30;43:ca=00:tw=30;42:ow=34;42:st=37;44:ex=01;32:*.tar=01;31:*.tgz=01;31:*.arc=01;31:*.arj=01;31:*.taz=01;31:*.lha=01;31:*.lz4=01;31:*.lzh=01;31:*.lzma=01;31:*.tlz=01;31:*.txz=01;31:*.tzo=01;31:*.t7z=01;31:*.zip=01;31:*.z=01;31:*.dz=01;31:*.gz=01;31:*.lrz=01;31:*.lz=01;31:*.lzo=01;31:*.xz=01;31:*.zst=01;31:*.tzst=01;31:*.bz2=01;31:*.bz=01;31:*.tbz=01;31:*.tbz2=01;31:*.tz=01;31:*.deb=01;31:*.rpm=01;31:*.jar=01;31:*.war=01;31:*.ear=01;31:*.sar=01;31:*.rar=01;31:*.alz=01;31:*.ace=01;31:*.zoo=01;31:*.cpio=01;31:*.7z=01;31:*.rz=01;31:*.cab=01;31:*.wim=01;31:*.swm=01;31:*.dwm=01;31:*.esd=01;31:*.avif=01;35:*.jpg=01;35:*.jpeg=01;35:*.mjpg=01;35:*.mjpeg=01;35:*.gif=01;35:*.bmp=01;35:*.pbm=01;35:*.pgm=01;35:*.ppm=01;35:*.tga=01;35:*.xbm=01;35:*.xpm=01;35:*.tif=01;35:*.tiff=01;35:*.png=01;35:*.svg=01;35:*.svgz=01;35:*.mng=01;35:*.pcx=01;35:*.mov=01;35:*.mpg=01;35:*.mpeg=01;35:*.m2v=01;35:*.mkv=01;35:*.webm=01;35:*.webp=01;35:*.ogm=01;35:*.mp4=01;35:*.m4v=01;35:*.mp4v=01;35:*.vob=01;35:*.qt=01;35:*.nuv=01;35:*.wmv=01;35:*.asf=01;35:*.rm=01;35:*.rmvb=01;35:*.flc=01;35:*.avi=01;35:*.fli=01;35:*.flv=01;35:*.gl=01;35:*.dl=01;35:*.xcf=01;35:*.xwd=01;35:*.yuv=01;35:*.cgm=01;35:*.emf=01;35:*.ogv=01;35:*.ogx=01;35:*.aac=00;36:*.au=00;36:*.flac=00;36:*.m4a=00;36:*.mid=00;36:*.midi=00;36:*.mka=00;36:*.mp3=00;36:*.mpc=00;36:*.ogg=00;36:*.ra=00;36:*.wav=00;36:*.oga=00;36:*.opus=00;36:*.spx=00;36:*.xspf=00;36:*~=00;90:*#=00;90:*.bak=00;90:*.old=00;90:*.orig=00;90:*.part=00;90:*.rej=00;90:*.swp=00;90:*.tmp=00;90:*.dpkg-dist=00;90:*.dpkg-old=00;90:*.ucf-dist=00;90:*.ucf-new=00;90:*.ucf-old=00;90:*.rpmnew=00;90:*.rpmorig=00;90:*.rpmsave=00;90:', 'VSCODE_GIT_IPC_HANDLE': '/run/user/1000/vscode-git-25001b8754.sock', 'TERM_PROGRAM': 'vscode', 'SSH_AUTH_SOCK': '/run/user/1000/gcr/ssh', 'ROS_DOMAIN_ID': '42', 'AMENT_PREFIX_PATH': '/home/hzc/linux/ros2/stu/ws01_plubming/install/tutorails_plumbing:/home/hzc/linux/ros2/stu/ws01_plubming/install/py06_timer:/home/hzc/linux/ros2/stu/ws01_plubming/install/py05_names:/home/hzc/linux/ros2/stu/ws01_plubming/install/py04_param:/home/hzc/linux/ros2/stu/ws01_plubming/install/py03_action:/home/hzc/linux/ros2/stu/ws01_plubming/install/py02_seriver:/home/hzc/linux/ros2/stu/ws01_plubming/install/py01_topic:/home/hzc/linux/ros2/stu/ws01_plubming/install/cpp07_exercise:/home/hzc/linux/ros2/stu/ws01_plubming/install/cpp06_time:/home/hzc/linux/ros2/stu/ws01_plubming/install/cpp05_names:/home/hzc/linux/ros2/stu/ws01_plubming/install/cpp04_param:/home/hzc/linux/ros2/stu/ws01_plubming/install/cpp03_action:/home/hzc/linux/ros2/stu/ws01_plubming/install/cpp02_service:/home/hzc/linux/ros2/stu/ws01_plubming/install/cpp01_topic:/home/hzc/linux/ros2/stu/ws01_plubming/install/base_interfeces:/opt/ros/lyrical', 'SHELL': '/bin/bash', 'QT_ACCESSIBILITY': '1', 'GDMSESSION': 'ubuntu', 'LESSCLOSE': '/usr/bin/lesspipe %s %s', 'GPG_AGENT_INFO': '/run/user/1000/gnupg/S.gpg-agent:0:1', 'GJS_DEBUG_OUTPUT': 'stderr', 'ROS_AUTOMATIC_DISCOVERY_RANGE': 'SUBNET', 'VSCODE_GIT_ASKPASS_EXTRA_ARGS': '', 'QT_IM_MODULE': 'ibus', 'PWD': '/home/hzc/linux/ros2/stu/ws01_plubming/build/base_interfeces', 'XDG_CONFIG_DIRS': '/etc/xdg/xdg-ubuntu:/etc/xdg', 'XDG_DATA_DIRS': '/usr/share/ubuntu:/usr/share/gnome:/usr/local/share/:/usr/share/:/var/lib/snapd/desktop', 'XDG_SESSION_EXTRA_DEVICE_ACCESS': 'render:accel', 'PYTHONPATH': '/home/hzc/linux/ros2/stu/ws01_plubming/install/py06_timer/lib/python3.14/site-packages:/home/hzc/linux/ros2/stu/ws01_plubming/install/py05_names/lib/python3.14/site-packages:/home/hzc/linux/ros2/stu/ws01_plubming/install/py04_param/lib/python3.14/site-packages:/home/hzc/linux/ros2/stu/ws01_plubming/install/py03_action/lib/python3.14/site-packages:/home/hzc/linux/ros2/stu/ws01_plubming/install/py02_seriver/lib/python3.14/site-packages:/home/hzc/linux/ros2/stu/ws01_plubming/install/py01_topic/lib/python3.14/site-packages:/home/hzc/linux/ros2/stu/ws01_plubming/install/base_interfeces/lib/python3.14/site-packages:/opt/ros/lyrical/opt/gz_sim_vendor/lib/python:/opt/ros/lyrical/opt/gz_transport_vendor/lib/python:/opt/ros/lyrical/opt/sdformat_vendor/lib/python:/opt/ros/lyrical/opt/gz_msgs_vendor/lib/python:/opt/ros/lyrical/opt/gz_math_vendor/lib/python:/opt/ros/lyrical/lib/python3.14/site-packages', 'COLCON': '1', 'QT_IM_MODULES': 'wayland;ibus', 'MEMORY_PRESSURE_WRITE': 'c29tZSAyMDAwMDAgMjAwMDAwMAA=', 'CMAKE_PREFIX_PATH': '/home/hzc/linux/ros2/stu/ws01_plubming/install/tutorails_plumbing:/home/hzc/linux/ros2/stu/ws01_plubming/install/cpp07_exercise:/home/hzc/linux/ros2/stu/ws01_plubming/install/cpp06_time:/home/hzc/linux/ros2/stu/ws01_plubming/install/cpp05_names:/home/hzc/linux/ros2/stu/ws01_plubming/install/cpp04_param:/home/hzc/linux/ros2/stu/ws01_plubming/install/cpp03_action:/home/hzc/linux/ros2/stu/ws01_plubming/install/cpp02_service:/home/hzc/linux/ros2/stu/ws01_plubming/install/cpp01_topic:/home/hzc/linux/ros2/stu/ws01_plubming/install/base_interfeces:/opt/ros/lyrical/opt/gz_sim_vendor:/opt/ros/lyrical/opt/gz_sensors_vendor:/opt/ros/lyrical/opt/gz_gui_vendor:/opt/ros/lyrical/opt/gz_transport_vendor:/opt/ros/lyrical/opt/gz_physics_vendor:/opt/ros/lyrical/opt/sdformat_vendor:/opt/ros/lyrical/opt/gz_rendering_vendor:/opt/ros/lyrical/opt/gz_plugin_vendor:/opt/ros/lyrical/opt/gz_fuel_tools_vendor:/opt/ros/lyrical/opt/gz_msgs_vendor:/opt/ros/lyrical/opt/gz_common_vendor:/opt/ros/lyrical/opt/gz_math_vendor:/opt/ros/lyrical/opt/gz_utils_vendor:/opt/ros/lyrical/opt/gz_tools_vendor:/opt/ros/lyrical/opt/gz_ogre_next_vendor:/opt/ros/lyrical/opt/gz_dartsim_vendor:/opt/ros/lyrical/opt/gz_cmake_vendor:/home/hzc/linux/ros2/stu/ws01_plubming/install/py06_timer:/home/hzc/linux/ros2/stu/ws01_plubming/install/py05_names:/home/hzc/linux/ros2/stu/ws01_plubming/install/py04_param:/home/hzc/linux/ros2/stu/ws01_plubming/install/py03_action:/home/hzc/linux/ros2/stu/ws01_plubming/install/py02_seriver:/home/hzc/linux/ros2/stu/ws01_plubming/install/py01_topic:/opt/ros/lyrical'}), 'shell': False}
[9.229895] (base_interfeces) StdoutLine: {'line': b'-- Install configuration: ""\n'}
[9.230154] (base_interfeces) StdoutLine: {'line': b'-- Installing: /home/hzc/linux/ros2/stu/ws01_plubming/install/base_interfeces/share/ament_index/resource_index/rosidl_interfaces/base_interfeces\n'}
[9.230337] (base_interfeces) StdoutLine: {'line': b'-- Installing: /home/hzc/linux/ros2/stu/ws01_plubming/install/base_interfeces/share/base_interfeces/msg/Student.json\n'}
[9.230475] (base_interfeces) StdoutLine: {'line': b'-- Installing: /home/hzc/linux/ros2/stu/ws01_plubming/install/base_interfeces/share/base_interfeces/srv/Addints.json\n'}
[9.230611] (-) TimerEvent: {}
[9.230822] (base_interfeces) StdoutLine: {'line': b'-- Installing: /home/hzc/linux/ros2/stu/ws01_plubming/install/base_interfeces/share/base_interfeces/srv/Distance.json\n'}
[9.230990] (base_interfeces) StdoutLine: {'line': b'-- Installing: /home/hzc/linux/ros2/stu/ws01_plubming/install/base_interfeces/share/base_interfeces/action/Progress.json\n'}
[9.231163] (base_interfeces) StdoutLine: {'line': b'-- Installing: /home/hzc/linux/ros2/stu/ws01_plubming/install/base_interfeces/share/base_interfeces/action/Nav.json\n'}
[9.231343] (base_interfeces) StdoutLine: {'line': b'-- Up-to-date: /home/hzc/linux/ros2/stu/ws01_plubming/install/base_interfeces/include/base_interfeces/base_interfeces\n'}
[9.231594] (base_interfeces) StdoutLine: {'line': b'-- Up-to-date: /home/hzc/linux/ros2/stu/ws01_plubming/install/base_interfeces/include/base_interfeces/base_interfeces/action\n'}
[9.231726] (base_interfeces) StdoutLine: {'line': b'-- Installing: /home/hzc/linux/ros2/stu/ws01_plubming/install/base_interfeces/include/base_interfeces/base_interfeces/action/progress.h\n'}
[9.232012] (base_interfeces) StdoutLine: {'line': b'-- Installing: /home/hzc/linux/ros2/stu/ws01_plubming/install/base_interfeces/include/base_interfeces/base_interfeces/action/nav.h\n'}
[9.232163] (base_interfeces) StdoutLine: {'line': b'-- Up-to-date: /home/hzc/linux/ros2/stu/ws01_plubming/install/base_interfeces/include/base_interfeces/base_interfeces/action/detail\n'}
[9.232341] (base_interfeces) StdoutLine: {'line': b'-- Installing: /home/hzc/linux/ros2/stu/ws01_plubming/install/base_interfeces/include/base_interfeces/base_interfeces/action/detail/nav__struct.h\n'}
[9.232484] (base_interfeces) StdoutLine: {'line': b'-- Installing: /home/hzc/linux/ros2/stu/ws01_plubming/install/base_interfeces/include/base_interfeces/base_interfeces/action/detail/nav__description.c\n'}
[9.233282] (base_interfeces) StdoutLine: {'line': b'-- Installing: /home/hzc/linux/ros2/stu/ws01_plubming/install/base_interfeces/include/base_interfeces/base_interfeces/action/detail/nav__functions.h\n'}
[9.233457] (base_interfeces) StdoutLine: {'line': b'-- Installing: /home/hzc/linux/ros2/stu/ws01_plubming/install/base_interfeces/include/base_interfeces/base_interfeces/action/detail/progress__functions.c\n'}
[9.233614] (base_interfeces) StdoutLine: {'line': b'-- Installing: /home/hzc/linux/ros2/stu/ws01_plubming/install/base_interfeces/include/base_interfeces/base_interfeces/action/detail/progress__description.c\n'}
[9.233811] (base_interfeces) StdoutLine: {'line': b'-- Installing: /home/hzc/linux/ros2/stu/ws01_plubming/install/base_interfeces/include/base_interfeces/base_interfeces/action/detail/nav__type_support.c\n'}
[9.234011] (base_interfeces) StdoutLine: {'line': b'-- Installing: /home/hzc/linux/ros2/stu/ws01_plubming/install/base_interfeces/include/base_interfeces/base_interfeces/action/detail/progress__functions.h\n'}
[9.234175] (base_interfeces) StdoutLine: {'line': b'-- Installing: /home/hzc/linux/ros2/stu/ws01_plubming/install/base_interfeces/include/base_interfeces/base_interfeces/action/detail/progress__type_support.h\n'}
[9.234326] (base_interfeces) StdoutLine: {'line': b'-- Installing: /home/hzc/linux/ros2/stu/ws01_plubming/install/base_interfeces/include/base_interfeces/base_interfeces/action/detail/nav__functions.c\n'}
[9.234497] (base_interfeces) StdoutLine: {'line': b'-- Installing: /home/hzc/linux/ros2/stu/ws01_plubming/install/base_interfeces/include/base_interfeces/base_interfeces/action/detail/progress__type_support.c\n'}
[9.234689] (base_interfeces) StdoutLine: {'line': b'-- Installing: /home/hzc/linux/ros2/stu/ws01_plubming/install/base_interfeces/include/base_interfeces/base_interfeces/action/detail/nav__type_support.h\n'}
[9.234954] (base_interfeces) StdoutLine: {'line': b'-- Installing: /home/hzc/linux/ros2/stu/ws01_plubming/install/base_interfeces/include/base_interfeces/base_interfeces/action/detail/progress__struct.h\n'}
[9.235164] (base_interfeces) StdoutLine: {'line': b'-- Up-to-date: /home/hzc/linux/ros2/stu/ws01_plubming/install/base_interfeces/include/base_interfeces/base_interfeces/srv\n'}
[9.235267] (base_interfeces) StdoutLine: {'line': b'-- Installing: /home/hzc/linux/ros2/stu/ws01_plubming/install/base_interfeces/include/base_interfeces/base_interfeces/srv/distance.h\n'}
[9.235408] (base_interfeces) StdoutLine: {'line': b'-- Up-to-date: /home/hzc/linux/ros2/stu/ws01_plubming/install/base_interfeces/include/base_interfeces/base_interfeces/srv/detail\n'}
[9.235543] (base_interfeces) StdoutLine: {'line': b'-- Installing: /home/hzc/linux/ros2/stu/ws01_plubming/install/base_interfeces/include/base_interfeces/base_interfeces/srv/detail/addints__functions.h\n'}
[9.235716] (base_interfeces) StdoutLine: {'line': b'-- Installing: /home/hzc/linux/ros2/stu/ws01_plubming/install/base_interfeces/include/base_interfeces/base_interfeces/srv/detail/distance__type_support.h\n'}
[9.235952] (base_interfeces) StdoutLine: {'line': b'-- Installing: /home/hzc/linux/ros2/stu/ws01_plubming/install/base_interfeces/include/base_interfeces/base_interfeces/srv/detail/addints__functions.c\n'}
[9.236210] (base_interfeces) StdoutLine: {'line': b'-- Installing: /home/hzc/linux/ros2/stu/ws01_plubming/install/base_interfeces/include/base_interfeces/base_interfeces/srv/detail/distance__functions.h\n'}
[9.236462] (base_interfeces) StdoutLine: {'line': b'-- Installing: /home/hzc/linux/ros2/stu/ws01_plubming/install/base_interfeces/include/base_interfeces/base_interfeces/srv/detail/addints__struct.h\n'}
[9.236675] (base_interfeces) StdoutLine: {'line': b'-- Installing: /home/hzc/linux/ros2/stu/ws01_plubming/install/base_interfeces/include/base_interfeces/base_interfeces/srv/detail/distance__struct.h\n'}
[9.236893] (base_interfeces) StdoutLine: {'line': b'-- Installing: /home/hzc/linux/ros2/stu/ws01_plubming/install/base_interfeces/include/base_interfeces/base_interfeces/srv/detail/addints__description.c\n'}
[9.237146] (base_interfeces) StdoutLine: {'line': b'-- Installing: /home/hzc/linux/ros2/stu/ws01_plubming/install/base_interfeces/include/base_interfeces/base_interfeces/srv/detail/addints__type_support.c\n'}
[9.237382] (base_interfeces) StdoutLine: {'line': b'-- Installing: /home/hzc/linux/ros2/stu/ws01_plubming/install/base_interfeces/include/base_interfeces/base_interfeces/srv/detail/distance__description.c\n'}
[9.237553] (base_interfeces) StdoutLine: {'line': b'-- Installing: /home/hzc/linux/ros2/stu/ws01_plubming/install/base_interfeces/include/base_interfeces/base_interfeces/srv/detail/distance__functions.c\n'}
[9.237732] (base_interfeces) StdoutLine: {'line': b'-- Installing: /home/hzc/linux/ros2/stu/ws01_plubming/install/base_interfeces/include/base_interfeces/base_interfeces/srv/detail/addints__type_support.h\n'}
[9.237914] (base_interfeces) StdoutLine: {'line': b'-- Installing: /home/hzc/linux/ros2/stu/ws01_plubming/install/base_interfeces/include/base_interfeces/base_interfeces/srv/detail/distance__type_support.c\n'}
[9.238079] (base_interfeces) StdoutLine: {'line': b'-- Installing: /home/hzc/linux/ros2/stu/ws01_plubming/install/base_interfeces/include/base_interfeces/base_interfeces/srv/addints.h\n'}
[9.238304] (base_interfeces) StdoutLine: {'line': b'-- Up-to-date: /home/hzc/linux/ros2/stu/ws01_plubming/install/base_interfeces/include/base_interfeces/base_interfeces/msg\n'}
[9.238875] (base_interfeces) StdoutLine: {'line': b'-- Up-to-date: /home/hzc/linux/ros2/stu/ws01_plubming/install/base_interfeces/include/base_interfeces/base_interfeces/msg/rosidl_generator_c__visibility_control.h\n'}
[9.239028] (base_interfeces) StdoutLine: {'line': b'-- Up-to-date: /home/hzc/linux/ros2/stu/ws01_plubming/install/base_interfeces/include/base_interfeces/base_interfeces/msg/detail\n'}
[9.239141] (base_interfeces) StdoutLine: {'line': b'-- Installing: /home/hzc/linux/ros2/stu/ws01_plubming/install/base_interfeces/include/base_interfeces/base_interfeces/msg/detail/student__functions.h\n'}
[9.239281] (base_interfeces) StdoutLine: {'line': b'-- Installing: /home/hzc/linux/ros2/stu/ws01_plubming/install/base_interfeces/include/base_interfeces/base_interfeces/msg/detail/student__functions.c\n'}
[9.239516] (base_interfeces) StdoutLine: {'line': b'-- Installing: /home/hzc/linux/ros2/stu/ws01_plubming/install/base_interfeces/include/base_interfeces/base_interfeces/msg/detail/student__struct.h\n'}
[9.239678] (base_interfeces) StdoutLine: {'line': b'-- Installing: /home/hzc/linux/ros2/stu/ws01_plubming/install/base_interfeces/include/base_interfeces/base_interfeces/msg/detail/student__description.c\n'}
[9.239837] (base_interfeces) StdoutLine: {'line': b'-- Installing: /home/hzc/linux/ros2/stu/ws01_plubming/install/base_interfeces/include/base_interfeces/base_interfeces/msg/detail/student__type_support.h\n'}
[9.239970] (base_interfeces) StdoutLine: {'line': b'-- Installing: /home/hzc/linux/ros2/stu/ws01_plubming/install/base_interfeces/include/base_interfeces/base_interfeces/msg/detail/student__type_support.c\n'}
[9.240098] (base_interfeces) StdoutLine: {'line': b'-- Installing: /home/hzc/linux/ros2/stu/ws01_plubming/install/base_interfeces/include/base_interfeces/base_interfeces/msg/student.h\n'}
[9.240272] (base_interfeces) StdoutLine: {'line': b'-- Up-to-date: /home/hzc/linux/ros2/stu/ws01_plubming/install/base_interfeces/share/base_interfeces/environment/library_path.sh\n'}
[9.240404] (base_interfeces) StdoutLine: {'line': b'-- Up-to-date: /home/hzc/linux/ros2/stu/ws01_plubming/install/base_interfeces/share/base_interfeces/environment/library_path.dsv\n'}
[9.240578] (base_interfeces) StdoutLine: {'line': b'-- Installing: /home/hzc/linux/ros2/stu/ws01_plubming/install/base_interfeces/lib/libbase_interfeces__rosidl_generator_c.so\n'}
[9.241531] (base_interfeces) StdoutLine: {'line': b'-- Set non-toolchain portion of runtime path of "/home/hzc/linux/ros2/stu/ws01_plubming/install/base_interfeces/lib/libbase_interfeces__rosidl_generator_c.so" to ""\n'}
[9.241701] (base_interfeces) StdoutLine: {'line': b'-- Up-to-date: /home/hzc/linux/ros2/stu/ws01_plubming/install/base_interfeces/include/base_interfeces/base_interfeces\n'}
[9.241844] (base_interfeces) StdoutLine: {'line': b'-- Up-to-date: /home/hzc/linux/ros2/stu/ws01_plubming/install/base_interfeces/include/base_interfeces/base_interfeces/action\n'}
[9.241987] (base_interfeces) StdoutLine: {'line': b'-- Up-to-date: /home/hzc/linux/ros2/stu/ws01_plubming/install/base_interfeces/include/base_interfeces/base_interfeces/action/detail\n'}
[9.242144] (base_interfeces) StdoutLine: {'line': b'-- Installing: /home/hzc/linux/ros2/stu/ws01_plubming/install/base_interfeces/include/base_interfeces/base_interfeces/action/detail/progress__rosidl_typesupport_fastrtps_c.h\n'}
[9.242287] (base_interfeces) StdoutLine: {'line': b'-- Installing: /home/hzc/linux/ros2/stu/ws01_plubming/install/base_interfeces/include/base_interfeces/base_interfeces/action/detail/nav__rosidl_typesupport_fastrtps_c.h\n'}
[9.242389] (base_interfeces) StdoutLine: {'line': b'-- Up-to-date: /home/hzc/linux/ros2/stu/ws01_plubming/install/base_interfeces/include/base_interfeces/base_interfeces/srv\n'}
[9.242511] (base_interfeces) StdoutLine: {'line': b'-- Up-to-date: /home/hzc/linux/ros2/stu/ws01_plubming/install/base_interfeces/include/base_interfeces/base_interfeces/srv/detail\n'}
[9.242661] (base_interfeces) StdoutLine: {'line': b'-- Installing: /home/hzc/linux/ros2/stu/ws01_plubming/install/base_interfeces/include/base_interfeces/base_interfeces/srv/detail/addints__rosidl_typesupport_fastrtps_c.h\n'}
[9.242802] (base_interfeces) StdoutLine: {'line': b'-- Installing: /home/hzc/linux/ros2/stu/ws01_plubming/install/base_interfeces/include/base_interfeces/base_interfeces/srv/detail/distance__rosidl_typesupport_fastrtps_c.h\n'}
[9.242896] (base_interfeces) StdoutLine: {'line': b'-- Up-to-date: /home/hzc/linux/ros2/stu/ws01_plubming/install/base_interfeces/include/base_interfeces/base_interfeces/msg\n'}
[9.242986] (base_interfeces) StdoutLine: {'line': b'-- Up-to-date: /home/hzc/linux/ros2/stu/ws01_plubming/install/base_interfeces/include/base_interfeces/base_interfeces/msg/detail\n'}
[9.243069] (base_interfeces) StdoutLine: {'line': b'-- Installing: /home/hzc/linux/ros2/stu/ws01_plubming/install/base_interfeces/include/base_interfeces/base_interfeces/msg/detail/student__rosidl_typesupport_fastrtps_c.h\n'}
[9.244671] (base_interfeces) StdoutLine: {'line': b'-- Up-to-date: /home/hzc/linux/ros2/stu/ws01_plubming/install/base_interfeces/include/base_interfeces/base_interfeces/msg/rosidl_typesupport_fastrtps_c__visibility_control.h\n'}
[9.244818] (base_interfeces) StdoutLine: {'line': b'-- Installing: /home/hzc/linux/ros2/stu/ws01_plubming/install/base_interfeces/lib/libbase_interfeces__rosidl_typesupport_fastrtps_c.so\n'}
[9.244915] (base_interfeces) StdoutLine: {'line': b'-- Set non-toolchain portion of runtime path of "/home/hzc/linux/ros2/stu/ws01_plubming/install/base_interfeces/lib/libbase_interfeces__rosidl_typesupport_fastrtps_c.so" to ""\n'}
[9.245080] (base_interfeces) StdoutLine: {'line': b'-- Up-to-date: /home/hzc/linux/ros2/stu/ws01_plubming/install/base_interfeces/include/base_interfeces/base_interfeces\n'}
[9.245198] (base_interfeces) StdoutLine: {'line': b'-- Up-to-date: /home/hzc/linux/ros2/stu/ws01_plubming/install/base_interfeces/include/base_interfeces/base_interfeces/action\n'}
[9.245306] (base_interfeces) StdoutLine: {'line': b'-- Up-to-date: /home/hzc/linux/ros2/stu/ws01_plubming/install/base_interfeces/include/base_interfeces/base_interfeces/action/detail\n'}
[9.245396] (base_interfeces) StdoutLine: {'line': b'-- Installing: /home/hzc/linux/ros2/stu/ws01_plubming/install/base_interfeces/include/base_interfeces/base_interfeces/action/detail/progress__rosidl_typesupport_introspection_c.h\n'}
[9.245481] (base_interfeces) StdoutLine: {'line': b'-- Installing: /home/hzc/linux/ros2/stu/ws01_plubming/install/base_interfeces/include/base_interfeces/base_interfeces/action/detail/nav__rosidl_typesupport_introspection_c.h\n'}
[9.245558] (base_interfeces) StdoutLine: {'line': b'-- Installing: /home/hzc/linux/ros2/stu/ws01_plubming/install/base_interfeces/include/base_interfeces/base_interfeces/action/detail/nav__type_support.c\n'}
[9.245687] (base_interfeces) StdoutLine: {'line': b'-- Installing: /home/hzc/linux/ros2/stu/ws01_plubming/install/base_interfeces/include/base_interfeces/base_interfeces/action/detail/progress__type_support.c\n'}
[9.245784] (base_interfeces) StdoutLine: {'line': b'-- Up-to-date: /home/hzc/linux/ros2/stu/ws01_plubming/install/base_interfeces/include/base_interfeces/base_interfeces/srv\n'}
[9.245870] (base_interfeces) StdoutLine: {'line': b'-- Up-to-date: /home/hzc/linux/ros2/stu/ws01_plubming/install/base_interfeces/include/base_interfeces/base_interfeces/srv/detail\n'}
[9.245992] (base_interfeces) StdoutLine: {'line': b'-- Installing: /home/hzc/linux/ros2/stu/ws01_plubming/install/base_interfeces/include/base_interfeces/base_interfeces/srv/detail/distance__rosidl_typesupport_introspection_c.h\n'}
[9.246274] (base_interfeces) StdoutLine: {'line': b'-- Installing: /home/hzc/linux/ros2/stu/ws01_plubming/install/base_interfeces/include/base_interfeces/base_interfeces/srv/detail/addints__type_support.c\n'}
[9.246367] (base_interfeces) StdoutLine: {'line': b'-- Installing: /home/hzc/linux/ros2/stu/ws01_plubming/install/base_interfeces/include/base_interfeces/base_interfeces/srv/detail/addints__rosidl_typesupport_introspection_c.h\n'}
[9.246679] (base_interfeces) StdoutLine: {'line': b'-- Installing: /home/hzc/linux/ros2/stu/ws01_plubming/install/base_interfeces/include/base_interfeces/base_interfeces/srv/detail/distance__type_support.c\n'}
[9.246782] (base_interfeces) StdoutLine: {'line': b'-- Up-to-date: /home/hzc/linux/ros2/stu/ws01_plubming/install/base_interfeces/include/base_interfeces/base_interfeces/msg\n'}
[9.246872] (base_interfeces) StdoutLine: {'line': b'-- Up-to-date: /home/hzc/linux/ros2/stu/ws01_plubming/install/base_interfeces/include/base_interfeces/base_interfeces/msg/detail\n'}
[9.246955] (base_interfeces) StdoutLine: {'line': b'-- Installing: /home/hzc/linux/ros2/stu/ws01_plubming/install/base_interfeces/include/base_interfeces/base_interfeces/msg/detail/student__rosidl_typesupport_introspection_c.h\n'}
[9.247035] (base_interfeces) StdoutLine: {'line': b'-- Installing: /home/hzc/linux/ros2/stu/ws01_plubming/install/base_interfeces/include/base_interfeces/base_interfeces/msg/detail/student__type_support.c\n'}
[9.247116] (base_interfeces) StdoutLine: {'line': b'-- Up-to-date: /home/hzc/linux/ros2/stu/ws01_plubming/install/base_interfeces/include/base_interfeces/base_interfeces/msg/rosidl_typesupport_introspection_c__visibility_control.h\n'}
[9.247193] (base_interfeces) StdoutLine: {'line': b'-- Installing: /home/hzc/linux/ros2/stu/ws01_plubming/install/base_interfeces/lib/libbase_interfeces__rosidl_typesupport_introspection_c.so\n'}
[9.247623] (base_interfeces) StdoutLine: {'line': b'-- Set non-toolchain portion of runtime path of "/home/hzc/linux/ros2/stu/ws01_plubming/install/base_interfeces/lib/libbase_interfeces__rosidl_typesupport_introspection_c.so" to ""\n'}
[9.247854] (base_interfeces) StdoutLine: {'line': b'-- Installing: /home/hzc/linux/ros2/stu/ws01_plubming/install/base_interfeces/lib/libbase_interfeces__rosidl_typesupport_c.so\n'}
[9.248504] (base_interfeces) StdoutLine: {'line': b'-- Set non-toolchain portion of runtime path of "/home/hzc/linux/ros2/stu/ws01_plubming/install/base_interfeces/lib/libbase_interfeces__rosidl_typesupport_c.so" to ""\n'}
[9.248613] (base_interfeces) StdoutLine: {'line': b'-- Up-to-date: /home/hzc/linux/ros2/stu/ws01_plubming/install/base_interfeces/include/base_interfeces/base_interfeces\n'}
[9.248753] (base_interfeces) StdoutLine: {'line': b'-- Up-to-date: /home/hzc/linux/ros2/stu/ws01_plubming/install/base_interfeces/include/base_interfeces/base_interfeces/action\n'}
[9.248877] (base_interfeces) StdoutLine: {'line': b'-- Installing: /home/hzc/linux/ros2/stu/ws01_plubming/install/base_interfeces/include/base_interfeces/base_interfeces/action/nav.hpp\n'}
[9.248960] (base_interfeces) StdoutLine: {'line': b'-- Installing: /home/hzc/linux/ros2/stu/ws01_plubming/install/base_interfeces/include/base_interfeces/base_interfeces/action/progress.hpp\n'}
[9.249098] (base_interfeces) StdoutLine: {'line': b'-- Up-to-date: /home/hzc/linux/ros2/stu/ws01_plubming/install/base_interfeces/include/base_interfeces/base_interfeces/action/detail\n'}
[9.249205] (base_interfeces) StdoutLine: {'line': b'-- Installing: /home/hzc/linux/ros2/stu/ws01_plubming/install/base_interfeces/include/base_interfeces/base_interfeces/action/detail/progress__type_support.hpp\n'}
[9.249286] (base_interfeces) StdoutLine: {'line': b'-- Installing: /home/hzc/linux/ros2/stu/ws01_plubming/install/base_interfeces/include/base_interfeces/base_interfeces/action/detail/progress__traits.hpp\n'}
[9.249392] (base_interfeces) StdoutLine: {'line': b'-- Installing: /home/hzc/linux/ros2/stu/ws01_plubming/install/base_interfeces/include/base_interfeces/base_interfeces/action/detail/progress__struct.hpp\n'}
[9.249587] (base_interfeces) StdoutLine: {'line': b'-- Installing: /home/hzc/linux/ros2/stu/ws01_plubming/install/base_interfeces/include/base_interfeces/base_interfeces/action/detail/nav__traits.hpp\n'}
[9.249798] (base_interfeces) StdoutLine: {'line': b'-- Installing: /home/hzc/linux/ros2/stu/ws01_plubming/install/base_interfeces/include/base_interfeces/base_interfeces/action/detail/nav__struct.hpp\n'}
[9.250045] (base_interfeces) StdoutLine: {'line': b'-- Installing: /home/hzc/linux/ros2/stu/ws01_plubming/install/base_interfeces/include/base_interfeces/base_interfeces/action/detail/nav__type_support.hpp\n'}
[9.250192] (base_interfeces) StdoutLine: {'line': b'-- Installing: /home/hzc/linux/ros2/stu/ws01_plubming/install/base_interfeces/include/base_interfeces/base_interfeces/action/detail/nav__builder.hpp\n'}
[9.250348] (base_interfeces) StdoutLine: {'line': b'-- Installing: /home/hzc/linux/ros2/stu/ws01_plubming/install/base_interfeces/include/base_interfeces/base_interfeces/action/detail/progress__builder.hpp\n'}
[9.250527] (base_interfeces) StdoutLine: {'line': b'-- Up-to-date: /home/hzc/linux/ros2/stu/ws01_plubming/install/base_interfeces/include/base_interfeces/base_interfeces/srv\n'}
[9.250653] (base_interfeces) StdoutLine: {'line': b'-- Installing: /home/hzc/linux/ros2/stu/ws01_plubming/install/base_interfeces/include/base_interfeces/base_interfeces/srv/addints.hpp\n'}
[9.250754] (base_interfeces) StdoutLine: {'line': b'-- Up-to-date: /home/hzc/linux/ros2/stu/ws01_plubming/install/base_interfeces/include/base_interfeces/base_interfeces/srv/detail\n'}
[9.250853] (base_interfeces) StdoutLine: {'line': b'-- Installing: /home/hzc/linux/ros2/stu/ws01_plubming/install/base_interfeces/include/base_interfeces/base_interfeces/srv/detail/addints__type_support.hpp\n'}
[9.250985] (base_interfeces) StdoutLine: {'line': b'-- Installing: /home/hzc/linux/ros2/stu/ws01_plubming/install/base_interfeces/include/base_interfeces/base_interfeces/srv/detail/distance__struct.hpp\n'}
[9.251173] (base_interfeces) StdoutLine: {'line': b'-- Installing: /home/hzc/linux/ros2/stu/ws01_plubming/install/base_interfeces/include/base_interfeces/base_interfeces/srv/detail/addints__traits.hpp\n'}
[9.251356] (base_interfeces) StdoutLine: {'line': b'-- Installing: /home/hzc/linux/ros2/stu/ws01_plubming/install/base_interfeces/include/base_interfeces/base_interfeces/srv/detail/distance__type_support.hpp\n'}
[9.251519] (base_interfeces) StdoutLine: {'line': b'-- Installing: /home/hzc/linux/ros2/stu/ws01_plubming/install/base_interfeces/include/base_interfeces/base_interfeces/srv/detail/addints__struct.hpp\n'}
[9.251700] (base_interfeces) StdoutLine: {'line': b'-- Installing: /home/hzc/linux/ros2/stu/ws01_plubming/install/base_interfeces/include/base_interfeces/base_interfeces/srv/detail/distance__builder.hpp\n'}
[9.251897] (base_interfeces) StdoutLine: {'line': b'-- Installing: /home/hzc/linux/ros2/stu/ws01_plubming/install/base_interfeces/include/base_interfeces/base_interfeces/srv/detail/distance__traits.hpp\n'}
[9.252076] (base_interfeces) StdoutLine: {'line': b'-- Installing: /home/hzc/linux/ros2/stu/ws01_plubming/install/base_interfeces/include/base_interfeces/base_interfeces/srv/detail/addints__builder.hpp\n'}
[9.252235] (base_interfeces) StdoutLine: {'line': b'-- Installing: /home/hzc/linux/ros2/stu/ws01_plubming/install/base_interfeces/include/base_interfeces/base_interfeces/srv/distance.hpp\n'}
[9.252391] (base_interfeces) StdoutLine: {'line': b'-- Up-to-date: /home/hzc/linux/ros2/stu/ws01_plubming/install/base_interfeces/include/base_interfeces/base_interfeces/msg\n'}
[9.252508] (base_interfeces) StdoutLine: {'line': b'-- Installing: /home/hzc/linux/ros2/stu/ws01_plubming/install/base_interfeces/include/base_interfeces/base_interfeces/msg/rosidl_generator_cpp__visibility_control.hpp\n'}
[9.252602] (base_interfeces) StdoutLine: {'line': b'-- Installing: /home/hzc/linux/ros2/stu/ws01_plubming/install/base_interfeces/include/base_interfeces/base_interfeces/msg/student.hpp\n'}
[9.252768] (base_interfeces) StdoutLine: {'line': b'-- Up-to-date: /home/hzc/linux/ros2/stu/ws01_plubming/install/base_interfeces/include/base_interfeces/base_interfeces/msg/detail\n'}
[9.253909] (base_interfeces) StdoutLine: {'line': b'-- Installing: /home/hzc/linux/ros2/stu/ws01_plubming/install/base_interfeces/include/base_interfeces/base_interfeces/msg/detail/student__struct.hpp\n'}
[9.254132] (base_interfeces) StdoutLine: {'line': b'-- Installing: /home/hzc/linux/ros2/stu/ws01_plubming/install/base_interfeces/include/base_interfeces/base_interfeces/msg/detail/student__type_support.hpp\n'}
[9.254303] (base_interfeces) StdoutLine: {'line': b'-- Installing: /home/hzc/linux/ros2/stu/ws01_plubming/install/base_interfeces/include/base_interfeces/base_interfeces/msg/detail/student__traits.hpp\n'}
[9.254513] (base_interfeces) StdoutLine: {'line': b'-- Installing: /home/hzc/linux/ros2/stu/ws01_plubming/install/base_interfeces/include/base_interfeces/base_interfeces/msg/detail/student__builder.hpp\n'}
[9.254667] (base_interfeces) StdoutLine: {'line': b'-- Up-to-date: /home/hzc/linux/ros2/stu/ws01_plubming/install/base_interfeces/include/base_interfeces/base_interfeces\n'}
[9.254834] (base_interfeces) StdoutLine: {'line': b'-- Up-to-date: /home/hzc/linux/ros2/stu/ws01_plubming/install/base_interfeces/include/base_interfeces/base_interfeces/action\n'}
[9.255013] (base_interfeces) StdoutLine: {'line': b'-- Up-to-date: /home/hzc/linux/ros2/stu/ws01_plubming/install/base_interfeces/include/base_interfeces/base_interfeces/action/detail\n'}
[9.255145] (base_interfeces) StdoutLine: {'line': b'-- Installing: /home/hzc/linux/ros2/stu/ws01_plubming/install/base_interfeces/include/base_interfeces/base_interfeces/action/detail/progress__rosidl_typesupport_fastrtps_cpp.hpp\n'}
[9.255275] (base_interfeces) StdoutLine: {'line': b'-- Installing: /home/hzc/linux/ros2/stu/ws01_plubming/install/base_interfeces/include/base_interfeces/base_interfeces/action/detail/nav__rosidl_typesupport_fastrtps_cpp.hpp\n'}
[9.255398] (base_interfeces) StdoutLine: {'line': b'-- Up-to-date: /home/hzc/linux/ros2/stu/ws01_plubming/install/base_interfeces/include/base_interfeces/base_interfeces/action/detail/dds_fastrtps\n'}
[9.255518] (base_interfeces) StdoutLine: {'line': b'-- Up-to-date: /home/hzc/linux/ros2/stu/ws01_plubming/install/base_interfeces/include/base_interfeces/base_interfeces/srv\n'}
[9.255627] (base_interfeces) StdoutLine: {'line': b'-- Up-to-date: /home/hzc/linux/ros2/stu/ws01_plubming/install/base_interfeces/include/base_interfeces/base_interfeces/srv/detail\n'}
[9.255735] (base_interfeces) StdoutLine: {'line': b'-- Installing: /home/hzc/linux/ros2/stu/ws01_plubming/install/base_interfeces/include/base_interfeces/base_interfeces/srv/detail/distance__rosidl_typesupport_fastrtps_cpp.hpp\n'}
[9.255894] (base_interfeces) StdoutLine: {'line': b'-- Installing: /home/hzc/linux/ros2/stu/ws01_plubming/install/base_interfeces/include/base_interfeces/base_interfeces/srv/detail/addints__rosidl_typesupport_fastrtps_cpp.hpp\n'}
[9.256038] (base_interfeces) StdoutLine: {'line': b'-- Up-to-date: /home/hzc/linux/ros2/stu/ws01_plubming/install/base_interfeces/include/base_interfeces/base_interfeces/srv/detail/dds_fastrtps\n'}
[9.256151] (base_interfeces) StdoutLine: {'line': b'-- Up-to-date: /home/hzc/linux/ros2/stu/ws01_plubming/install/base_interfeces/include/base_interfeces/base_interfeces/msg\n'}
[9.256238] (base_interfeces) StdoutLine: {'line': b'-- Up-to-date: /home/hzc/linux/ros2/stu/ws01_plubming/install/base_interfeces/include/base_interfeces/base_interfeces/msg/rosidl_typesupport_fastrtps_cpp__visibility_control.h\n'}
[9.256315] (base_interfeces) StdoutLine: {'line': b'-- Up-to-date: /home/hzc/linux/ros2/stu/ws01_plubming/install/base_interfeces/include/base_interfeces/base_interfeces/msg/detail\n'}
[9.256394] (base_interfeces) StdoutLine: {'line': b'-- Installing: /home/hzc/linux/ros2/stu/ws01_plubming/install/base_interfeces/include/base_interfeces/base_interfeces/msg/detail/student__rosidl_typesupport_fastrtps_cpp.hpp\n'}
[9.256494] (base_interfeces) StdoutLine: {'line': b'-- Up-to-date: /home/hzc/linux/ros2/stu/ws01_plubming/install/base_interfeces/include/base_interfeces/base_interfeces/msg/detail/dds_fastrtps\n'}
[9.256579] (base_interfeces) StdoutLine: {'line': b'-- Installing: /home/hzc/linux/ros2/stu/ws01_plubming/install/base_interfeces/lib/libbase_interfeces__rosidl_typesupport_fastrtps_cpp.so\n'}
[9.257253] (base_interfeces) StdoutLine: {'line': b'-- Set non-toolchain portion of runtime path of "/home/hzc/linux/ros2/stu/ws01_plubming/install/base_interfeces/lib/libbase_interfeces__rosidl_typesupport_fastrtps_cpp.so" to ""\n'}
[9.257430] (base_interfeces) StdoutLine: {'line': b'-- Up-to-date: /home/hzc/linux/ros2/stu/ws01_plubming/install/base_interfeces/include/base_interfeces/base_interfeces\n'}
[9.257582] (base_interfeces) StdoutLine: {'line': b'-- Up-to-date: /home/hzc/linux/ros2/stu/ws01_plubming/install/base_interfeces/include/base_interfeces/base_interfeces/action\n'}
[9.257696] (base_interfeces) StdoutLine: {'line': b'-- Up-to-date: /home/hzc/linux/ros2/stu/ws01_plubming/install/base_interfeces/include/base_interfeces/base_interfeces/action/detail\n'}
[9.257847] (base_interfeces) StdoutLine: {'line': b'-- Installing: /home/hzc/linux/ros2/stu/ws01_plubming/install/base_interfeces/include/base_interfeces/base_interfeces/action/detail/progress__type_support.cpp\n'}
[9.257937] (base_interfeces) StdoutLine: {'line': b'-- Installing: /home/hzc/linux/ros2/stu/ws01_plubming/install/base_interfeces/include/base_interfeces/base_interfeces/action/detail/nav__rosidl_typesupport_introspection_cpp.hpp\n'}
[9.258018] (base_interfeces) StdoutLine: {'line': b'-- Installing: /home/hzc/linux/ros2/stu/ws01_plubming/install/base_interfeces/include/base_interfeces/base_interfeces/action/detail/progress__rosidl_typesupport_introspection_cpp.hpp\n'}
[9.258410] (base_interfeces) StdoutLine: {'line': b'-- Installing: /home/hzc/linux/ros2/stu/ws01_plubming/install/base_interfeces/include/base_interfeces/base_interfeces/action/detail/nav__type_support.cpp\n'}
[9.258506] (base_interfeces) StdoutLine: {'line': b'-- Up-to-date: /home/hzc/linux/ros2/stu/ws01_plubming/install/base_interfeces/include/base_interfeces/base_interfeces/srv\n'}
[9.258587] (base_interfeces) StdoutLine: {'line': b'-- Up-to-date: /home/hzc/linux/ros2/stu/ws01_plubming/install/base_interfeces/include/base_interfeces/base_interfeces/srv/detail\n'}
[9.258665] (base_interfeces) StdoutLine: {'line': b'-- Installing: /home/hzc/linux/ros2/stu/ws01_plubming/install/base_interfeces/include/base_interfeces/base_interfeces/srv/detail/distance__type_support.cpp\n'}
[9.259293] (base_interfeces) StdoutLine: {'line': b'-- Installing: /home/hzc/linux/ros2/stu/ws01_plubming/install/base_interfeces/include/base_interfeces/base_interfeces/srv/detail/addints__type_support.cpp\n'}
[9.259397] (base_interfeces) StdoutLine: {'line': b'-- Installing: /home/hzc/linux/ros2/stu/ws01_plubming/install/base_interfeces/include/base_interfeces/base_interfeces/srv/detail/distance__rosidl_typesupport_introspection_cpp.hpp\n'}
[9.259487] (base_interfeces) StdoutLine: {'line': b'-- Installing: /home/hzc/linux/ros2/stu/ws01_plubming/install/base_interfeces/include/base_interfeces/base_interfeces/srv/detail/addints__rosidl_typesupport_introspection_cpp.hpp\n'}
[9.259573] (base_interfeces) StdoutLine: {'line': b'-- Up-to-date: /home/hzc/linux/ros2/stu/ws01_plubming/install/base_interfeces/include/base_interfeces/base_interfeces/msg\n'}
[9.259666] (base_interfeces) StdoutLine: {'line': b'-- Up-to-date: /home/hzc/linux/ros2/stu/ws01_plubming/install/base_interfeces/include/base_interfeces/base_interfeces/msg/detail\n'}
[9.259758] (base_interfeces) StdoutLine: {'line': b'-- Installing: /home/hzc/linux/ros2/stu/ws01_plubming/install/base_interfeces/include/base_interfeces/base_interfeces/msg/detail/student__type_support.cpp\n'}
[9.259913] (base_interfeces) StdoutLine: {'line': b'-- Installing: /home/hzc/linux/ros2/stu/ws01_plubming/install/base_interfeces/include/base_interfeces/base_interfeces/msg/detail/student__rosidl_typesupport_introspection_cpp.hpp\n'}
[9.260017] (base_interfeces) StdoutLine: {'line': b'-- Installing: /home/hzc/linux/ros2/stu/ws01_plubming/install/base_interfeces/lib/libbase_interfeces__rosidl_typesupport_introspection_cpp.so\n'}
[9.261028] (base_interfeces) StdoutLine: {'line': b'-- Set non-toolchain portion of runtime path of "/home/hzc/linux/ros2/stu/ws01_plubming/install/base_interfeces/lib/libbase_interfeces__rosidl_typesupport_introspection_cpp.so" to ""\n'}
[9.261203] (base_interfeces) StdoutLine: {'line': b'-- Installing: /home/hzc/linux/ros2/stu/ws01_plubming/install/base_interfeces/lib/libbase_interfeces__rosidl_typesupport_cpp.so\n'}
[9.262337] (base_interfeces) StdoutLine: {'line': b'-- Set non-toolchain portion of runtime path of "/home/hzc/linux/ros2/stu/ws01_plubming/install/base_interfeces/lib/libbase_interfeces__rosidl_typesupport_cpp.so" to ""\n'}
[9.262536] (base_interfeces) StdoutLine: {'line': b'-- Up-to-date: /home/hzc/linux/ros2/stu/ws01_plubming/install/base_interfeces/share/base_interfeces/environment/pythonpath.sh\n'}
[9.262656] (base_interfeces) StdoutLine: {'line': b'-- Up-to-date: /home/hzc/linux/ros2/stu/ws01_plubming/install/base_interfeces/share/base_interfeces/environment/pythonpath.dsv\n'}
[9.263177] (base_interfeces) StdoutLine: {'line': b'-- Installing: /home/hzc/linux/ros2/stu/ws01_plubming/install/base_interfeces/lib/python3.14/site-packages/base_interfeces/base_interfeces_s__rosidl_typesupport_fastrtps_c.so\n'}
[9.264351] (base_interfeces) StdoutLine: {'line': b'-- Set non-toolchain portion of runtime path of "/home/hzc/linux/ros2/stu/ws01_plubming/install/base_interfeces/lib/python3.14/site-packages/base_interfeces/base_interfeces_s__rosidl_typesupport_fastrtps_c.so" to ""\n'}
[9.264584] (base_interfeces) StdoutLine: {'line': b'-- Installing: /home/hzc/linux/ros2/stu/ws01_plubming/install/base_interfeces/lib/python3.14/site-packages/base_interfeces/base_interfeces_s__rosidl_typesupport_introspection_c.so\n'}
[9.265267] (base_interfeces) StdoutLine: {'line': b'-- Set non-toolchain portion of runtime path of "/home/hzc/linux/ros2/stu/ws01_plubming/install/base_interfeces/lib/python3.14/site-packages/base_interfeces/base_interfeces_s__rosidl_typesupport_introspection_c.so" to ""\n'}
[9.265838] (base_interfeces) StdoutLine: {'line': b'-- Installing: /home/hzc/linux/ros2/stu/ws01_plubming/install/base_interfeces/lib/python3.14/site-packages/base_interfeces/base_interfeces_s__rosidl_typesupport_c.so\n'}
[9.266477] (base_interfeces) StdoutLine: {'line': b'-- Set non-toolchain portion of runtime path of "/home/hzc/linux/ros2/stu/ws01_plubming/install/base_interfeces/lib/python3.14/site-packages/base_interfeces/base_interfeces_s__rosidl_typesupport_c.so" to ""\n'}
[9.266764] (base_interfeces) StdoutLine: {'line': b'-- Installing: /home/hzc/linux/ros2/stu/ws01_plubming/install/base_interfeces/lib/libbase_interfeces__rosidl_generator_py.so\n'}
[9.267545] (base_interfeces) StdoutLine: {'line': b'-- Set non-toolchain portion of runtime path of "/home/hzc/linux/ros2/stu/ws01_plubming/install/base_interfeces/lib/libbase_interfeces__rosidl_generator_py.so" to ""\n'}
[9.267712] (base_interfeces) StdoutLine: {'line': b'-- Up-to-date: /home/hzc/linux/ros2/stu/ws01_plubming/install/base_interfeces/share/ament_index/resource_index/rust_packages/base_interfeces\n'}
[9.267902] (base_interfeces) StdoutLine: {'line': b'-- Up-to-date: /home/hzc/linux/ros2/stu/ws01_plubming/install/base_interfeces/share/base_interfeces/rust\n'}
[9.268061] (base_interfeces) StdoutLine: {'line': b'-- Up-to-date: /home/hzc/linux/ros2/stu/ws01_plubming/install/base_interfeces/share/base_interfeces/rust/src\n'}
[9.268226] (base_interfeces) StdoutLine: {'line': b'-- Up-to-date: /home/hzc/linux/ros2/stu/ws01_plubming/install/base_interfeces/share/base_interfeces/rust/src/action\n'}
[9.268363] (base_interfeces) StdoutLine: {'line': b'-- Installing: /home/hzc/linux/ros2/stu/ws01_plubming/install/base_interfeces/share/base_interfeces/rust/src/action/rmw.rs\n'}
[9.268479] (base_interfeces) StdoutLine: {'line': b'-- Up-to-date: /home/hzc/linux/ros2/stu/ws01_plubming/install/base_interfeces/share/base_interfeces/rust/src/srv\n'}
[9.268661] (base_interfeces) StdoutLine: {'line': b'-- Installing: /home/hzc/linux/ros2/stu/ws01_plubming/install/base_interfeces/share/base_interfeces/rust/src/srv/rmw.rs\n'}
[9.268795] (base_interfeces) StdoutLine: {'line': b'-- Installing: /home/hzc/linux/ros2/stu/ws01_plubming/install/base_interfeces/share/base_interfeces/rust/src/action.rs\n'}
[9.268948] (base_interfeces) StdoutLine: {'line': b'-- Installing: /home/hzc/linux/ros2/stu/ws01_plubming/install/base_interfeces/share/base_interfeces/rust/src/msg.rs\n'}
[9.269060] (base_interfeces) StdoutLine: {'line': b'-- Installing: /home/hzc/linux/ros2/stu/ws01_plubming/install/base_interfeces/share/base_interfeces/rust/src/srv.rs\n'}
[9.269145] (base_interfeces) StdoutLine: {'line': b'-- Installing: /home/hzc/linux/ros2/stu/ws01_plubming/install/base_interfeces/share/base_interfeces/rust/src/lib.rs\n'}
[9.269270] (base_interfeces) StdoutLine: {'line': b'-- Up-to-date: /home/hzc/linux/ros2/stu/ws01_plubming/install/base_interfeces/share/base_interfeces/rust/src/msg\n'}
[9.269384] (base_interfeces) StdoutLine: {'line': b'-- Installing: /home/hzc/linux/ros2/stu/ws01_plubming/install/base_interfeces/share/base_interfeces/rust/src/msg/rmw.rs\n'}
[9.269478] (base_interfeces) StdoutLine: {'line': b'-- Installing: /home/hzc/linux/ros2/stu/ws01_plubming/install/base_interfeces/share/base_interfeces/rust/build.rs\n'}
[9.269600] (base_interfeces) StdoutLine: {'line': b'-- Installing: /home/hzc/linux/ros2/stu/ws01_plubming/install/base_interfeces/share/base_interfeces/rust/Cargo.toml\n'}
[9.269715] (base_interfeces) StdoutLine: {'line': b'-- Up-to-date: /home/hzc/linux/ros2/stu/ws01_plubming/install/base_interfeces/share/base_interfeces/msg/Student.idl\n'}
[9.269845] (base_interfeces) StdoutLine: {'line': b'-- Up-to-date: /home/hzc/linux/ros2/stu/ws01_plubming/install/base_interfeces/share/base_interfeces/srv/Addints.idl\n'}
[9.269965] (base_interfeces) StdoutLine: {'line': b'-- Up-to-date: /home/hzc/linux/ros2/stu/ws01_plubming/install/base_interfeces/share/base_interfeces/srv/Distance.idl\n'}
[9.270067] (base_interfeces) StdoutLine: {'line': b'-- Up-to-date: /home/hzc/linux/ros2/stu/ws01_plubming/install/base_interfeces/share/base_interfeces/action/Progress.idl\n'}
[9.270157] (base_interfeces) StdoutLine: {'line': b'-- Installing: /home/hzc/linux/ros2/stu/ws01_plubming/install/base_interfeces/share/base_interfeces/action/Nav.idl\n'}
[9.270421] (base_interfeces) StdoutLine: {'line': b'-- Up-to-date: /home/hzc/linux/ros2/stu/ws01_plubming/install/base_interfeces/share/base_interfeces/msg/Student.msg\n'}
[9.270511] (base_interfeces) StdoutLine: {'line': b'-- Up-to-date: /home/hzc/linux/ros2/stu/ws01_plubming/install/base_interfeces/share/base_interfeces/srv/Addints.srv\n'}
[9.270592] (base_interfeces) StdoutLine: {'line': b'-- Up-to-date: /home/hzc/linux/ros2/stu/ws01_plubming/install/base_interfeces/share/base_interfeces/srv/Distance.srv\n'}
[9.270675] (base_interfeces) StdoutLine: {'line': b'-- Up-to-date: /home/hzc/linux/ros2/stu/ws01_plubming/install/base_interfeces/share/base_interfeces/action/Progress.action\n'}
[9.270755] (base_interfeces) StdoutLine: {'line': b'-- Installing: /home/hzc/linux/ros2/stu/ws01_plubming/install/base_interfeces/share/base_interfeces/action/Nav.action\n'}
[9.270851] (base_interfeces) StdoutLine: {'line': b'-- Up-to-date: /home/hzc/linux/ros2/stu/ws01_plubming/install/base_interfeces/share/ament_index/resource_index/package_run_dependencies/base_interfeces\n'}
[9.272816] (base_interfeces) StdoutLine: {'line': b'-- Installing: /home/hzc/linux/ros2/stu/ws01_plubming/install/base_interfeces/share/ament_index/resource_index/parent_prefix_path/base_interfeces\n'}
[9.272976] (base_interfeces) StdoutLine: {'line': b'-- Up-to-date: /home/hzc/linux/ros2/stu/ws01_plubming/install/base_interfeces/share/base_interfeces/environment/ament_prefix_path.sh\n'}
[9.273084] (base_interfeces) StdoutLine: {'line': b'-- Up-to-date: /home/hzc/linux/ros2/stu/ws01_plubming/install/base_interfeces/share/base_interfeces/environment/ament_prefix_path.dsv\n'}
[9.273182] (base_interfeces) StdoutLine: {'line': b'-- Up-to-date: /home/hzc/linux/ros2/stu/ws01_plubming/install/base_interfeces/share/base_interfeces/environment/path.sh\n'}
[9.273269] (base_interfeces) StdoutLine: {'line': b'-- Up-to-date: /home/hzc/linux/ros2/stu/ws01_plubming/install/base_interfeces/share/base_interfeces/environment/path.dsv\n'}
[9.273366] (base_interfeces) StdoutLine: {'line': b'-- Up-to-date: /home/hzc/linux/ros2/stu/ws01_plubming/install/base_interfeces/share/base_interfeces/local_setup.bash\n'}
[9.273469] (base_interfeces) StdoutLine: {'line': b'-- Up-to-date: /home/hzc/linux/ros2/stu/ws01_plubming/install/base_interfeces/share/base_interfeces/local_setup.fish\n'}
[9.273557] (base_interfeces) StdoutLine: {'line': b'-- Up-to-date: /home/hzc/linux/ros2/stu/ws01_plubming/install/base_interfeces/share/base_interfeces/local_setup.sh\n'}
[9.273725] (base_interfeces) StdoutLine: {'line': b'-- Up-to-date: /home/hzc/linux/ros2/stu/ws01_plubming/install/base_interfeces/share/base_interfeces/local_setup.zsh\n'}
[9.273866] (base_interfeces) StdoutLine: {'line': b'-- Up-to-date: /home/hzc/linux/ros2/stu/ws01_plubming/install/base_interfeces/share/base_interfeces/local_setup.dsv\n'}
[9.273954] (base_interfeces) StdoutLine: {'line': b'-- Installing: /home/hzc/linux/ros2/stu/ws01_plubming/install/base_interfeces/share/base_interfeces/package.dsv\n'}
[9.274036] (base_interfeces) StdoutLine: {'line': b'-- Up-to-date: /home/hzc/linux/ros2/stu/ws01_plubming/install/base_interfeces/share/ament_index/resource_index/packages/base_interfeces\n'}
[9.274127] (base_interfeces) StdoutLine: {'line': b'-- Up-to-date: /home/hzc/linux/ros2/stu/ws01_plubming/install/base_interfeces/share/base_interfeces/cmake/export_base_interfeces__rosidl_generator_cExport.cmake\n'}
[9.274217] (base_interfeces) StdoutLine: {'line': b'-- Up-to-date: /home/hzc/linux/ros2/stu/ws01_plubming/install/base_interfeces/share/base_interfeces/cmake/export_base_interfeces__rosidl_generator_cExport-noconfig.cmake\n'}
[9.274297] (base_interfeces) StdoutLine: {'line': b'-- Up-to-date: /home/hzc/linux/ros2/stu/ws01_plubming/install/base_interfeces/share/base_interfeces/cmake/export_base_interfeces__rosidl_typesupport_fastrtps_cExport.cmake\n'}
[9.274385] (base_interfeces) StdoutLine: {'line': b'-- Up-to-date: /home/hzc/linux/ros2/stu/ws01_plubming/install/base_interfeces/share/base_interfeces/cmake/export_base_interfeces__rosidl_typesupport_fastrtps_cExport-noconfig.cmake\n'}
[9.274474] (base_interfeces) StdoutLine: {'line': b'-- Up-to-date: /home/hzc/linux/ros2/stu/ws01_plubming/install/base_interfeces/share/base_interfeces/cmake/base_interfeces__rosidl_typesupport_introspection_cExport.cmake\n'}
[9.274558] (base_interfeces) StdoutLine: {'line': b'-- Up-to-date: /home/hzc/linux/ros2/stu/ws01_plubming/install/base_interfeces/share/base_interfeces/cmake/base_interfeces__rosidl_typesupport_introspection_cExport-noconfig.cmake\n'}
[9.274640] (base_interfeces) StdoutLine: {'line': b'-- Up-to-date: /home/hzc/linux/ros2/stu/ws01_plubming/install/base_interfeces/share/base_interfeces/cmake/base_interfeces__rosidl_typesupport_cExport.cmake\n'}
[9.274719] (base_interfeces) StdoutLine: {'line': b'-- Up-to-date: /home/hzc/linux/ros2/stu/ws01_plubming/install/base_interfeces/share/base_interfeces/cmake/base_interfeces__rosidl_typesupport_cExport-noconfig.cmake\n'}
[9.274814] (base_interfeces) StdoutLine: {'line': b'-- Up-to-date: /home/hzc/linux/ros2/stu/ws01_plubming/install/base_interfeces/share/base_interfeces/cmake/export_base_interfeces__rosidl_generator_cppExport.cmake\n'}
[9.274902] (base_interfeces) StdoutLine: {'line': b'-- Up-to-date: /home/hzc/linux/ros2/stu/ws01_plubming/install/base_interfeces/share/base_interfeces/cmake/export_base_interfeces__rosidl_typesupport_fastrtps_cppExport.cmake\n'}
[9.275035] (base_interfeces) StdoutLine: {'line': b'-- Up-to-date: /home/hzc/linux/ros2/stu/ws01_plubming/install/base_interfeces/share/base_interfeces/cmake/export_base_interfeces__rosidl_typesupport_fastrtps_cppExport-noconfig.cmake\n'}
[9.275123] (base_interfeces) StdoutLine: {'line': b'-- Up-to-date: /home/hzc/linux/ros2/stu/ws01_plubming/install/base_interfeces/share/base_interfeces/cmake/base_interfeces__rosidl_typesupport_introspection_cppExport.cmake\n'}
[9.275205] (base_interfeces) StdoutLine: {'line': b'-- Up-to-date: /home/hzc/linux/ros2/stu/ws01_plubming/install/base_interfeces/share/base_interfeces/cmake/base_interfeces__rosidl_typesupport_introspection_cppExport-noconfig.cmake\n'}
[9.275286] (base_interfeces) StdoutLine: {'line': b'-- Up-to-date: /home/hzc/linux/ros2/stu/ws01_plubming/install/base_interfeces/share/base_interfeces/cmake/base_interfeces__rosidl_typesupport_cppExport.cmake\n'}
[9.275366] (base_interfeces) StdoutLine: {'line': b'-- Up-to-date: /home/hzc/linux/ros2/stu/ws01_plubming/install/base_interfeces/share/base_interfeces/cmake/base_interfeces__rosidl_typesupport_cppExport-noconfig.cmake\n'}
[9.275444] (base_interfeces) StdoutLine: {'line': b'-- Up-to-date: /home/hzc/linux/ros2/stu/ws01_plubming/install/base_interfeces/share/base_interfeces/cmake/export_base_interfeces__rosidl_generator_pyExport.cmake\n'}
[9.275521] (base_interfeces) StdoutLine: {'line': b'-- Up-to-date: /home/hzc/linux/ros2/stu/ws01_plubming/install/base_interfeces/share/base_interfeces/cmake/export_base_interfeces__rosidl_generator_pyExport-noconfig.cmake\n'}
[9.275598] (base_interfeces) StdoutLine: {'line': b'-- Up-to-date: /home/hzc/linux/ros2/stu/ws01_plubming/install/base_interfeces/lib/python3.14/site-packages/base_interfeces-0.0.0-py3.14.egg-info\n'}
[9.275676] (base_interfeces) StdoutLine: {'line': b'-- Installing: /home/hzc/linux/ros2/stu/ws01_plubming/install/base_interfeces/lib/python3.14/site-packages/base_interfeces-0.0.0-py3.14.egg-info/dependency_links.txt\n'}
[9.275754] (base_interfeces) StdoutLine: {'line': b'-- Installing: /home/hzc/linux/ros2/stu/ws01_plubming/install/base_interfeces/lib/python3.14/site-packages/base_interfeces-0.0.0-py3.14.egg-info/PKG-INFO\n'}
[9.275927] (base_interfeces) StdoutLine: {'line': b'-- Installing: /home/hzc/linux/ros2/stu/ws01_plubming/install/base_interfeces/lib/python3.14/site-packages/base_interfeces-0.0.0-py3.14.egg-info/top_level.txt\n'}
[9.276009] (base_interfeces) StdoutLine: {'line': b'-- Installing: /home/hzc/linux/ros2/stu/ws01_plubming/install/base_interfeces/lib/python3.14/site-packages/base_interfeces-0.0.0-py3.14.egg-info/SOURCES.txt\n'}
[9.276110] (base_interfeces) StdoutLine: {'line': b'-- Up-to-date: /home/hzc/linux/ros2/stu/ws01_plubming/install/base_interfeces/lib/python3.14/site-packages/base_interfeces\n'}
[9.276227] (base_interfeces) StdoutLine: {'line': b'-- Installing: /home/hzc/linux/ros2/stu/ws01_plubming/install/base_interfeces/lib/python3.14/site-packages/base_interfeces/_base_interfeces_s.ep.rosidl_typesupport_introspection_c.c\n'}
[9.276309] (base_interfeces) StdoutLine: {'line': b'-- Up-to-date: /home/hzc/linux/ros2/stu/ws01_plubming/install/base_interfeces/lib/python3.14/site-packages/base_interfeces/action\n'}
[9.276387] (base_interfeces) StdoutLine: {'line': b'-- Installing: /home/hzc/linux/ros2/stu/ws01_plubming/install/base_interfeces/lib/python3.14/site-packages/base_interfeces/action/_progress.py\n'}
[9.276467] (base_interfeces) StdoutLine: {'line': b'-- Installing: /home/hzc/linux/ros2/stu/ws01_plubming/install/base_interfeces/lib/python3.14/site-packages/base_interfeces/action/__init__.py\n'}
[9.276545] (base_interfeces) StdoutLine: {'line': b'-- Installing: /home/hzc/linux/ros2/stu/ws01_plubming/install/base_interfeces/lib/python3.14/site-packages/base_interfeces/action/_nav_s.c\n'}
[9.276621] (base_interfeces) StdoutLine: {'line': b'-- Installing: /home/hzc/linux/ros2/stu/ws01_plubming/install/base_interfeces/lib/python3.14/site-packages/base_interfeces/action/_progress_s.c\n'}
[9.276704] (base_interfeces) StdoutLine: {'line': b'-- Installing: /home/hzc/linux/ros2/stu/ws01_plubming/install/base_interfeces/lib/python3.14/site-packages/base_interfeces/action/_nav.py\n'}
[9.276796] (base_interfeces) StdoutLine: {'line': b'-- Up-to-date: /home/hzc/linux/ros2/stu/ws01_plubming/install/base_interfeces/lib/python3.14/site-packages/base_interfeces/srv\n'}
[9.277046] (base_interfeces) StdoutLine: {'line': b'-- Installing: /home/hzc/linux/ros2/stu/ws01_plubming/install/base_interfeces/lib/python3.14/site-packages/base_interfeces/srv/_addints_s.c\n'}
[9.277141] (base_interfeces) StdoutLine: {'line': b'-- Installing: /home/hzc/linux/ros2/stu/ws01_plubming/install/base_interfeces/lib/python3.14/site-packages/base_interfeces/srv/_addints.py\n'}
[9.277892] (base_interfeces) StdoutLine: {'line': b'-- Installing: /home/hzc/linux/ros2/stu/ws01_plubming/install/base_interfeces/lib/python3.14/site-packages/base_interfeces/srv/_distance_s.c\n'}
[9.277986] (base_interfeces) StdoutLine: {'line': b'-- Installing: /home/hzc/linux/ros2/stu/ws01_plubming/install/base_interfeces/lib/python3.14/site-packages/base_interfeces/srv/_distance.py\n'}
[9.278076] (base_interfeces) StdoutLine: {'line': b'-- Installing: /home/hzc/linux/ros2/stu/ws01_plubming/install/base_interfeces/lib/python3.14/site-packages/base_interfeces/srv/__init__.py\n'}
[9.278163] (base_interfeces) StdoutLine: {'line': b'-- Up-to-date: /home/hzc/linux/ros2/stu/ws01_plubming/install/base_interfeces/lib/python3.14/site-packages/base_interfeces/base_interfeces_s__rosidl_typesupport_introspection_c.so\n'}
[9.278875] (base_interfeces) StdoutLine: {'line': b'-- Installing: /home/hzc/linux/ros2/stu/ws01_plubming/install/base_interfeces/lib/python3.14/site-packages/base_interfeces/_base_interfeces_s.ep.rosidl_typesupport_c.c\n'}
[9.278985] (base_interfeces) StdoutLine: {'line': b'-- Installing: /home/hzc/linux/ros2/stu/ws01_plubming/install/base_interfeces/lib/python3.14/site-packages/base_interfeces/py.typed\n'}
[9.279087] (base_interfeces) StdoutLine: {'line': b'-- Up-to-date: /home/hzc/linux/ros2/stu/ws01_plubming/install/base_interfeces/lib/python3.14/site-packages/base_interfeces/base_interfeces_s__rosidl_typesupport_fastrtps_c.so\n'}
[9.279187] (base_interfeces) StdoutLine: {'line': b'-- Installing: /home/hzc/linux/ros2/stu/ws01_plubming/install/base_interfeces/lib/python3.14/site-packages/base_interfeces/__init__.py\n'}
[9.279288] (base_interfeces) StdoutLine: {'line': b'-- Up-to-date: /home/hzc/linux/ros2/stu/ws01_plubming/install/base_interfeces/lib/python3.14/site-packages/base_interfeces/base_interfeces_s__rosidl_typesupport_c.so\n'}
[9.279385] (base_interfeces) StdoutLine: {'line': b'-- Installing: /home/hzc/linux/ros2/stu/ws01_plubming/install/base_interfeces/lib/python3.14/site-packages/base_interfeces/_base_interfeces_s.ep.rosidl_typesupport_fastrtps_c.c\n'}
[9.279483] (base_interfeces) StdoutLine: {'line': b'-- Up-to-date: /home/hzc/linux/ros2/stu/ws01_plubming/install/base_interfeces/lib/python3.14/site-packages/base_interfeces/msg\n'}
[9.279582] (base_interfeces) StdoutLine: {'line': b'-- Installing: /home/hzc/linux/ros2/stu/ws01_plubming/install/base_interfeces/lib/python3.14/site-packages/base_interfeces/msg/_student_s.c\n'}
[9.279678] (base_interfeces) StdoutLine: {'line': b'-- Installing: /home/hzc/linux/ros2/stu/ws01_plubming/install/base_interfeces/lib/python3.14/site-packages/base_interfeces/msg/_student.py\n'}
[9.279809] (base_interfeces) StdoutLine: {'line': b'-- Installing: /home/hzc/linux/ros2/stu/ws01_plubming/install/base_interfeces/lib/python3.14/site-packages/base_interfeces/msg/__init__.py\n'}
[9.330725] (-) TimerEvent: {}
[9.360429] (base_interfeces) StdoutLine: {'line': b"Listing '/home/hzc/linux/ros2/stu/ws01_plubming/install/base_interfeces/lib/python3.14/site-packages/base_interfeces'...\n"}
[9.360603] (base_interfeces) StdoutLine: {'line': b"Compiling '/home/hzc/linux/ros2/stu/ws01_plubming/install/base_interfeces/lib/python3.14/site-packages/base_interfeces/__init__.py'...\n"}
[9.360697] (base_interfeces) StdoutLine: {'line': b"Listing '/home/hzc/linux/ros2/stu/ws01_plubming/install/base_interfeces/lib/python3.14/site-packages/base_interfeces/action'...\n"}
[9.360797] (base_interfeces) StdoutLine: {'line': b"Compiling '/home/hzc/linux/ros2/stu/ws01_plubming/install/base_interfeces/lib/python3.14/site-packages/base_interfeces/action/__init__.py'...\n"}
[9.360893] (base_interfeces) StdoutLine: {'line': b"Compiling '/home/hzc/linux/ros2/stu/ws01_plubming/install/base_interfeces/lib/python3.14/site-packages/base_interfeces/action/_nav.py'...\n"}
[9.360976] (base_interfeces) StdoutLine: {'line': b"Compiling '/home/hzc/linux/ros2/stu/ws01_plubming/install/base_interfeces/lib/python3.14/site-packages/base_interfeces/action/_progress.py'...\n"}
[9.361055] (base_interfeces) StdoutLine: {'line': b"Listing '/home/hzc/linux/ros2/stu/ws01_plubming/install/base_interfeces/lib/python3.14/site-packages/base_interfeces/msg'...\n"}
[9.361138] (base_interfeces) StdoutLine: {'line': b"Compiling '/home/hzc/linux/ros2/stu/ws01_plubming/install/base_interfeces/lib/python3.14/site-packages/base_interfeces/msg/__init__.py'...\n"}
[9.361220] (base_interfeces) StdoutLine: {'line': b"Compiling '/home/hzc/linux/ros2/stu/ws01_plubming/install/base_interfeces/lib/python3.14/site-packages/base_interfeces/msg/_student.py'...\n"}
[9.361307] (base_interfeces) StdoutLine: {'line': b"Listing '/home/hzc/linux/ros2/stu/ws01_plubming/install/base_interfeces/lib/python3.14/site-packages/base_interfeces/srv'...\n"}
[9.361389] (base_interfeces) StdoutLine: {'line': b"Compiling '/home/hzc/linux/ros2/stu/ws01_plubming/install/base_interfeces/lib/python3.14/site-packages/base_interfeces/srv/__init__.py'...\n"}
[9.361466] (base_interfeces) StdoutLine: {'line': b"Compiling '/home/hzc/linux/ros2/stu/ws01_plubming/install/base_interfeces/lib/python3.14/site-packages/base_interfeces/srv/_addints.py'...\n"}
[9.361543] (base_interfeces) StdoutLine: {'line': b"Compiling '/home/hzc/linux/ros2/stu/ws01_plubming/install/base_interfeces/lib/python3.14/site-packages/base_interfeces/srv/_distance.py'...\n"}
[9.368278] (base_interfeces) StdoutLine: {'line': b'-- Installing: /home/hzc/linux/ros2/stu/ws01_plubming/install/base_interfeces/share/base_interfeces/cmake/rosidl_cmake-extras.cmake\n'}
[9.368543] (base_interfeces) StdoutLine: {'line': b'-- Up-to-date: /home/hzc/linux/ros2/stu/ws01_plubming/install/base_interfeces/share/base_interfeces/cmake/ament_cmake_export_dependencies-extras.cmake\n'}
[9.368710] (base_interfeces) StdoutLine: {'line': b'-- Up-to-date: /home/hzc/linux/ros2/stu/ws01_plubming/install/base_interfeces/share/base_interfeces/cmake/ament_cmake_export_include_directories-extras.cmake\n'}
[9.368840] (base_interfeces) StdoutLine: {'line': b'-- Up-to-date: /home/hzc/linux/ros2/stu/ws01_plubming/install/base_interfeces/share/base_interfeces/cmake/ament_cmake_export_libraries-extras.cmake\n'}
[9.368930] (base_interfeces) StdoutLine: {'line': b'-- Up-to-date: /home/hzc/linux/ros2/stu/ws01_plubming/install/base_interfeces/share/base_interfeces/cmake/ament_cmake_export_targets-extras.cmake\n'}
[9.369071] (base_interfeces) StdoutLine: {'line': b'-- Up-to-date: /home/hzc/linux/ros2/stu/ws01_plubming/install/base_interfeces/share/base_interfeces/cmake/rosidl_cmake_export_typesupport_targets-extras.cmake\n'}
[9.369158] (base_interfeces) StdoutLine: {'line': b'-- Up-to-date: /home/hzc/linux/ros2/stu/ws01_plubming/install/base_interfeces/share/base_interfeces/cmake/rosidl_cmake_export_typesupport_libraries-extras.cmake\n'}
[9.369245] (base_interfeces) StdoutLine: {'line': b'-- Up-to-date: /home/hzc/linux/ros2/stu/ws01_plubming/install/base_interfeces/share/base_interfeces/cmake/rosidl_cmake_aggregate_target-extras.cmake\n'}
[9.369330] (base_interfeces) StdoutLine: {'line': b'-- Up-to-date: /home/hzc/linux/ros2/stu/ws01_plubming/install/base_interfeces/share/base_interfeces/cmake/base_interfecesConfig.cmake\n'}
[9.369411] (base_interfeces) StdoutLine: {'line': b'-- Up-to-date: /home/hzc/linux/ros2/stu/ws01_plubming/install/base_interfeces/share/base_interfeces/cmake/base_interfecesConfig-version.cmake\n'}
[9.369492] (base_interfeces) StdoutLine: {'line': b'-- Up-to-date: /home/hzc/linux/ros2/stu/ws01_plubming/install/base_interfeces/share/base_interfeces/package.xml\n'}
[9.371878] (base_interfeces) CommandEnded: {'returncode': 0}
[9.397137] (base_interfeces) JobEnded: {'identifier': 'base_interfeces', 'rc': 0}
[9.397930] (-) EventReactorShutdown: {}
