[0.095s] DEBUG:colcon:Command line arguments: ['/usr/bin/colcon', 'build']
[0.095s] DEBUG:colcon:Parsed command line arguments: Namespace(log_base=None, log_level=None, verb_name='build', build_base='build', install_base='install', merge_install=False, symlink_install=False, test_result_base=None, continue_on_error=False, executor='parallel', parallel_workers=12, event_handlers=None, ignore_user_meta=False, metas=['./colcon.meta'], base_paths=['.'], packages_ignore=None, packages_ignore_regex=None, paths=None, packages_up_to=None, packages_up_to_regex=None, packages_above=None, packages_above_and_dependencies=None, packages_above_depth=None, packages_select_by_dep=None, packages_skip_by_dep=None, packages_skip_up_to=None, packages_select_build_failed=False, packages_skip_build_finished=False, packages_select_test_failures=False, packages_skip_test_passed=False, packages_select=None, packages_skip=None, packages_select_regex=None, packages_skip_regex=None, packages_start=None, packages_end=None, cmake_args=None, cmake_target=None, cmake_target_skip_unavailable=False, cmake_clean_cache=False, cmake_clean_first=False, cmake_force_configure=False, ament_cmake_args=None, catkin_cmake_args=None, catkin_skip_building_tests=False, mixin_files=None, mixin=None, verb_parser=<colcon_mixin.mixin.mixin_argument.MixinArgumentDecorator object at 0x7f97a22fd0f0>, verb_extension=<colcon_core.verb.build.BuildVerb object at 0x7f97a22fc490>, main=<bound method BuildVerb.main of <colcon_core.verb.build.BuildVerb object at 0x7f97a22fc490>>, mixin_verb=('build',))
[0.224s] Level 1:colcon.colcon_core.package_discovery:discover_packages(colcon_meta) check parameters
[0.225s] INFO:colcon.colcon_metadata.package_discovery.colcon_meta:Using configuration from '/root/.colcon/metadata/default/Gazebo.meta'
[0.226s] INFO:colcon.colcon_metadata.package_discovery.colcon_meta:Using configuration from '/root/.colcon/metadata/default/fastdds.meta'
[0.226s] INFO:colcon.colcon_metadata.package_discovery.colcon_meta:Using configuration from '/root/.colcon/metadata/default/fastrtps.meta'
[0.226s] Level 1:colcon.colcon_core.package_discovery:discover_packages(recursive) check parameters
[0.226s] Level 1:colcon.colcon_core.package_discovery:discover_packages(ignore) check parameters
[0.226s] Level 1:colcon.colcon_core.package_discovery:discover_packages(path) check parameters
[0.226s] Level 1:colcon.colcon_core.package_discovery:discover_packages(colcon_meta) discover
[0.226s] Level 1:colcon.colcon_core.package_discovery:discover_packages(recursive) discover
[0.226s] INFO:colcon.colcon_core.package_discovery:Crawling recursively for packages in '/shared/ws2_pluginlib'
[0.226s] Level 1:colcon.colcon_core.package_identification:_identify(.) by extensions ['ignore', 'ignore_ament_install']
[0.226s] Level 1:colcon.colcon_core.package_identification:_identify(.) by extension 'ignore'
[0.227s] Level 1:colcon.colcon_core.package_identification:_identify(.) by extension 'ignore_ament_install'
[0.227s] Level 1:colcon.colcon_core.package_identification:_identify(.) by extensions ['colcon_pkg']
[0.227s] Level 1:colcon.colcon_core.package_identification:_identify(.) by extension 'colcon_pkg'
[0.227s] Level 1:colcon.colcon_core.package_identification:_identify(.) by extensions ['colcon_meta']
[0.227s] Level 1:colcon.colcon_core.package_identification:_identify(.) by extension 'colcon_meta'
[0.227s] Level 1:colcon.colcon_core.package_identification:_identify(.) by extensions ['ros']
[0.227s] Level 1:colcon.colcon_core.package_identification:_identify(.) by extension 'ros'
[0.237s] Level 1:colcon.colcon_core.package_identification:_identify(.) by extensions ['cmake', 'python']
[0.237s] Level 1:colcon.colcon_core.package_identification:_identify(.) by extension 'cmake'
[0.237s] Level 1:colcon.colcon_core.package_identification:_identify(.) by extension 'python'
[0.237s] Level 1:colcon.colcon_core.package_identification:_identify(.) by extensions ['python_setup_py']
[0.237s] Level 1:colcon.colcon_core.package_identification:_identify(.) by extension 'python_setup_py'
[0.237s] Level 1:colcon.colcon_core.package_identification:_identify(build) by extensions ['ignore', 'ignore_ament_install']
[0.237s] Level 1:colcon.colcon_core.package_identification:_identify(build) by extension 'ignore'
[0.237s] Level 1:colcon.colcon_core.package_identification:_identify(build) ignored
[0.237s] Level 1:colcon.colcon_core.package_identification:_identify(install) by extensions ['ignore', 'ignore_ament_install']
[0.237s] Level 1:colcon.colcon_core.package_identification:_identify(install) by extension 'ignore'
[0.238s] Level 1:colcon.colcon_core.package_identification:_identify(install) ignored
[0.238s] Level 1:colcon.colcon_core.package_identification:_identify(log) by extensions ['ignore', 'ignore_ament_install']
[0.238s] Level 1:colcon.colcon_core.package_identification:_identify(log) by extension 'ignore'
[0.238s] Level 1:colcon.colcon_core.package_identification:_identify(log) ignored
[0.238s] Level 1:colcon.colcon_core.package_identification:_identify(src) by extensions ['ignore', 'ignore_ament_install']
[0.238s] Level 1:colcon.colcon_core.package_identification:_identify(src) by extension 'ignore'
[0.238s] Level 1:colcon.colcon_core.package_identification:_identify(src) by extension 'ignore_ament_install'
[0.238s] Level 1:colcon.colcon_core.package_identification:_identify(src) by extensions ['colcon_pkg']
[0.238s] Level 1:colcon.colcon_core.package_identification:_identify(src) by extension 'colcon_pkg'
[0.238s] Level 1:colcon.colcon_core.package_identification:_identify(src) by extensions ['colcon_meta']
[0.238s] Level 1:colcon.colcon_core.package_identification:_identify(src) by extension 'colcon_meta'
[0.238s] Level 1:colcon.colcon_core.package_identification:_identify(src) by extensions ['ros']
[0.238s] Level 1:colcon.colcon_core.package_identification:_identify(src) by extension 'ros'
[0.238s] Level 1:colcon.colcon_core.package_identification:_identify(src) by extensions ['cmake', 'python']
[0.238s] Level 1:colcon.colcon_core.package_identification:_identify(src) by extension 'cmake'
[0.238s] Level 1:colcon.colcon_core.package_identification:_identify(src) by extension 'python'
[0.238s] Level 1:colcon.colcon_core.package_identification:_identify(src) by extensions ['python_setup_py']
[0.238s] Level 1:colcon.colcon_core.package_identification:_identify(src) by extension 'python_setup_py'
[0.238s] Level 1:colcon.colcon_core.package_identification:_identify(src/autopartol_interfaces) by extensions ['ignore', 'ignore_ament_install']
[0.238s] Level 1:colcon.colcon_core.package_identification:_identify(src/autopartol_interfaces) by extension 'ignore'
[0.238s] Level 1:colcon.colcon_core.package_identification:_identify(src/autopartol_interfaces) by extension 'ignore_ament_install'
[0.238s] Level 1:colcon.colcon_core.package_identification:_identify(src/autopartol_interfaces) by extensions ['colcon_pkg']
[0.238s] Level 1:colcon.colcon_core.package_identification:_identify(src/autopartol_interfaces) by extension 'colcon_pkg'
[0.238s] Level 1:colcon.colcon_core.package_identification:_identify(src/autopartol_interfaces) by extensions ['colcon_meta']
[0.238s] Level 1:colcon.colcon_core.package_identification:_identify(src/autopartol_interfaces) by extension 'colcon_meta'
[0.239s] Level 1:colcon.colcon_core.package_identification:_identify(src/autopartol_interfaces) by extensions ['ros']
[0.239s] Level 1:colcon.colcon_core.package_identification:_identify(src/autopartol_interfaces) by extension 'ros'
[0.241s] DEBUG:colcon.colcon_core.package_identification:Package 'src/autopartol_interfaces' with type 'ros.ament_cmake' and name 'autopartol_interfaces'
[0.241s] Level 1:colcon.colcon_core.package_identification:_identify(src/cpp1_gazebo) by extensions ['ignore', 'ignore_ament_install']
[0.241s] Level 1:colcon.colcon_core.package_identification:_identify(src/cpp1_gazebo) by extension 'ignore'
[0.241s] Level 1:colcon.colcon_core.package_identification:_identify(src/cpp1_gazebo) by extension 'ignore_ament_install'
[0.241s] Level 1:colcon.colcon_core.package_identification:_identify(src/cpp1_gazebo) by extensions ['colcon_pkg']
[0.241s] Level 1:colcon.colcon_core.package_identification:_identify(src/cpp1_gazebo) by extension 'colcon_pkg'
[0.241s] Level 1:colcon.colcon_core.package_identification:_identify(src/cpp1_gazebo) by extensions ['colcon_meta']
[0.241s] Level 1:colcon.colcon_core.package_identification:_identify(src/cpp1_gazebo) by extension 'colcon_meta'
[0.241s] Level 1:colcon.colcon_core.package_identification:_identify(src/cpp1_gazebo) by extensions ['ros']
[0.241s] Level 1:colcon.colcon_core.package_identification:_identify(src/cpp1_gazebo) by extension 'ros'
[0.241s] DEBUG:colcon.colcon_core.package_identification:Package 'src/cpp1_gazebo' with type 'ros.ament_cmake' and name 'cpp1_gazebo'
[0.242s] Level 1:colcon.colcon_core.package_identification:_identify(src/cpp2_slam) by extensions ['ignore', 'ignore_ament_install']
[0.242s] Level 1:colcon.colcon_core.package_identification:_identify(src/cpp2_slam) by extension 'ignore'
[0.242s] Level 1:colcon.colcon_core.package_identification:_identify(src/cpp2_slam) by extension 'ignore_ament_install'
[0.242s] Level 1:colcon.colcon_core.package_identification:_identify(src/cpp2_slam) by extensions ['colcon_pkg']
[0.242s] Level 1:colcon.colcon_core.package_identification:_identify(src/cpp2_slam) by extension 'colcon_pkg'
[0.242s] Level 1:colcon.colcon_core.package_identification:_identify(src/cpp2_slam) by extensions ['colcon_meta']
[0.242s] Level 1:colcon.colcon_core.package_identification:_identify(src/cpp2_slam) by extension 'colcon_meta'
[0.242s] Level 1:colcon.colcon_core.package_identification:_identify(src/cpp2_slam) by extensions ['ros']
[0.242s] Level 1:colcon.colcon_core.package_identification:_identify(src/cpp2_slam) by extension 'ros'
[0.242s] DEBUG:colcon.colcon_core.package_identification:Package 'src/cpp2_slam' with type 'ros.ament_cmake' and name 'cpp2_slam'
[0.242s] Level 1:colcon.colcon_core.package_identification:_identify(src/cpp3_nav2) by extensions ['ignore', 'ignore_ament_install']
[0.242s] Level 1:colcon.colcon_core.package_identification:_identify(src/cpp3_nav2) by extension 'ignore'
[0.242s] Level 1:colcon.colcon_core.package_identification:_identify(src/cpp3_nav2) by extension 'ignore_ament_install'
[0.242s] Level 1:colcon.colcon_core.package_identification:_identify(src/cpp3_nav2) by extensions ['colcon_pkg']
[0.243s] Level 1:colcon.colcon_core.package_identification:_identify(src/cpp3_nav2) by extension 'colcon_pkg'
[0.243s] Level 1:colcon.colcon_core.package_identification:_identify(src/cpp3_nav2) by extensions ['colcon_meta']
[0.243s] Level 1:colcon.colcon_core.package_identification:_identify(src/cpp3_nav2) by extension 'colcon_meta'
[0.243s] Level 1:colcon.colcon_core.package_identification:_identify(src/cpp3_nav2) by extensions ['ros']
[0.243s] Level 1:colcon.colcon_core.package_identification:_identify(src/cpp3_nav2) by extension 'ros'
[0.243s] DEBUG:colcon.colcon_core.package_identification:Package 'src/cpp3_nav2' with type 'ros.ament_cmake' and name 'cpp3_nav2'
[0.243s] Level 1:colcon.colcon_core.package_identification:_identify(src/demo1_motion_control_system) by extensions ['ignore', 'ignore_ament_install']
[0.243s] Level 1:colcon.colcon_core.package_identification:_identify(src/demo1_motion_control_system) by extension 'ignore'
[0.243s] Level 1:colcon.colcon_core.package_identification:_identify(src/demo1_motion_control_system) by extension 'ignore_ament_install'
[0.243s] Level 1:colcon.colcon_core.package_identification:_identify(src/demo1_motion_control_system) by extensions ['colcon_pkg']
[0.243s] Level 1:colcon.colcon_core.package_identification:_identify(src/demo1_motion_control_system) by extension 'colcon_pkg'
[0.243s] Level 1:colcon.colcon_core.package_identification:_identify(src/demo1_motion_control_system) by extensions ['colcon_meta']
[0.243s] Level 1:colcon.colcon_core.package_identification:_identify(src/demo1_motion_control_system) by extension 'colcon_meta'
[0.244s] Level 1:colcon.colcon_core.package_identification:_identify(src/demo1_motion_control_system) by extensions ['ros']
[0.244s] Level 1:colcon.colcon_core.package_identification:_identify(src/demo1_motion_control_system) by extension 'ros'
[0.244s] DEBUG:colcon.colcon_core.package_identification:Package 'src/demo1_motion_control_system' with type 'ros.ament_cmake' and name 'demo1_motion_control_system'
[0.244s] Level 1:colcon.colcon_core.package_identification:_identify(src/nav2_custom_controller) by extensions ['ignore', 'ignore_ament_install']
[0.244s] Level 1:colcon.colcon_core.package_identification:_identify(src/nav2_custom_controller) by extension 'ignore'
[0.244s] Level 1:colcon.colcon_core.package_identification:_identify(src/nav2_custom_controller) by extension 'ignore_ament_install'
[0.244s] Level 1:colcon.colcon_core.package_identification:_identify(src/nav2_custom_controller) by extensions ['colcon_pkg']
[0.244s] Level 1:colcon.colcon_core.package_identification:_identify(src/nav2_custom_controller) by extension 'colcon_pkg'
[0.244s] Level 1:colcon.colcon_core.package_identification:_identify(src/nav2_custom_controller) by extensions ['colcon_meta']
[0.244s] Level 1:colcon.colcon_core.package_identification:_identify(src/nav2_custom_controller) by extension 'colcon_meta'
[0.245s] Level 1:colcon.colcon_core.package_identification:_identify(src/nav2_custom_controller) by extensions ['ros']
[0.245s] Level 1:colcon.colcon_core.package_identification:_identify(src/nav2_custom_controller) by extension 'ros'
[0.245s] DEBUG:colcon.colcon_core.package_identification:Package 'src/nav2_custom_controller' with type 'ros.ament_cmake' and name 'nav2_custom_controller'
[0.245s] Level 1:colcon.colcon_core.package_identification:_identify(src/nav2_custom_planner) by extensions ['ignore', 'ignore_ament_install']
[0.245s] Level 1:colcon.colcon_core.package_identification:_identify(src/nav2_custom_planner) by extension 'ignore'
[0.245s] Level 1:colcon.colcon_core.package_identification:_identify(src/nav2_custom_planner) by extension 'ignore_ament_install'
[0.245s] Level 1:colcon.colcon_core.package_identification:_identify(src/nav2_custom_planner) by extensions ['colcon_pkg']
[0.245s] Level 1:colcon.colcon_core.package_identification:_identify(src/nav2_custom_planner) by extension 'colcon_pkg'
[0.245s] Level 1:colcon.colcon_core.package_identification:_identify(src/nav2_custom_planner) by extensions ['colcon_meta']
[0.245s] Level 1:colcon.colcon_core.package_identification:_identify(src/nav2_custom_planner) by extension 'colcon_meta'
[0.245s] Level 1:colcon.colcon_core.package_identification:_identify(src/nav2_custom_planner) by extensions ['ros']
[0.245s] Level 1:colcon.colcon_core.package_identification:_identify(src/nav2_custom_planner) by extension 'ros'
[0.246s] DEBUG:colcon.colcon_core.package_identification:Package 'src/nav2_custom_planner' with type 'ros.ament_cmake' and name 'nav2_custom_planner'
[0.246s] Level 1:colcon.colcon_core.package_identification:_identify(src/py1_car_application) by extensions ['ignore', 'ignore_ament_install']
[0.246s] Level 1:colcon.colcon_core.package_identification:_identify(src/py1_car_application) by extension 'ignore'
[0.246s] Level 1:colcon.colcon_core.package_identification:_identify(src/py1_car_application) by extension 'ignore_ament_install'
[0.246s] Level 1:colcon.colcon_core.package_identification:_identify(src/py1_car_application) by extensions ['colcon_pkg']
[0.246s] Level 1:colcon.colcon_core.package_identification:_identify(src/py1_car_application) by extension 'colcon_pkg'
[0.246s] Level 1:colcon.colcon_core.package_identification:_identify(src/py1_car_application) by extensions ['colcon_meta']
[0.246s] Level 1:colcon.colcon_core.package_identification:_identify(src/py1_car_application) by extension 'colcon_meta'
[0.246s] Level 1:colcon.colcon_core.package_identification:_identify(src/py1_car_application) by extensions ['ros']
[0.246s] Level 1:colcon.colcon_core.package_identification:_identify(src/py1_car_application) by extension 'ros'
[0.247s] DEBUG:colcon.colcon_core.package_identification:Package 'src/py1_car_application' with type 'ros.ament_python' and name 'py1_car_application'
[0.247s] Level 1:colcon.colcon_core.package_identification:_identify(src/py2_autopartol) by extensions ['ignore', 'ignore_ament_install']
[0.247s] Level 1:colcon.colcon_core.package_identification:_identify(src/py2_autopartol) by extension 'ignore'
[0.247s] Level 1:colcon.colcon_core.package_identification:_identify(src/py2_autopartol) by extension 'ignore_ament_install'
[0.247s] Level 1:colcon.colcon_core.package_identification:_identify(src/py2_autopartol) by extensions ['colcon_pkg']
[0.247s] Level 1:colcon.colcon_core.package_identification:_identify(src/py2_autopartol) by extension 'colcon_pkg'
[0.247s] Level 1:colcon.colcon_core.package_identification:_identify(src/py2_autopartol) by extensions ['colcon_meta']
[0.247s] Level 1:colcon.colcon_core.package_identification:_identify(src/py2_autopartol) by extension 'colcon_meta'
[0.247s] Level 1:colcon.colcon_core.package_identification:_identify(src/py2_autopartol) by extensions ['ros']
[0.247s] Level 1:colcon.colcon_core.package_identification:_identify(src/py2_autopartol) by extension 'ros'
[0.247s] DEBUG:colcon.colcon_core.package_identification:Package 'src/py2_autopartol' with type 'ros.ament_python' and name 'py2_autopartol'
[0.247s] Level 1:colcon.colcon_core.package_discovery:discover_packages(recursive) using defaults
[0.248s] Level 1:colcon.colcon_core.package_discovery:discover_packages(ignore) discover
[0.248s] Level 1:colcon.colcon_core.package_discovery:discover_packages(ignore) using defaults
[0.248s] Level 1:colcon.colcon_core.package_discovery:discover_packages(path) discover
[0.248s] Level 1:colcon.colcon_core.package_discovery:discover_packages(path) using defaults
[0.265s] Level 5:colcon.colcon_core.verb:set package 'autopartol_interfaces' build argument 'cmake_args' from command line to 'None'
[0.265s] Level 5:colcon.colcon_core.verb:set package 'autopartol_interfaces' build argument 'cmake_target' from command line to 'None'
[0.265s] Level 5:colcon.colcon_core.verb:set package 'autopartol_interfaces' build argument 'cmake_target_skip_unavailable' from command line to 'False'
[0.265s] Level 5:colcon.colcon_core.verb:set package 'autopartol_interfaces' build argument 'cmake_clean_cache' from command line to 'False'
[0.266s] Level 5:colcon.colcon_core.verb:set package 'autopartol_interfaces' build argument 'cmake_clean_first' from command line to 'False'
[0.266s] Level 5:colcon.colcon_core.verb:set package 'autopartol_interfaces' build argument 'cmake_force_configure' from command line to 'False'
[0.266s] Level 5:colcon.colcon_core.verb:set package 'autopartol_interfaces' build argument 'ament_cmake_args' from command line to 'None'
[0.266s] Level 5:colcon.colcon_core.verb:set package 'autopartol_interfaces' build argument 'catkin_cmake_args' from command line to 'None'
[0.266s] Level 5:colcon.colcon_core.verb:set package 'autopartol_interfaces' build argument 'catkin_skip_building_tests' from command line to 'False'
[0.266s] DEBUG:colcon.colcon_core.verb:Building package 'autopartol_interfaces' with the following arguments: {'ament_cmake_args': None, 'build_base': '/shared/ws2_pluginlib/build/autopartol_interfaces', 'catkin_cmake_args': None, 'catkin_skip_building_tests': False, 'cmake_args': None, 'cmake_clean_cache': False, 'cmake_clean_first': False, 'cmake_force_configure': False, 'cmake_target': None, 'cmake_target_skip_unavailable': False, 'install_base': '/shared/ws2_pluginlib/install/autopartol_interfaces', 'merge_install': False, 'path': '/shared/ws2_pluginlib/src/autopartol_interfaces', 'symlink_install': False, 'test_result_base': None}
[0.266s] Level 5:colcon.colcon_core.verb:set package 'cpp1_gazebo' build argument 'cmake_args' from command line to 'None'
[0.266s] Level 5:colcon.colcon_core.verb:set package 'cpp1_gazebo' build argument 'cmake_target' from command line to 'None'
[0.266s] Level 5:colcon.colcon_core.verb:set package 'cpp1_gazebo' build argument 'cmake_target_skip_unavailable' from command line to 'False'
[0.266s] Level 5:colcon.colcon_core.verb:set package 'cpp1_gazebo' build argument 'cmake_clean_cache' from command line to 'False'
[0.266s] Level 5:colcon.colcon_core.verb:set package 'cpp1_gazebo' build argument 'cmake_clean_first' from command line to 'False'
[0.266s] Level 5:colcon.colcon_core.verb:set package 'cpp1_gazebo' build argument 'cmake_force_configure' from command line to 'False'
[0.266s] Level 5:colcon.colcon_core.verb:set package 'cpp1_gazebo' build argument 'ament_cmake_args' from command line to 'None'
[0.266s] Level 5:colcon.colcon_core.verb:set package 'cpp1_gazebo' build argument 'catkin_cmake_args' from command line to 'None'
[0.266s] Level 5:colcon.colcon_core.verb:set package 'cpp1_gazebo' build argument 'catkin_skip_building_tests' from command line to 'False'
[0.266s] DEBUG:colcon.colcon_core.verb:Building package 'cpp1_gazebo' with the following arguments: {'ament_cmake_args': None, 'build_base': '/shared/ws2_pluginlib/build/cpp1_gazebo', 'catkin_cmake_args': None, 'catkin_skip_building_tests': False, 'cmake_args': None, 'cmake_clean_cache': False, 'cmake_clean_first': False, 'cmake_force_configure': False, 'cmake_target': None, 'cmake_target_skip_unavailable': False, 'install_base': '/shared/ws2_pluginlib/install/cpp1_gazebo', 'merge_install': False, 'path': '/shared/ws2_pluginlib/src/cpp1_gazebo', 'symlink_install': False, 'test_result_base': None}
[0.266s] Level 5:colcon.colcon_core.verb:set package 'cpp2_slam' build argument 'cmake_args' from command line to 'None'
[0.266s] Level 5:colcon.colcon_core.verb:set package 'cpp2_slam' build argument 'cmake_target' from command line to 'None'
[0.266s] Level 5:colcon.colcon_core.verb:set package 'cpp2_slam' build argument 'cmake_target_skip_unavailable' from command line to 'False'
[0.266s] Level 5:colcon.colcon_core.verb:set package 'cpp2_slam' build argument 'cmake_clean_cache' from command line to 'False'
[0.266s] Level 5:colcon.colcon_core.verb:set package 'cpp2_slam' build argument 'cmake_clean_first' from command line to 'False'
[0.266s] Level 5:colcon.colcon_core.verb:set package 'cpp2_slam' build argument 'cmake_force_configure' from command line to 'False'
[0.266s] Level 5:colcon.colcon_core.verb:set package 'cpp2_slam' build argument 'ament_cmake_args' from command line to 'None'
[0.266s] Level 5:colcon.colcon_core.verb:set package 'cpp2_slam' build argument 'catkin_cmake_args' from command line to 'None'
[0.266s] Level 5:colcon.colcon_core.verb:set package 'cpp2_slam' build argument 'catkin_skip_building_tests' from command line to 'False'
[0.267s] DEBUG:colcon.colcon_core.verb:Building package 'cpp2_slam' with the following arguments: {'ament_cmake_args': None, 'build_base': '/shared/ws2_pluginlib/build/cpp2_slam', 'catkin_cmake_args': None, 'catkin_skip_building_tests': False, 'cmake_args': None, 'cmake_clean_cache': False, 'cmake_clean_first': False, 'cmake_force_configure': False, 'cmake_target': None, 'cmake_target_skip_unavailable': False, 'install_base': '/shared/ws2_pluginlib/install/cpp2_slam', 'merge_install': False, 'path': '/shared/ws2_pluginlib/src/cpp2_slam', 'symlink_install': False, 'test_result_base': None}
[0.267s] Level 5:colcon.colcon_core.verb:set package 'cpp3_nav2' build argument 'cmake_args' from command line to 'None'
[0.267s] Level 5:colcon.colcon_core.verb:set package 'cpp3_nav2' build argument 'cmake_target' from command line to 'None'
[0.267s] Level 5:colcon.colcon_core.verb:set package 'cpp3_nav2' build argument 'cmake_target_skip_unavailable' from command line to 'False'
[0.267s] Level 5:colcon.colcon_core.verb:set package 'cpp3_nav2' build argument 'cmake_clean_cache' from command line to 'False'
[0.267s] Level 5:colcon.colcon_core.verb:set package 'cpp3_nav2' build argument 'cmake_clean_first' from command line to 'False'
[0.267s] Level 5:colcon.colcon_core.verb:set package 'cpp3_nav2' build argument 'cmake_force_configure' from command line to 'False'
[0.267s] Level 5:colcon.colcon_core.verb:set package 'cpp3_nav2' build argument 'ament_cmake_args' from command line to 'None'
[0.267s] Level 5:colcon.colcon_core.verb:set package 'cpp3_nav2' build argument 'catkin_cmake_args' from command line to 'None'
[0.267s] Level 5:colcon.colcon_core.verb:set package 'cpp3_nav2' build argument 'catkin_skip_building_tests' from command line to 'False'
[0.267s] DEBUG:colcon.colcon_core.verb:Building package 'cpp3_nav2' with the following arguments: {'ament_cmake_args': None, 'build_base': '/shared/ws2_pluginlib/build/cpp3_nav2', 'catkin_cmake_args': None, 'catkin_skip_building_tests': False, 'cmake_args': None, 'cmake_clean_cache': False, 'cmake_clean_first': False, 'cmake_force_configure': False, 'cmake_target': None, 'cmake_target_skip_unavailable': False, 'install_base': '/shared/ws2_pluginlib/install/cpp3_nav2', 'merge_install': False, 'path': '/shared/ws2_pluginlib/src/cpp3_nav2', 'symlink_install': False, 'test_result_base': None}
[0.267s] Level 5:colcon.colcon_core.verb:set package 'demo1_motion_control_system' build argument 'cmake_args' from command line to 'None'
[0.267s] Level 5:colcon.colcon_core.verb:set package 'demo1_motion_control_system' build argument 'cmake_target' from command line to 'None'
[0.267s] Level 5:colcon.colcon_core.verb:set package 'demo1_motion_control_system' build argument 'cmake_target_skip_unavailable' from command line to 'False'
[0.267s] Level 5:colcon.colcon_core.verb:set package 'demo1_motion_control_system' build argument 'cmake_clean_cache' from command line to 'False'
[0.267s] Level 5:colcon.colcon_core.verb:set package 'demo1_motion_control_system' build argument 'cmake_clean_first' from command line to 'False'
[0.267s] Level 5:colcon.colcon_core.verb:set package 'demo1_motion_control_system' build argument 'cmake_force_configure' from command line to 'False'
[0.267s] Level 5:colcon.colcon_core.verb:set package 'demo1_motion_control_system' build argument 'ament_cmake_args' from command line to 'None'
[0.267s] Level 5:colcon.colcon_core.verb:set package 'demo1_motion_control_system' build argument 'catkin_cmake_args' from command line to 'None'
[0.267s] Level 5:colcon.colcon_core.verb:set package 'demo1_motion_control_system' build argument 'catkin_skip_building_tests' from command line to 'False'
[0.267s] DEBUG:colcon.colcon_core.verb:Building package 'demo1_motion_control_system' with the following arguments: {'ament_cmake_args': None, 'build_base': '/shared/ws2_pluginlib/build/demo1_motion_control_system', 'catkin_cmake_args': None, 'catkin_skip_building_tests': False, 'cmake_args': None, 'cmake_clean_cache': False, 'cmake_clean_first': False, 'cmake_force_configure': False, 'cmake_target': None, 'cmake_target_skip_unavailable': False, 'install_base': '/shared/ws2_pluginlib/install/demo1_motion_control_system', 'merge_install': False, 'path': '/shared/ws2_pluginlib/src/demo1_motion_control_system', 'symlink_install': False, 'test_result_base': None}
[0.268s] Level 5:colcon.colcon_core.verb:set package 'nav2_custom_controller' build argument 'cmake_args' from command line to 'None'
[0.268s] Level 5:colcon.colcon_core.verb:set package 'nav2_custom_controller' build argument 'cmake_target' from command line to 'None'
[0.268s] Level 5:colcon.colcon_core.verb:set package 'nav2_custom_controller' build argument 'cmake_target_skip_unavailable' from command line to 'False'
[0.268s] Level 5:colcon.colcon_core.verb:set package 'nav2_custom_controller' build argument 'cmake_clean_cache' from command line to 'False'
[0.268s] Level 5:colcon.colcon_core.verb:set package 'nav2_custom_controller' build argument 'cmake_clean_first' from command line to 'False'
[0.268s] Level 5:colcon.colcon_core.verb:set package 'nav2_custom_controller' build argument 'cmake_force_configure' from command line to 'False'
[0.268s] Level 5:colcon.colcon_core.verb:set package 'nav2_custom_controller' build argument 'ament_cmake_args' from command line to 'None'
[0.268s] Level 5:colcon.colcon_core.verb:set package 'nav2_custom_controller' build argument 'catkin_cmake_args' from command line to 'None'
[0.268s] Level 5:colcon.colcon_core.verb:set package 'nav2_custom_controller' build argument 'catkin_skip_building_tests' from command line to 'False'
[0.268s] DEBUG:colcon.colcon_core.verb:Building package 'nav2_custom_controller' with the following arguments: {'ament_cmake_args': None, 'build_base': '/shared/ws2_pluginlib/build/nav2_custom_controller', 'catkin_cmake_args': None, 'catkin_skip_building_tests': False, 'cmake_args': None, 'cmake_clean_cache': False, 'cmake_clean_first': False, 'cmake_force_configure': False, 'cmake_target': None, 'cmake_target_skip_unavailable': False, 'install_base': '/shared/ws2_pluginlib/install/nav2_custom_controller', 'merge_install': False, 'path': '/shared/ws2_pluginlib/src/nav2_custom_controller', 'symlink_install': False, 'test_result_base': None}
[0.268s] Level 5:colcon.colcon_core.verb:set package 'nav2_custom_planner' build argument 'cmake_args' from command line to 'None'
[0.268s] Level 5:colcon.colcon_core.verb:set package 'nav2_custom_planner' build argument 'cmake_target' from command line to 'None'
[0.268s] Level 5:colcon.colcon_core.verb:set package 'nav2_custom_planner' build argument 'cmake_target_skip_unavailable' from command line to 'False'
[0.268s] Level 5:colcon.colcon_core.verb:set package 'nav2_custom_planner' build argument 'cmake_clean_cache' from command line to 'False'
[0.268s] Level 5:colcon.colcon_core.verb:set package 'nav2_custom_planner' build argument 'cmake_clean_first' from command line to 'False'
[0.268s] Level 5:colcon.colcon_core.verb:set package 'nav2_custom_planner' build argument 'cmake_force_configure' from command line to 'False'
[0.268s] Level 5:colcon.colcon_core.verb:set package 'nav2_custom_planner' build argument 'ament_cmake_args' from command line to 'None'
[0.268s] Level 5:colcon.colcon_core.verb:set package 'nav2_custom_planner' build argument 'catkin_cmake_args' from command line to 'None'
[0.268s] Level 5:colcon.colcon_core.verb:set package 'nav2_custom_planner' build argument 'catkin_skip_building_tests' from command line to 'False'
[0.268s] DEBUG:colcon.colcon_core.verb:Building package 'nav2_custom_planner' with the following arguments: {'ament_cmake_args': None, 'build_base': '/shared/ws2_pluginlib/build/nav2_custom_planner', 'catkin_cmake_args': None, 'catkin_skip_building_tests': False, 'cmake_args': None, 'cmake_clean_cache': False, 'cmake_clean_first': False, 'cmake_force_configure': False, 'cmake_target': None, 'cmake_target_skip_unavailable': False, 'install_base': '/shared/ws2_pluginlib/install/nav2_custom_planner', 'merge_install': False, 'path': '/shared/ws2_pluginlib/src/nav2_custom_planner', 'symlink_install': False, 'test_result_base': None}
[0.269s] Level 5:colcon.colcon_core.verb:set package 'py1_car_application' build argument 'cmake_args' from command line to 'None'
[0.269s] Level 5:colcon.colcon_core.verb:set package 'py1_car_application' build argument 'cmake_target' from command line to 'None'
[0.269s] Level 5:colcon.colcon_core.verb:set package 'py1_car_application' build argument 'cmake_target_skip_unavailable' from command line to 'False'
[0.269s] Level 5:colcon.colcon_core.verb:set package 'py1_car_application' build argument 'cmake_clean_cache' from command line to 'False'
[0.269s] Level 5:colcon.colcon_core.verb:set package 'py1_car_application' build argument 'cmake_clean_first' from command line to 'False'
[0.269s] Level 5:colcon.colcon_core.verb:set package 'py1_car_application' build argument 'cmake_force_configure' from command line to 'False'
[0.269s] Level 5:colcon.colcon_core.verb:set package 'py1_car_application' build argument 'ament_cmake_args' from command line to 'None'
[0.269s] Level 5:colcon.colcon_core.verb:set package 'py1_car_application' build argument 'catkin_cmake_args' from command line to 'None'
[0.269s] Level 5:colcon.colcon_core.verb:set package 'py1_car_application' build argument 'catkin_skip_building_tests' from command line to 'False'
[0.269s] DEBUG:colcon.colcon_core.verb:Building package 'py1_car_application' with the following arguments: {'ament_cmake_args': None, 'build_base': '/shared/ws2_pluginlib/build/py1_car_application', 'catkin_cmake_args': None, 'catkin_skip_building_tests': False, 'cmake_args': None, 'cmake_clean_cache': False, 'cmake_clean_first': False, 'cmake_force_configure': False, 'cmake_target': None, 'cmake_target_skip_unavailable': False, 'install_base': '/shared/ws2_pluginlib/install/py1_car_application', 'merge_install': False, 'path': '/shared/ws2_pluginlib/src/py1_car_application', 'symlink_install': False, 'test_result_base': None}
[0.269s] Level 5:colcon.colcon_core.verb:set package 'py2_autopartol' build argument 'cmake_args' from command line to 'None'
[0.269s] Level 5:colcon.colcon_core.verb:set package 'py2_autopartol' build argument 'cmake_target' from command line to 'None'
[0.269s] Level 5:colcon.colcon_core.verb:set package 'py2_autopartol' build argument 'cmake_target_skip_unavailable' from command line to 'False'
[0.269s] Level 5:colcon.colcon_core.verb:set package 'py2_autopartol' build argument 'cmake_clean_cache' from command line to 'False'
[0.269s] Level 5:colcon.colcon_core.verb:set package 'py2_autopartol' build argument 'cmake_clean_first' from command line to 'False'
[0.269s] Level 5:colcon.colcon_core.verb:set package 'py2_autopartol' build argument 'cmake_force_configure' from command line to 'False'
[0.269s] Level 5:colcon.colcon_core.verb:set package 'py2_autopartol' build argument 'ament_cmake_args' from command line to 'None'
[0.269s] Level 5:colcon.colcon_core.verb:set package 'py2_autopartol' build argument 'catkin_cmake_args' from command line to 'None'
[0.269s] Level 5:colcon.colcon_core.verb:set package 'py2_autopartol' build argument 'catkin_skip_building_tests' from command line to 'False'
[0.269s] DEBUG:colcon.colcon_core.verb:Building package 'py2_autopartol' with the following arguments: {'ament_cmake_args': None, 'build_base': '/shared/ws2_pluginlib/build/py2_autopartol', 'catkin_cmake_args': None, 'catkin_skip_building_tests': False, 'cmake_args': None, 'cmake_clean_cache': False, 'cmake_clean_first': False, 'cmake_force_configure': False, 'cmake_target': None, 'cmake_target_skip_unavailable': False, 'install_base': '/shared/ws2_pluginlib/install/py2_autopartol', 'merge_install': False, 'path': '/shared/ws2_pluginlib/src/py2_autopartol', 'symlink_install': False, 'test_result_base': None}
[0.269s] INFO:colcon.colcon_core.executor:Executing jobs using 'parallel' executor
[0.270s] DEBUG:colcon.colcon_parallel_executor.executor.parallel:run_until_complete
[0.281s] INFO:colcon.colcon_ros.task.ament_cmake.build:Building ROS package in '/shared/ws2_pluginlib/src/autopartol_interfaces' with build type 'ament_cmake'
[0.281s] INFO:colcon.colcon_cmake.task.cmake.build:Building CMake package in '/shared/ws2_pluginlib/src/autopartol_interfaces'
[0.283s] INFO:colcon.colcon_core.plugin_system:Skipping extension 'colcon_core.shell.bat': Not used on non-Windows systems
[0.283s] INFO:colcon.colcon_core.shell:Skip shell extension 'powershell' for command environment: Not usable outside of PowerShell
[0.283s] DEBUG:colcon.colcon_core.shell:Skip shell extension 'dsv' for command environment
[0.284s] WARNING:colcon.colcon_ros.prefix_path.ament:The path '/shared/ws2_pluginlib/install/nav2_custom_planner' in the environment variable AMENT_PREFIX_PATH doesn't exist
[0.284s] WARNING:colcon.colcon_ros.prefix_path.ament:The path '/shared/ws2_pluginlib/install/cpp4_nav2_custom_planner' in the environment variable AMENT_PREFIX_PATH doesn't exist
[0.285s] WARNING:colcon.colcon_ros.prefix_path.catkin:The path '/shared/ws2_pluginlib/install/nav2_custom_planner' in the environment variable CMAKE_PREFIX_PATH doesn't exist
[0.285s] WARNING:colcon.colcon_ros.prefix_path.catkin:The path '/shared/ws2_pluginlib/install/cpp4_nav2_custom_planner' in the environment variable CMAKE_PREFIX_PATH doesn't exist
[0.289s] INFO:colcon.colcon_ros.task.ament_cmake.build:Building ROS package in '/shared/ws2_pluginlib/src/cpp1_gazebo' with build type 'ament_cmake'
[0.289s] INFO:colcon.colcon_cmake.task.cmake.build:Building CMake package in '/shared/ws2_pluginlib/src/cpp1_gazebo'
[0.289s] INFO:colcon.colcon_core.shell:Skip shell extension 'powershell' for command environment: Not usable outside of PowerShell
[0.289s] DEBUG:colcon.colcon_core.shell:Skip shell extension 'dsv' for command environment
[0.292s] INFO:colcon.colcon_ros.task.ament_cmake.build:Building ROS package in '/shared/ws2_pluginlib/src/cpp2_slam' with build type 'ament_cmake'
[0.293s] INFO:colcon.colcon_cmake.task.cmake.build:Building CMake package in '/shared/ws2_pluginlib/src/cpp2_slam'
[0.293s] INFO:colcon.colcon_core.shell:Skip shell extension 'powershell' for command environment: Not usable outside of PowerShell
[0.293s] DEBUG:colcon.colcon_core.shell:Skip shell extension 'dsv' for command environment
[0.296s] INFO:colcon.colcon_ros.task.ament_cmake.build:Building ROS package in '/shared/ws2_pluginlib/src/cpp3_nav2' with build type 'ament_cmake'
[0.297s] INFO:colcon.colcon_cmake.task.cmake.build:Building CMake package in '/shared/ws2_pluginlib/src/cpp3_nav2'
[0.297s] INFO:colcon.colcon_core.shell:Skip shell extension 'powershell' for command environment: Not usable outside of PowerShell
[0.297s] DEBUG:colcon.colcon_core.shell:Skip shell extension 'dsv' for command environment
[0.301s] INFO:colcon.colcon_ros.task.ament_cmake.build:Building ROS package in '/shared/ws2_pluginlib/src/demo1_motion_control_system' with build type 'ament_cmake'
[0.301s] INFO:colcon.colcon_cmake.task.cmake.build:Building CMake package in '/shared/ws2_pluginlib/src/demo1_motion_control_system'
[0.301s] INFO:colcon.colcon_core.shell:Skip shell extension 'powershell' for command environment: Not usable outside of PowerShell
[0.301s] DEBUG:colcon.colcon_core.shell:Skip shell extension 'dsv' for command environment
[0.306s] INFO:colcon.colcon_ros.task.ament_cmake.build:Building ROS package in '/shared/ws2_pluginlib/src/nav2_custom_controller' with build type 'ament_cmake'
[0.306s] INFO:colcon.colcon_cmake.task.cmake.build:Building CMake package in '/shared/ws2_pluginlib/src/nav2_custom_controller'
[0.306s] INFO:colcon.colcon_core.shell:Skip shell extension 'powershell' for command environment: Not usable outside of PowerShell
[0.306s] DEBUG:colcon.colcon_core.shell:Skip shell extension 'dsv' for command environment
[0.310s] INFO:colcon.colcon_ros.task.ament_cmake.build:Building ROS package in '/shared/ws2_pluginlib/src/nav2_custom_planner' with build type 'ament_cmake'
[0.310s] INFO:colcon.colcon_cmake.task.cmake.build:Building CMake package in '/shared/ws2_pluginlib/src/nav2_custom_planner'
[0.310s] INFO:colcon.colcon_core.shell:Skip shell extension 'powershell' for command environment: Not usable outside of PowerShell
[0.310s] DEBUG:colcon.colcon_core.shell:Skip shell extension 'dsv' for command environment
[0.314s] INFO:colcon.colcon_ros.task.ament_python.build:Building ROS package in '/shared/ws2_pluginlib/src/py1_car_application' with build type 'ament_python'
[0.314s] Level 1:colcon.colcon_core.shell:create_environment_hook('py1_car_application', 'ament_prefix_path')
[0.315s] INFO:colcon.colcon_core.shell:Creating environment hook '/shared/ws2_pluginlib/install/py1_car_application/share/py1_car_application/hook/ament_prefix_path.ps1'
[0.315s] INFO:colcon.colcon_core.shell:Creating environment descriptor '/shared/ws2_pluginlib/install/py1_car_application/share/py1_car_application/hook/ament_prefix_path.dsv'
[0.316s] INFO:colcon.colcon_core.shell:Creating environment hook '/shared/ws2_pluginlib/install/py1_car_application/share/py1_car_application/hook/ament_prefix_path.sh'
[0.317s] INFO:colcon.colcon_core.shell:Skip shell extension 'powershell' for command environment: Not usable outside of PowerShell
[0.317s] DEBUG:colcon.colcon_core.shell:Skip shell extension 'dsv' for command environment
[0.321s] INFO:colcon.colcon_ros.task.ament_python.build:Building ROS package in '/shared/ws2_pluginlib/src/py2_autopartol' with build type 'ament_python'
[0.321s] Level 1:colcon.colcon_core.shell:create_environment_hook('py2_autopartol', 'ament_prefix_path')
[0.321s] INFO:colcon.colcon_core.shell:Creating environment hook '/shared/ws2_pluginlib/install/py2_autopartol/share/py2_autopartol/hook/ament_prefix_path.ps1'
[0.322s] INFO:colcon.colcon_core.shell:Creating environment descriptor '/shared/ws2_pluginlib/install/py2_autopartol/share/py2_autopartol/hook/ament_prefix_path.dsv'
[0.322s] INFO:colcon.colcon_core.shell:Creating environment hook '/shared/ws2_pluginlib/install/py2_autopartol/share/py2_autopartol/hook/ament_prefix_path.sh'
[0.323s] INFO:colcon.colcon_core.shell:Skip shell extension 'powershell' for command environment: Not usable outside of PowerShell
[0.323s] DEBUG:colcon.colcon_core.shell:Skip shell extension 'dsv' for command environment
[0.332s] DEBUG:colcon.colcon_core.event_handler.log_command:Invoking command in '/shared/ws2_pluginlib/build/autopartol_interfaces': CMAKE_PREFIX_PATH=${CMAKE_PREFIX_PATH}:/shared/ws2_pluginlib/install/py2_autopartol:/shared/ws2_pluginlib/install/py1_car_application:/opt/ros/humble /usr/bin/cmake --build /shared/ws2_pluginlib/build/autopartol_interfaces -- -j12 -l12
[0.336s] DEBUG:colcon.colcon_core.event_handler.log_command:Invoking command in '/shared/ws2_pluginlib/build/cpp1_gazebo': CMAKE_PREFIX_PATH=${CMAKE_PREFIX_PATH}:/shared/ws2_pluginlib/install/py2_autopartol:/shared/ws2_pluginlib/install/py1_car_application:/opt/ros/humble /usr/bin/cmake --build /shared/ws2_pluginlib/build/cpp1_gazebo -- -j12 -l12
[0.338s] DEBUG:colcon.colcon_core.event_handler.log_command:Invoking command in '/shared/ws2_pluginlib/build/cpp2_slam': CMAKE_PREFIX_PATH=${CMAKE_PREFIX_PATH}:/shared/ws2_pluginlib/install/py2_autopartol:/shared/ws2_pluginlib/install/py1_car_application:/opt/ros/humble /usr/bin/cmake --build /shared/ws2_pluginlib/build/cpp2_slam -- -j12 -l12
[0.340s] DEBUG:colcon.colcon_core.event_handler.log_command:Invoking command in '/shared/ws2_pluginlib/build/cpp3_nav2': CMAKE_PREFIX_PATH=${CMAKE_PREFIX_PATH}:/shared/ws2_pluginlib/install/py2_autopartol:/shared/ws2_pluginlib/install/py1_car_application:/opt/ros/humble /usr/bin/cmake --build /shared/ws2_pluginlib/build/cpp3_nav2 -- -j12 -l12
[0.342s] DEBUG:colcon.colcon_core.event_handler.log_command:Invoking command in '/shared/ws2_pluginlib/build/demo1_motion_control_system': CMAKE_PREFIX_PATH=${CMAKE_PREFIX_PATH}:/shared/ws2_pluginlib/install/py2_autopartol:/shared/ws2_pluginlib/install/py1_car_application:/opt/ros/humble /usr/bin/cmake --build /shared/ws2_pluginlib/build/demo1_motion_control_system -- -j12 -l12
[0.345s] DEBUG:colcon.colcon_core.event_handler.log_command:Invoking command in '/shared/ws2_pluginlib/build/nav2_custom_controller': CMAKE_PREFIX_PATH=${CMAKE_PREFIX_PATH}:/shared/ws2_pluginlib/install/py2_autopartol:/shared/ws2_pluginlib/install/py1_car_application:/opt/ros/humble /usr/bin/cmake --build /shared/ws2_pluginlib/build/nav2_custom_controller -- -j12 -l12
[0.348s] DEBUG:colcon.colcon_core.event_handler.log_command:Invoking command in '/shared/ws2_pluginlib/build/nav2_custom_planner': CMAKE_PREFIX_PATH=${CMAKE_PREFIX_PATH}:/shared/ws2_pluginlib/install/py2_autopartol:/shared/ws2_pluginlib/install/py1_car_application:/opt/ros/humble /usr/bin/cmake /shared/ws2_pluginlib/src/nav2_custom_planner -DCMAKE_INSTALL_PREFIX=/shared/ws2_pluginlib/install/nav2_custom_planner
[0.649s] INFO:colcon.colcon_core.task.python.build:Building Python package in '/shared/ws2_pluginlib/src/py1_car_application'
[0.650s] INFO:colcon.colcon_core.shell:Skip shell extension 'powershell' for command environment: Not usable outside of PowerShell
[0.650s] DEBUG:colcon.colcon_core.shell:Skip shell extension 'dsv' for command environment
[0.924s] INFO:colcon.colcon_core.task.python.build:Building Python package in '/shared/ws2_pluginlib/src/py2_autopartol'
[0.925s] INFO:colcon.colcon_core.shell:Skip shell extension 'powershell' for command environment: Not usable outside of PowerShell
[0.925s] DEBUG:colcon.colcon_core.shell:Skip shell extension 'dsv' for command environment
[0.933s] DEBUG:colcon.colcon_core.event_handler.log_command:Invoked command in '/shared/ws2_pluginlib/build/cpp1_gazebo' returned '0': CMAKE_PREFIX_PATH=${CMAKE_PREFIX_PATH}:/shared/ws2_pluginlib/install/py2_autopartol:/shared/ws2_pluginlib/install/py1_car_application:/opt/ros/humble /usr/bin/cmake --build /shared/ws2_pluginlib/build/cpp1_gazebo -- -j12 -l12
[0.944s] DEBUG:colcon.colcon_core.event_handler.log_command:Invoking command in '/shared/ws2_pluginlib/build/cpp1_gazebo': CMAKE_PREFIX_PATH=${CMAKE_PREFIX_PATH}:/shared/ws2_pluginlib/install/py2_autopartol:/shared/ws2_pluginlib/install/py1_car_application:/opt/ros/humble /usr/bin/cmake --install /shared/ws2_pluginlib/build/cpp1_gazebo
[0.945s] DEBUG:colcon.colcon_core.event_handler.log_command:Invoked command in '/shared/ws2_pluginlib/build/cpp2_slam' returned '0': CMAKE_PREFIX_PATH=${CMAKE_PREFIX_PATH}:/shared/ws2_pluginlib/install/py2_autopartol:/shared/ws2_pluginlib/install/py1_car_application:/opt/ros/humble /usr/bin/cmake --build /shared/ws2_pluginlib/build/cpp2_slam -- -j12 -l12
[0.947s] DEBUG:colcon.colcon_core.event_handler.log_command:Invoking command in '/shared/ws2_pluginlib/build/cpp2_slam': CMAKE_PREFIX_PATH=${CMAKE_PREFIX_PATH}:/shared/ws2_pluginlib/install/py2_autopartol:/shared/ws2_pluginlib/install/py1_car_application:/opt/ros/humble /usr/bin/cmake --install /shared/ws2_pluginlib/build/cpp2_slam
[0.947s] DEBUG:colcon.colcon_core.event_handler.log_command:Invoked command in '/shared/ws2_pluginlib/build/cpp3_nav2' returned '0': CMAKE_PREFIX_PATH=${CMAKE_PREFIX_PATH}:/shared/ws2_pluginlib/install/py2_autopartol:/shared/ws2_pluginlib/install/py1_car_application:/opt/ros/humble /usr/bin/cmake --build /shared/ws2_pluginlib/build/cpp3_nav2 -- -j12 -l12
[0.949s] DEBUG:colcon.colcon_core.event_handler.log_command:Invoking command in '/shared/ws2_pluginlib/build/cpp3_nav2': CMAKE_PREFIX_PATH=${CMAKE_PREFIX_PATH}:/shared/ws2_pluginlib/install/py2_autopartol:/shared/ws2_pluginlib/install/py1_car_application:/opt/ros/humble /usr/bin/cmake --install /shared/ws2_pluginlib/build/cpp3_nav2
[0.949s] DEBUG:colcon.colcon_core.event_handler.log_command:Invoked command in '/shared/ws2_pluginlib/build/demo1_motion_control_system' returned '0': CMAKE_PREFIX_PATH=${CMAKE_PREFIX_PATH}:/shared/ws2_pluginlib/install/py2_autopartol:/shared/ws2_pluginlib/install/py1_car_application:/opt/ros/humble /usr/bin/cmake --build /shared/ws2_pluginlib/build/demo1_motion_control_system -- -j12 -l12
[0.951s] DEBUG:colcon.colcon_core.event_handler.log_command:Invoking command in '/shared/ws2_pluginlib/build/demo1_motion_control_system': CMAKE_PREFIX_PATH=${CMAKE_PREFIX_PATH}:/shared/ws2_pluginlib/install/py2_autopartol:/shared/ws2_pluginlib/install/py1_car_application:/opt/ros/humble /usr/bin/cmake --install /shared/ws2_pluginlib/build/demo1_motion_control_system
[0.951s] DEBUG:colcon.colcon_core.event_handler.log_command:Invoked command in '/shared/ws2_pluginlib/build/nav2_custom_controller' returned '0': CMAKE_PREFIX_PATH=${CMAKE_PREFIX_PATH}:/shared/ws2_pluginlib/install/py2_autopartol:/shared/ws2_pluginlib/install/py1_car_application:/opt/ros/humble /usr/bin/cmake --build /shared/ws2_pluginlib/build/nav2_custom_controller -- -j12 -l12
[0.955s] DEBUG:colcon.colcon_core.event_handler.log_command:Invoking command in '/shared/ws2_pluginlib/build/nav2_custom_controller': CMAKE_PREFIX_PATH=${CMAKE_PREFIX_PATH}:/shared/ws2_pluginlib/install/py2_autopartol:/shared/ws2_pluginlib/install/py1_car_application:/opt/ros/humble /usr/bin/cmake --install /shared/ws2_pluginlib/build/nav2_custom_controller
[0.977s] Level 1:colcon.colcon_core.environment:create_environment_scripts_only(cpp1_gazebo)
[0.981s] Level 1:colcon.colcon_core.environment:checking '/shared/ws2_pluginlib/install/cpp1_gazebo' for CMake module files
[0.983s] Level 1:colcon.colcon_core.environment:checking '/shared/ws2_pluginlib/install/cpp1_gazebo' for CMake config files
[0.983s] Level 1:colcon.colcon_core.shell:create_environment_hook('cpp1_gazebo', 'cmake_prefix_path')
[0.984s] INFO:colcon.colcon_core.shell:Creating environment hook '/shared/ws2_pluginlib/install/cpp1_gazebo/share/cpp1_gazebo/hook/cmake_prefix_path.ps1'
[0.984s] INFO:colcon.colcon_core.shell:Creating environment descriptor '/shared/ws2_pluginlib/install/cpp1_gazebo/share/cpp1_gazebo/hook/cmake_prefix_path.dsv'
[0.985s] INFO:colcon.colcon_core.shell:Creating environment hook '/shared/ws2_pluginlib/install/cpp1_gazebo/share/cpp1_gazebo/hook/cmake_prefix_path.sh'
[0.986s] Level 1:colcon.colcon_core.environment:checking '/shared/ws2_pluginlib/install/cpp1_gazebo/bin'
[0.986s] Level 1:colcon.colcon_core.environment:checking '/shared/ws2_pluginlib/install/cpp1_gazebo/lib/pkgconfig/cpp1_gazebo.pc'
[0.986s] Level 1:colcon.colcon_core.environment:checking '/shared/ws2_pluginlib/install/cpp1_gazebo/lib/python3.10/site-packages'
[0.990s] Level 1:colcon.colcon_core.environment:checking '/shared/ws2_pluginlib/install/cpp1_gazebo/bin'
[0.990s] INFO:colcon.colcon_core.shell:Creating package script '/shared/ws2_pluginlib/install/cpp1_gazebo/share/cpp1_gazebo/package.ps1'
[0.992s] INFO:colcon.colcon_core.shell:Creating package descriptor '/shared/ws2_pluginlib/install/cpp1_gazebo/share/cpp1_gazebo/package.dsv'
[0.993s] DEBUG:colcon.colcon_core.event_handler.log_command:Invoked command in '/shared/ws2_pluginlib/build/autopartol_interfaces' returned '0': CMAKE_PREFIX_PATH=${CMAKE_PREFIX_PATH}:/shared/ws2_pluginlib/install/py2_autopartol:/shared/ws2_pluginlib/install/py1_car_application:/opt/ros/humble /usr/bin/cmake --build /shared/ws2_pluginlib/build/autopartol_interfaces -- -j12 -l12
[0.994s] DEBUG:colcon.colcon_core.event_handler.log_command:Invoking command in '/shared/ws2_pluginlib/build/autopartol_interfaces': CMAKE_PREFIX_PATH=${CMAKE_PREFIX_PATH}:/shared/ws2_pluginlib/install/py2_autopartol:/shared/ws2_pluginlib/install/py1_car_application:/opt/ros/humble /usr/bin/cmake --install /shared/ws2_pluginlib/build/autopartol_interfaces
[0.994s] DEBUG:colcon.colcon_core.event_handler.log_command:Invoked command in '/shared/ws2_pluginlib/build/cpp1_gazebo' returned '0': CMAKE_PREFIX_PATH=${CMAKE_PREFIX_PATH}:/shared/ws2_pluginlib/install/py2_autopartol:/shared/ws2_pluginlib/install/py1_car_application:/opt/ros/humble /usr/bin/cmake --install /shared/ws2_pluginlib/build/cpp1_gazebo
[0.995s] INFO:colcon.colcon_core.shell:Creating package script '/shared/ws2_pluginlib/install/cpp1_gazebo/share/cpp1_gazebo/package.sh'
[0.996s] INFO:colcon.colcon_core.shell:Creating package script '/shared/ws2_pluginlib/install/cpp1_gazebo/share/cpp1_gazebo/package.bash'
[1.000s] INFO:colcon.colcon_core.shell:Creating package script '/shared/ws2_pluginlib/install/cpp1_gazebo/share/cpp1_gazebo/package.zsh'
[1.001s] Level 1:colcon.colcon_core.environment:create_file_with_runtime_dependencies(/shared/ws2_pluginlib/install/cpp1_gazebo/share/colcon-core/packages/cpp1_gazebo)
[1.001s] Level 1:colcon.colcon_core.environment:create_environment_scripts_only(cpp1_gazebo)
[1.002s] Level 1:colcon.colcon_core.environment:checking '/shared/ws2_pluginlib/install/cpp1_gazebo' for CMake module files
[1.005s] Level 1:colcon.colcon_core.environment:checking '/shared/ws2_pluginlib/install/cpp1_gazebo' for CMake config files
[1.006s] Level 1:colcon.colcon_core.shell:create_environment_hook('cpp1_gazebo', 'cmake_prefix_path')
[1.006s] INFO:colcon.colcon_core.shell:Creating environment hook '/shared/ws2_pluginlib/install/cpp1_gazebo/share/cpp1_gazebo/hook/cmake_prefix_path.ps1'
[1.007s] INFO:colcon.colcon_core.shell:Creating environment descriptor '/shared/ws2_pluginlib/install/cpp1_gazebo/share/cpp1_gazebo/hook/cmake_prefix_path.dsv'
[1.008s] INFO:colcon.colcon_core.shell:Creating environment hook '/shared/ws2_pluginlib/install/cpp1_gazebo/share/cpp1_gazebo/hook/cmake_prefix_path.sh'
[1.009s] Level 1:colcon.colcon_core.environment:checking '/shared/ws2_pluginlib/install/cpp1_gazebo/bin'
[1.009s] Level 1:colcon.colcon_core.environment:checking '/shared/ws2_pluginlib/install/cpp1_gazebo/lib/pkgconfig/cpp1_gazebo.pc'
[1.009s] Level 1:colcon.colcon_core.environment:checking '/shared/ws2_pluginlib/install/cpp1_gazebo/lib/python3.10/site-packages'
[1.009s] Level 1:colcon.colcon_core.environment:checking '/shared/ws2_pluginlib/install/cpp1_gazebo/bin'
[1.010s] INFO:colcon.colcon_core.shell:Creating package script '/shared/ws2_pluginlib/install/cpp1_gazebo/share/cpp1_gazebo/package.ps1'
[1.011s] INFO:colcon.colcon_core.shell:Creating package descriptor '/shared/ws2_pluginlib/install/cpp1_gazebo/share/cpp1_gazebo/package.dsv'
[1.012s] INFO:colcon.colcon_core.shell:Creating package script '/shared/ws2_pluginlib/install/cpp1_gazebo/share/cpp1_gazebo/package.sh'
[1.012s] INFO:colcon.colcon_core.shell:Creating package script '/shared/ws2_pluginlib/install/cpp1_gazebo/share/cpp1_gazebo/package.bash'
[1.013s] INFO:colcon.colcon_core.shell:Creating package script '/shared/ws2_pluginlib/install/cpp1_gazebo/share/cpp1_gazebo/package.zsh'
[1.014s] Level 1:colcon.colcon_core.environment:create_file_with_runtime_dependencies(/shared/ws2_pluginlib/install/cpp1_gazebo/share/colcon-core/packages/cpp1_gazebo)
[1.014s] Level 1:colcon.colcon_core.environment:create_environment_scripts_only(cpp2_slam)
[1.014s] Level 1:colcon.colcon_core.environment:checking '/shared/ws2_pluginlib/install/cpp2_slam' for CMake module files
[1.015s] Level 1:colcon.colcon_core.environment:checking '/shared/ws2_pluginlib/install/cpp2_slam' for CMake config files
[1.015s] DEBUG:colcon.colcon_core.event_handler.log_command:Invoked command in '/shared/ws2_pluginlib/build/cpp2_slam' returned '0': CMAKE_PREFIX_PATH=${CMAKE_PREFIX_PATH}:/shared/ws2_pluginlib/install/py2_autopartol:/shared/ws2_pluginlib/install/py1_car_application:/opt/ros/humble /usr/bin/cmake --install /shared/ws2_pluginlib/build/cpp2_slam
[1.016s] Level 1:colcon.colcon_core.shell:create_environment_hook('cpp2_slam', 'cmake_prefix_path')
[1.016s] INFO:colcon.colcon_core.shell:Creating environment hook '/shared/ws2_pluginlib/install/cpp2_slam/share/cpp2_slam/hook/cmake_prefix_path.ps1'
[1.016s] INFO:colcon.colcon_core.shell:Creating environment descriptor '/shared/ws2_pluginlib/install/cpp2_slam/share/cpp2_slam/hook/cmake_prefix_path.dsv'
[1.017s] INFO:colcon.colcon_core.shell:Creating environment hook '/shared/ws2_pluginlib/install/cpp2_slam/share/cpp2_slam/hook/cmake_prefix_path.sh'
[1.018s] Level 1:colcon.colcon_core.environment:checking '/shared/ws2_pluginlib/install/cpp2_slam/bin'
[1.018s] Level 1:colcon.colcon_core.environment:checking '/shared/ws2_pluginlib/install/cpp2_slam/lib/pkgconfig/cpp2_slam.pc'
[1.018s] Level 1:colcon.colcon_core.environment:checking '/shared/ws2_pluginlib/install/cpp2_slam/lib/python3.10/site-packages'
[1.018s] Level 1:colcon.colcon_core.environment:checking '/shared/ws2_pluginlib/install/cpp2_slam/bin'
[1.019s] INFO:colcon.colcon_core.shell:Creating package script '/shared/ws2_pluginlib/install/cpp2_slam/share/cpp2_slam/package.ps1'
[1.019s] INFO:colcon.colcon_core.shell:Creating package descriptor '/shared/ws2_pluginlib/install/cpp2_slam/share/cpp2_slam/package.dsv'
[1.020s] INFO:colcon.colcon_core.shell:Creating package script '/shared/ws2_pluginlib/install/cpp2_slam/share/cpp2_slam/package.sh'
[1.020s] INFO:colcon.colcon_core.shell:Creating package script '/shared/ws2_pluginlib/install/cpp2_slam/share/cpp2_slam/package.bash'
[1.021s] INFO:colcon.colcon_core.shell:Creating package script '/shared/ws2_pluginlib/install/cpp2_slam/share/cpp2_slam/package.zsh'
[1.021s] Level 1:colcon.colcon_core.environment:create_file_with_runtime_dependencies(/shared/ws2_pluginlib/install/cpp2_slam/share/colcon-core/packages/cpp2_slam)
[1.022s] Level 1:colcon.colcon_core.environment:create_environment_scripts_only(cpp2_slam)
[1.022s] Level 1:colcon.colcon_core.environment:checking '/shared/ws2_pluginlib/install/cpp2_slam' for CMake module files
[1.023s] Level 1:colcon.colcon_core.environment:checking '/shared/ws2_pluginlib/install/cpp2_slam' for CMake config files
[1.023s] Level 1:colcon.colcon_core.shell:create_environment_hook('cpp2_slam', 'cmake_prefix_path')
[1.024s] INFO:colcon.colcon_core.shell:Creating environment hook '/shared/ws2_pluginlib/install/cpp2_slam/share/cpp2_slam/hook/cmake_prefix_path.ps1'
[1.024s] INFO:colcon.colcon_core.shell:Creating environment descriptor '/shared/ws2_pluginlib/install/cpp2_slam/share/cpp2_slam/hook/cmake_prefix_path.dsv'
[1.025s] INFO:colcon.colcon_core.shell:Creating environment hook '/shared/ws2_pluginlib/install/cpp2_slam/share/cpp2_slam/hook/cmake_prefix_path.sh'
[1.025s] Level 1:colcon.colcon_core.environment:checking '/shared/ws2_pluginlib/install/cpp2_slam/bin'
[1.025s] Level 1:colcon.colcon_core.environment:checking '/shared/ws2_pluginlib/install/cpp2_slam/lib/pkgconfig/cpp2_slam.pc'
[1.026s] Level 1:colcon.colcon_core.environment:checking '/shared/ws2_pluginlib/install/cpp2_slam/lib/python3.10/site-packages'
[1.026s] Level 1:colcon.colcon_core.environment:checking '/shared/ws2_pluginlib/install/cpp2_slam/bin'
[1.026s] INFO:colcon.colcon_core.shell:Creating package script '/shared/ws2_pluginlib/install/cpp2_slam/share/cpp2_slam/package.ps1'
[1.027s] INFO:colcon.colcon_core.shell:Creating package descriptor '/shared/ws2_pluginlib/install/cpp2_slam/share/cpp2_slam/package.dsv'
[1.028s] INFO:colcon.colcon_core.shell:Creating package script '/shared/ws2_pluginlib/install/cpp2_slam/share/cpp2_slam/package.sh'
[1.029s] INFO:colcon.colcon_core.shell:Creating package script '/shared/ws2_pluginlib/install/cpp2_slam/share/cpp2_slam/package.bash'
[1.029s] INFO:colcon.colcon_core.shell:Creating package script '/shared/ws2_pluginlib/install/cpp2_slam/share/cpp2_slam/package.zsh'
[1.030s] Level 1:colcon.colcon_core.environment:create_file_with_runtime_dependencies(/shared/ws2_pluginlib/install/cpp2_slam/share/colcon-core/packages/cpp2_slam)
[1.030s] Level 1:colcon.colcon_core.environment:create_environment_scripts_only(cpp3_nav2)
[1.031s] Level 1:colcon.colcon_core.environment:checking '/shared/ws2_pluginlib/install/cpp3_nav2' for CMake module files
[1.031s] DEBUG:colcon.colcon_core.event_handler.log_command:Invoked command in '/shared/ws2_pluginlib/build/cpp3_nav2' returned '0': CMAKE_PREFIX_PATH=${CMAKE_PREFIX_PATH}:/shared/ws2_pluginlib/install/py2_autopartol:/shared/ws2_pluginlib/install/py1_car_application:/opt/ros/humble /usr/bin/cmake --install /shared/ws2_pluginlib/build/cpp3_nav2
[1.032s] Level 1:colcon.colcon_core.environment:checking '/shared/ws2_pluginlib/install/cpp3_nav2' for CMake config files
[1.032s] Level 1:colcon.colcon_core.shell:create_environment_hook('cpp3_nav2', 'cmake_prefix_path')
[1.033s] INFO:colcon.colcon_core.shell:Creating environment hook '/shared/ws2_pluginlib/install/cpp3_nav2/share/cpp3_nav2/hook/cmake_prefix_path.ps1'
[1.033s] INFO:colcon.colcon_core.shell:Creating environment descriptor '/shared/ws2_pluginlib/install/cpp3_nav2/share/cpp3_nav2/hook/cmake_prefix_path.dsv'
[1.034s] INFO:colcon.colcon_core.shell:Creating environment hook '/shared/ws2_pluginlib/install/cpp3_nav2/share/cpp3_nav2/hook/cmake_prefix_path.sh'
[1.036s] Level 1:colcon.colcon_core.environment:checking '/shared/ws2_pluginlib/install/cpp3_nav2/bin'
[1.036s] Level 1:colcon.colcon_core.environment:checking '/shared/ws2_pluginlib/install/cpp3_nav2/lib/pkgconfig/cpp3_nav2.pc'
[1.036s] Level 1:colcon.colcon_core.environment:checking '/shared/ws2_pluginlib/install/cpp3_nav2/lib/python3.10/site-packages'
[1.036s] Level 1:colcon.colcon_core.environment:checking '/shared/ws2_pluginlib/install/cpp3_nav2/bin'
[1.038s] INFO:colcon.colcon_core.shell:Creating package script '/shared/ws2_pluginlib/install/cpp3_nav2/share/cpp3_nav2/package.ps1'
[1.040s] INFO:colcon.colcon_core.shell:Creating package descriptor '/shared/ws2_pluginlib/install/cpp3_nav2/share/cpp3_nav2/package.dsv'
[1.041s] INFO:colcon.colcon_core.shell:Creating package script '/shared/ws2_pluginlib/install/cpp3_nav2/share/cpp3_nav2/package.sh'
[1.041s] INFO:colcon.colcon_core.shell:Creating package script '/shared/ws2_pluginlib/install/cpp3_nav2/share/cpp3_nav2/package.bash'
[1.042s] INFO:colcon.colcon_core.shell:Creating package script '/shared/ws2_pluginlib/install/cpp3_nav2/share/cpp3_nav2/package.zsh'
[1.042s] Level 1:colcon.colcon_core.environment:create_file_with_runtime_dependencies(/shared/ws2_pluginlib/install/cpp3_nav2/share/colcon-core/packages/cpp3_nav2)
[1.043s] Level 1:colcon.colcon_core.environment:create_environment_scripts_only(cpp3_nav2)
[1.043s] Level 1:colcon.colcon_core.environment:checking '/shared/ws2_pluginlib/install/cpp3_nav2' for CMake module files
[1.047s] Level 1:colcon.colcon_core.environment:checking '/shared/ws2_pluginlib/install/cpp3_nav2' for CMake config files
[1.047s] Level 1:colcon.colcon_core.shell:create_environment_hook('cpp3_nav2', 'cmake_prefix_path')
[1.047s] INFO:colcon.colcon_core.shell:Creating environment hook '/shared/ws2_pluginlib/install/cpp3_nav2/share/cpp3_nav2/hook/cmake_prefix_path.ps1'
[1.048s] INFO:colcon.colcon_core.shell:Creating environment descriptor '/shared/ws2_pluginlib/install/cpp3_nav2/share/cpp3_nav2/hook/cmake_prefix_path.dsv'
[1.049s] INFO:colcon.colcon_core.shell:Creating environment hook '/shared/ws2_pluginlib/install/cpp3_nav2/share/cpp3_nav2/hook/cmake_prefix_path.sh'
[1.050s] Level 1:colcon.colcon_core.environment:checking '/shared/ws2_pluginlib/install/cpp3_nav2/bin'
[1.050s] Level 1:colcon.colcon_core.environment:checking '/shared/ws2_pluginlib/install/cpp3_nav2/lib/pkgconfig/cpp3_nav2.pc'
[1.050s] Level 1:colcon.colcon_core.environment:checking '/shared/ws2_pluginlib/install/cpp3_nav2/lib/python3.10/site-packages'
[1.051s] Level 1:colcon.colcon_core.environment:checking '/shared/ws2_pluginlib/install/cpp3_nav2/bin'
[1.051s] INFO:colcon.colcon_core.shell:Creating package script '/shared/ws2_pluginlib/install/cpp3_nav2/share/cpp3_nav2/package.ps1'
[1.052s] INFO:colcon.colcon_core.shell:Creating package descriptor '/shared/ws2_pluginlib/install/cpp3_nav2/share/cpp3_nav2/package.dsv'
[1.053s] INFO:colcon.colcon_core.shell:Creating package script '/shared/ws2_pluginlib/install/cpp3_nav2/share/cpp3_nav2/package.sh'
[1.053s] INFO:colcon.colcon_core.shell:Creating package script '/shared/ws2_pluginlib/install/cpp3_nav2/share/cpp3_nav2/package.bash'
[1.054s] INFO:colcon.colcon_core.shell:Creating package script '/shared/ws2_pluginlib/install/cpp3_nav2/share/cpp3_nav2/package.zsh'
[1.054s] Level 1:colcon.colcon_core.environment:create_file_with_runtime_dependencies(/shared/ws2_pluginlib/install/cpp3_nav2/share/colcon-core/packages/cpp3_nav2)
[1.055s] Level 1:colcon.colcon_core.environment:create_environment_scripts_only(demo1_motion_control_system)
[1.055s] Level 1:colcon.colcon_core.environment:checking '/shared/ws2_pluginlib/install/demo1_motion_control_system' for CMake module files
[1.056s] DEBUG:colcon.colcon_core.event_handler.log_command:Invoked command in '/shared/ws2_pluginlib/build/demo1_motion_control_system' returned '0': CMAKE_PREFIX_PATH=${CMAKE_PREFIX_PATH}:/shared/ws2_pluginlib/install/py2_autopartol:/shared/ws2_pluginlib/install/py1_car_application:/opt/ros/humble /usr/bin/cmake --install /shared/ws2_pluginlib/build/demo1_motion_control_system
[1.056s] Level 1:colcon.colcon_core.environment:checking '/shared/ws2_pluginlib/install/demo1_motion_control_system' for CMake config files
[1.057s] Level 1:colcon.colcon_core.shell:create_environment_hook('demo1_motion_control_system', 'cmake_prefix_path')
[1.057s] INFO:colcon.colcon_core.shell:Creating environment hook '/shared/ws2_pluginlib/install/demo1_motion_control_system/share/demo1_motion_control_system/hook/cmake_prefix_path.ps1'
[1.058s] INFO:colcon.colcon_core.shell:Creating environment descriptor '/shared/ws2_pluginlib/install/demo1_motion_control_system/share/demo1_motion_control_system/hook/cmake_prefix_path.dsv'
[1.058s] INFO:colcon.colcon_core.shell:Creating environment hook '/shared/ws2_pluginlib/install/demo1_motion_control_system/share/demo1_motion_control_system/hook/cmake_prefix_path.sh'
[1.059s] Level 1:colcon.colcon_core.environment:checking '/shared/ws2_pluginlib/install/demo1_motion_control_system/lib'
[1.059s] Level 1:colcon.colcon_core.shell:create_environment_hook('demo1_motion_control_system', 'ld_library_path_lib')
[1.059s] INFO:colcon.colcon_core.shell:Creating environment hook '/shared/ws2_pluginlib/install/demo1_motion_control_system/share/demo1_motion_control_system/hook/ld_library_path_lib.ps1'
[1.060s] INFO:colcon.colcon_core.shell:Creating environment descriptor '/shared/ws2_pluginlib/install/demo1_motion_control_system/share/demo1_motion_control_system/hook/ld_library_path_lib.dsv'
[1.060s] INFO:colcon.colcon_core.shell:Creating environment hook '/shared/ws2_pluginlib/install/demo1_motion_control_system/share/demo1_motion_control_system/hook/ld_library_path_lib.sh'
[1.061s] Level 1:colcon.colcon_core.environment:checking '/shared/ws2_pluginlib/install/demo1_motion_control_system/bin'
[1.061s] Level 1:colcon.colcon_core.environment:checking '/shared/ws2_pluginlib/install/demo1_motion_control_system/lib/pkgconfig/demo1_motion_control_system.pc'
[1.061s] Level 1:colcon.colcon_core.environment:checking '/shared/ws2_pluginlib/install/demo1_motion_control_system/lib/python3.10/site-packages'
[1.061s] Level 1:colcon.colcon_core.environment:checking '/shared/ws2_pluginlib/install/demo1_motion_control_system/bin'
[1.062s] INFO:colcon.colcon_core.shell:Creating package script '/shared/ws2_pluginlib/install/demo1_motion_control_system/share/demo1_motion_control_system/package.ps1'
[1.062s] INFO:colcon.colcon_core.shell:Creating package descriptor '/shared/ws2_pluginlib/install/demo1_motion_control_system/share/demo1_motion_control_system/package.dsv'
[1.062s] INFO:colcon.colcon_core.shell:Creating package script '/shared/ws2_pluginlib/install/demo1_motion_control_system/share/demo1_motion_control_system/package.sh'
[1.063s] INFO:colcon.colcon_core.shell:Creating package script '/shared/ws2_pluginlib/install/demo1_motion_control_system/share/demo1_motion_control_system/package.bash'
[1.063s] INFO:colcon.colcon_core.shell:Creating package script '/shared/ws2_pluginlib/install/demo1_motion_control_system/share/demo1_motion_control_system/package.zsh'
[1.064s] Level 1:colcon.colcon_core.environment:create_file_with_runtime_dependencies(/shared/ws2_pluginlib/install/demo1_motion_control_system/share/colcon-core/packages/demo1_motion_control_system)
[1.064s] Level 1:colcon.colcon_core.environment:create_environment_scripts_only(demo1_motion_control_system)
[1.065s] Level 1:colcon.colcon_core.environment:checking '/shared/ws2_pluginlib/install/demo1_motion_control_system' for CMake module files
[1.065s] Level 1:colcon.colcon_core.environment:checking '/shared/ws2_pluginlib/install/demo1_motion_control_system' for CMake config files
[1.066s] Level 1:colcon.colcon_core.shell:create_environment_hook('demo1_motion_control_system', 'cmake_prefix_path')
[1.066s] INFO:colcon.colcon_core.shell:Creating environment hook '/shared/ws2_pluginlib/install/demo1_motion_control_system/share/demo1_motion_control_system/hook/cmake_prefix_path.ps1'
[1.067s] INFO:colcon.colcon_core.shell:Creating environment descriptor '/shared/ws2_pluginlib/install/demo1_motion_control_system/share/demo1_motion_control_system/hook/cmake_prefix_path.dsv'
[1.067s] INFO:colcon.colcon_core.shell:Creating environment hook '/shared/ws2_pluginlib/install/demo1_motion_control_system/share/demo1_motion_control_system/hook/cmake_prefix_path.sh'
[1.068s] Level 1:colcon.colcon_core.environment:checking '/shared/ws2_pluginlib/install/demo1_motion_control_system/lib'
[1.068s] Level 1:colcon.colcon_core.shell:create_environment_hook('demo1_motion_control_system', 'ld_library_path_lib')
[1.068s] INFO:colcon.colcon_core.shell:Creating environment hook '/shared/ws2_pluginlib/install/demo1_motion_control_system/share/demo1_motion_control_system/hook/ld_library_path_lib.ps1'
[1.069s] INFO:colcon.colcon_core.shell:Creating environment descriptor '/shared/ws2_pluginlib/install/demo1_motion_control_system/share/demo1_motion_control_system/hook/ld_library_path_lib.dsv'
[1.069s] INFO:colcon.colcon_core.shell:Creating environment hook '/shared/ws2_pluginlib/install/demo1_motion_control_system/share/demo1_motion_control_system/hook/ld_library_path_lib.sh'
[1.069s] Level 1:colcon.colcon_core.environment:checking '/shared/ws2_pluginlib/install/demo1_motion_control_system/bin'
[1.070s] Level 1:colcon.colcon_core.environment:checking '/shared/ws2_pluginlib/install/demo1_motion_control_system/lib/pkgconfig/demo1_motion_control_system.pc'
[1.070s] Level 1:colcon.colcon_core.environment:checking '/shared/ws2_pluginlib/install/demo1_motion_control_system/lib/python3.10/site-packages'
[1.070s] Level 1:colcon.colcon_core.environment:checking '/shared/ws2_pluginlib/install/demo1_motion_control_system/bin'
[1.070s] INFO:colcon.colcon_core.shell:Creating package script '/shared/ws2_pluginlib/install/demo1_motion_control_system/share/demo1_motion_control_system/package.ps1'
[1.072s] INFO:colcon.colcon_core.shell:Creating package descriptor '/shared/ws2_pluginlib/install/demo1_motion_control_system/share/demo1_motion_control_system/package.dsv'
[1.072s] INFO:colcon.colcon_core.shell:Creating package script '/shared/ws2_pluginlib/install/demo1_motion_control_system/share/demo1_motion_control_system/package.sh'
[1.073s] INFO:colcon.colcon_core.shell:Creating package script '/shared/ws2_pluginlib/install/demo1_motion_control_system/share/demo1_motion_control_system/package.bash'
[1.073s] INFO:colcon.colcon_core.shell:Creating package script '/shared/ws2_pluginlib/install/demo1_motion_control_system/share/demo1_motion_control_system/package.zsh'
[1.074s] Level 1:colcon.colcon_core.environment:create_file_with_runtime_dependencies(/shared/ws2_pluginlib/install/demo1_motion_control_system/share/colcon-core/packages/demo1_motion_control_system)
[1.074s] Level 1:colcon.colcon_core.environment:create_environment_scripts_only(nav2_custom_controller)
[1.075s] Level 1:colcon.colcon_core.environment:checking '/shared/ws2_pluginlib/install/nav2_custom_controller' for CMake module files
[1.076s] Level 1:colcon.colcon_core.environment:checking '/shared/ws2_pluginlib/install/nav2_custom_controller' for CMake config files
[1.076s] DEBUG:colcon.colcon_core.event_handler.log_command:Invoked command in '/shared/ws2_pluginlib/build/nav2_custom_controller' returned '0': CMAKE_PREFIX_PATH=${CMAKE_PREFIX_PATH}:/shared/ws2_pluginlib/install/py2_autopartol:/shared/ws2_pluginlib/install/py1_car_application:/opt/ros/humble /usr/bin/cmake --install /shared/ws2_pluginlib/build/nav2_custom_controller
[1.076s] Level 1:colcon.colcon_core.shell:create_environment_hook('nav2_custom_controller', 'cmake_prefix_path')
[1.077s] INFO:colcon.colcon_core.shell:Creating environment hook '/shared/ws2_pluginlib/install/nav2_custom_controller/share/nav2_custom_controller/hook/cmake_prefix_path.ps1'
[1.077s] INFO:colcon.colcon_core.shell:Creating environment descriptor '/shared/ws2_pluginlib/install/nav2_custom_controller/share/nav2_custom_controller/hook/cmake_prefix_path.dsv'
[1.078s] INFO:colcon.colcon_core.shell:Creating environment hook '/shared/ws2_pluginlib/install/nav2_custom_controller/share/nav2_custom_controller/hook/cmake_prefix_path.sh'
[1.078s] Level 1:colcon.colcon_core.environment:checking '/shared/ws2_pluginlib/install/nav2_custom_controller/lib'
[1.078s] Level 1:colcon.colcon_core.shell:create_environment_hook('nav2_custom_controller', 'ld_library_path_lib')
[1.079s] INFO:colcon.colcon_core.shell:Creating environment hook '/shared/ws2_pluginlib/install/nav2_custom_controller/share/nav2_custom_controller/hook/ld_library_path_lib.ps1'
[1.079s] INFO:colcon.colcon_core.shell:Creating environment descriptor '/shared/ws2_pluginlib/install/nav2_custom_controller/share/nav2_custom_controller/hook/ld_library_path_lib.dsv'
[1.079s] INFO:colcon.colcon_core.shell:Creating environment hook '/shared/ws2_pluginlib/install/nav2_custom_controller/share/nav2_custom_controller/hook/ld_library_path_lib.sh'
[1.080s] Level 1:colcon.colcon_core.environment:checking '/shared/ws2_pluginlib/install/nav2_custom_controller/bin'
[1.080s] Level 1:colcon.colcon_core.environment:checking '/shared/ws2_pluginlib/install/nav2_custom_controller/lib/pkgconfig/nav2_custom_controller.pc'
[1.080s] Level 1:colcon.colcon_core.environment:checking '/shared/ws2_pluginlib/install/nav2_custom_controller/lib/python3.10/site-packages'
[1.081s] Level 1:colcon.colcon_core.environment:checking '/shared/ws2_pluginlib/install/nav2_custom_controller/bin'
[1.081s] INFO:colcon.colcon_core.shell:Creating package script '/shared/ws2_pluginlib/install/nav2_custom_controller/share/nav2_custom_controller/package.ps1'
[1.082s] INFO:colcon.colcon_core.shell:Creating package descriptor '/shared/ws2_pluginlib/install/nav2_custom_controller/share/nav2_custom_controller/package.dsv'
[1.083s] INFO:colcon.colcon_core.shell:Creating package script '/shared/ws2_pluginlib/install/nav2_custom_controller/share/nav2_custom_controller/package.sh'
[1.083s] INFO:colcon.colcon_core.shell:Creating package script '/shared/ws2_pluginlib/install/nav2_custom_controller/share/nav2_custom_controller/package.bash'
[1.084s] INFO:colcon.colcon_core.shell:Creating package script '/shared/ws2_pluginlib/install/nav2_custom_controller/share/nav2_custom_controller/package.zsh'
[1.084s] Level 1:colcon.colcon_core.environment:create_file_with_runtime_dependencies(/shared/ws2_pluginlib/install/nav2_custom_controller/share/colcon-core/packages/nav2_custom_controller)
[1.085s] Level 1:colcon.colcon_core.environment:create_environment_scripts_only(nav2_custom_controller)
[1.085s] Level 1:colcon.colcon_core.environment:checking '/shared/ws2_pluginlib/install/nav2_custom_controller' for CMake module files
[1.085s] Level 1:colcon.colcon_core.environment:checking '/shared/ws2_pluginlib/install/nav2_custom_controller' for CMake config files
[1.085s] Level 1:colcon.colcon_core.shell:create_environment_hook('nav2_custom_controller', 'cmake_prefix_path')
[1.086s] INFO:colcon.colcon_core.shell:Creating environment hook '/shared/ws2_pluginlib/install/nav2_custom_controller/share/nav2_custom_controller/hook/cmake_prefix_path.ps1'
[1.086s] INFO:colcon.colcon_core.shell:Creating environment descriptor '/shared/ws2_pluginlib/install/nav2_custom_controller/share/nav2_custom_controller/hook/cmake_prefix_path.dsv'
[1.086s] INFO:colcon.colcon_core.shell:Creating environment hook '/shared/ws2_pluginlib/install/nav2_custom_controller/share/nav2_custom_controller/hook/cmake_prefix_path.sh'
[1.087s] Level 1:colcon.colcon_core.environment:checking '/shared/ws2_pluginlib/install/nav2_custom_controller/lib'
[1.087s] Level 1:colcon.colcon_core.shell:create_environment_hook('nav2_custom_controller', 'ld_library_path_lib')
[1.087s] INFO:colcon.colcon_core.shell:Creating environment hook '/shared/ws2_pluginlib/install/nav2_custom_controller/share/nav2_custom_controller/hook/ld_library_path_lib.ps1'
[1.087s] INFO:colcon.colcon_core.shell:Creating environment descriptor '/shared/ws2_pluginlib/install/nav2_custom_controller/share/nav2_custom_controller/hook/ld_library_path_lib.dsv'
[1.088s] INFO:colcon.colcon_core.shell:Creating environment hook '/shared/ws2_pluginlib/install/nav2_custom_controller/share/nav2_custom_controller/hook/ld_library_path_lib.sh'
[1.088s] Level 1:colcon.colcon_core.environment:checking '/shared/ws2_pluginlib/install/nav2_custom_controller/bin'
[1.088s] Level 1:colcon.colcon_core.environment:checking '/shared/ws2_pluginlib/install/nav2_custom_controller/lib/pkgconfig/nav2_custom_controller.pc'
[1.088s] Level 1:colcon.colcon_core.environment:checking '/shared/ws2_pluginlib/install/nav2_custom_controller/lib/python3.10/site-packages'
[1.089s] Level 1:colcon.colcon_core.environment:checking '/shared/ws2_pluginlib/install/nav2_custom_controller/bin'
[1.089s] INFO:colcon.colcon_core.shell:Creating package script '/shared/ws2_pluginlib/install/nav2_custom_controller/share/nav2_custom_controller/package.ps1'
[1.090s] INFO:colcon.colcon_core.shell:Creating package descriptor '/shared/ws2_pluginlib/install/nav2_custom_controller/share/nav2_custom_controller/package.dsv'
[1.090s] INFO:colcon.colcon_core.shell:Creating package script '/shared/ws2_pluginlib/install/nav2_custom_controller/share/nav2_custom_controller/package.sh'
[1.091s] INFO:colcon.colcon_core.shell:Creating package script '/shared/ws2_pluginlib/install/nav2_custom_controller/share/nav2_custom_controller/package.bash'
[1.091s] INFO:colcon.colcon_core.shell:Creating package script '/shared/ws2_pluginlib/install/nav2_custom_controller/share/nav2_custom_controller/package.zsh'
[1.092s] Level 1:colcon.colcon_core.environment:create_file_with_runtime_dependencies(/shared/ws2_pluginlib/install/nav2_custom_controller/share/colcon-core/packages/nav2_custom_controller)
[1.093s] Level 1:colcon.colcon_core.environment:create_environment_scripts_only(autopartol_interfaces)
[1.093s] Level 1:colcon.colcon_core.environment:checking '/shared/ws2_pluginlib/install/autopartol_interfaces' for CMake module files
[1.094s] DEBUG:colcon.colcon_core.event_handler.log_command:Invoked command in '/shared/ws2_pluginlib/build/autopartol_interfaces' returned '0': CMAKE_PREFIX_PATH=${CMAKE_PREFIX_PATH}:/shared/ws2_pluginlib/install/py2_autopartol:/shared/ws2_pluginlib/install/py1_car_application:/opt/ros/humble /usr/bin/cmake --install /shared/ws2_pluginlib/build/autopartol_interfaces
[1.095s] Level 1:colcon.colcon_core.environment:checking '/shared/ws2_pluginlib/install/autopartol_interfaces' for CMake config files
[1.095s] Level 1:colcon.colcon_core.shell:create_environment_hook('autopartol_interfaces', 'cmake_prefix_path')
[1.095s] INFO:colcon.colcon_core.shell:Creating environment hook '/shared/ws2_pluginlib/install/autopartol_interfaces/share/autopartol_interfaces/hook/cmake_prefix_path.ps1'
[1.096s] INFO:colcon.colcon_core.shell:Creating environment descriptor '/shared/ws2_pluginlib/install/autopartol_interfaces/share/autopartol_interfaces/hook/cmake_prefix_path.dsv'
[1.096s] INFO:colcon.colcon_core.shell:Creating environment hook '/shared/ws2_pluginlib/install/autopartol_interfaces/share/autopartol_interfaces/hook/cmake_prefix_path.sh'
[1.097s] Level 1:colcon.colcon_core.environment:checking '/shared/ws2_pluginlib/install/autopartol_interfaces/lib'
[1.097s] Level 1:colcon.colcon_core.shell:create_environment_hook('autopartol_interfaces', 'ld_library_path_lib')
[1.098s] INFO:colcon.colcon_core.shell:Creating environment hook '/shared/ws2_pluginlib/install/autopartol_interfaces/share/autopartol_interfaces/hook/ld_library_path_lib.ps1'
[1.098s] INFO:colcon.colcon_core.shell:Creating environment descriptor '/shared/ws2_pluginlib/install/autopartol_interfaces/share/autopartol_interfaces/hook/ld_library_path_lib.dsv'
[1.099s] INFO:colcon.colcon_core.shell:Creating environment hook '/shared/ws2_pluginlib/install/autopartol_interfaces/share/autopartol_interfaces/hook/ld_library_path_lib.sh'
[1.099s] Level 1:colcon.colcon_core.environment:checking '/shared/ws2_pluginlib/install/autopartol_interfaces/bin'
[1.099s] Level 1:colcon.colcon_core.environment:checking '/shared/ws2_pluginlib/install/autopartol_interfaces/lib/pkgconfig/autopartol_interfaces.pc'
[1.099s] Level 1:colcon.colcon_core.environment:checking '/shared/ws2_pluginlib/install/autopartol_interfaces/lib/python3.10/site-packages'
[1.100s] Level 1:colcon.colcon_core.environment:checking '/shared/ws2_pluginlib/install/autopartol_interfaces/bin'
[1.100s] INFO:colcon.colcon_core.shell:Creating package script '/shared/ws2_pluginlib/install/autopartol_interfaces/share/autopartol_interfaces/package.ps1'
[1.101s] INFO:colcon.colcon_core.shell:Creating package descriptor '/shared/ws2_pluginlib/install/autopartol_interfaces/share/autopartol_interfaces/package.dsv'
[1.102s] INFO:colcon.colcon_core.shell:Creating package script '/shared/ws2_pluginlib/install/autopartol_interfaces/share/autopartol_interfaces/package.sh'
[1.103s] INFO:colcon.colcon_core.shell:Creating package script '/shared/ws2_pluginlib/install/autopartol_interfaces/share/autopartol_interfaces/package.bash'
[1.103s] INFO:colcon.colcon_core.shell:Creating package script '/shared/ws2_pluginlib/install/autopartol_interfaces/share/autopartol_interfaces/package.zsh'
[1.103s] Level 1:colcon.colcon_core.environment:create_file_with_runtime_dependencies(/shared/ws2_pluginlib/install/autopartol_interfaces/share/colcon-core/packages/autopartol_interfaces)
[1.104s] Level 1:colcon.colcon_core.environment:create_environment_scripts_only(autopartol_interfaces)
[1.105s] Level 1:colcon.colcon_core.environment:checking '/shared/ws2_pluginlib/install/autopartol_interfaces' for CMake module files
[1.105s] Level 1:colcon.colcon_core.environment:checking '/shared/ws2_pluginlib/install/autopartol_interfaces' for CMake config files
[1.106s] Level 1:colcon.colcon_core.shell:create_environment_hook('autopartol_interfaces', 'cmake_prefix_path')
[1.106s] INFO:colcon.colcon_core.shell:Creating environment hook '/shared/ws2_pluginlib/install/autopartol_interfaces/share/autopartol_interfaces/hook/cmake_prefix_path.ps1'
[1.107s] INFO:colcon.colcon_core.shell:Creating environment descriptor '/shared/ws2_pluginlib/install/autopartol_interfaces/share/autopartol_interfaces/hook/cmake_prefix_path.dsv'
[1.107s] INFO:colcon.colcon_core.shell:Creating environment hook '/shared/ws2_pluginlib/install/autopartol_interfaces/share/autopartol_interfaces/hook/cmake_prefix_path.sh'
[1.108s] Level 1:colcon.colcon_core.environment:checking '/shared/ws2_pluginlib/install/autopartol_interfaces/lib'
[1.108s] Level 1:colcon.colcon_core.shell:create_environment_hook('autopartol_interfaces', 'ld_library_path_lib')
[1.108s] INFO:colcon.colcon_core.shell:Creating environment hook '/shared/ws2_pluginlib/install/autopartol_interfaces/share/autopartol_interfaces/hook/ld_library_path_lib.ps1'
[1.109s] INFO:colcon.colcon_core.shell:Creating environment descriptor '/shared/ws2_pluginlib/install/autopartol_interfaces/share/autopartol_interfaces/hook/ld_library_path_lib.dsv'
[1.109s] INFO:colcon.colcon_core.shell:Creating environment hook '/shared/ws2_pluginlib/install/autopartol_interfaces/share/autopartol_interfaces/hook/ld_library_path_lib.sh'
[1.110s] Level 1:colcon.colcon_core.environment:checking '/shared/ws2_pluginlib/install/autopartol_interfaces/bin'
[1.110s] Level 1:colcon.colcon_core.environment:checking '/shared/ws2_pluginlib/install/autopartol_interfaces/lib/pkgconfig/autopartol_interfaces.pc'
[1.110s] Level 1:colcon.colcon_core.environment:checking '/shared/ws2_pluginlib/install/autopartol_interfaces/lib/python3.10/site-packages'
[1.110s] Level 1:colcon.colcon_core.environment:checking '/shared/ws2_pluginlib/install/autopartol_interfaces/bin'
[1.111s] INFO:colcon.colcon_core.shell:Creating package script '/shared/ws2_pluginlib/install/autopartol_interfaces/share/autopartol_interfaces/package.ps1'
[1.112s] INFO:colcon.colcon_core.shell:Creating package descriptor '/shared/ws2_pluginlib/install/autopartol_interfaces/share/autopartol_interfaces/package.dsv'
[1.112s] INFO:colcon.colcon_core.shell:Creating package script '/shared/ws2_pluginlib/install/autopartol_interfaces/share/autopartol_interfaces/package.sh'
[1.113s] INFO:colcon.colcon_core.shell:Creating package script '/shared/ws2_pluginlib/install/autopartol_interfaces/share/autopartol_interfaces/package.bash'
[1.113s] INFO:colcon.colcon_core.shell:Creating package script '/shared/ws2_pluginlib/install/autopartol_interfaces/share/autopartol_interfaces/package.zsh'
[1.114s] Level 1:colcon.colcon_core.environment:create_file_with_runtime_dependencies(/shared/ws2_pluginlib/install/autopartol_interfaces/share/colcon-core/packages/autopartol_interfaces)
[1.360s] DEBUG:colcon.colcon_core.event_handler.log_command:Invoking command in '/shared/ws2_pluginlib/src/py1_car_application': PYTHONPATH=/shared/ws2_pluginlib/build/py1_car_application/prefix_override:/usr/lib/python3/dist-packages/colcon_core/task/python/colcon_distutils_commands:/shared/ws2_pluginlib/install/py1_car_application/lib/python3.10/site-packages:${PYTHONPATH} /usr/bin/python3 -W ignore:setup.py install is deprecated -W ignore:easy_install command is deprecated setup.py egg_info --egg-base ../../build/py1_car_application build --build-base /shared/ws2_pluginlib/build/py1_car_application/build install --record /shared/ws2_pluginlib/build/py1_car_application/install.log --single-version-externally-managed install_data
[1.396s] DEBUG:colcon.colcon_core.event_handler.log_command:Invoking command in '/shared/ws2_pluginlib/src/py2_autopartol': PYTHONPATH=/shared/ws2_pluginlib/build/py2_autopartol/prefix_override:/usr/lib/python3/dist-packages/colcon_core/task/python/colcon_distutils_commands:/shared/ws2_pluginlib/install/py2_autopartol/lib/python3.10/site-packages:${PYTHONPATH} /usr/bin/python3 -W ignore:setup.py install is deprecated -W ignore:easy_install command is deprecated setup.py egg_info --egg-base ../../build/py2_autopartol build --build-base /shared/ws2_pluginlib/build/py2_autopartol/build install --record /shared/ws2_pluginlib/build/py2_autopartol/install.log --single-version-externally-managed install_data
[1.667s] Level 1:colcon.colcon_core.environment:checking '/shared/ws2_pluginlib/install/py1_car_application' for CMake module files
[1.668s] DEBUG:colcon.colcon_core.event_handler.log_command:Invoked command in '/shared/ws2_pluginlib/src/py1_car_application' returned '0': PYTHONPATH=/shared/ws2_pluginlib/build/py1_car_application/prefix_override:/usr/lib/python3/dist-packages/colcon_core/task/python/colcon_distutils_commands:/shared/ws2_pluginlib/install/py1_car_application/lib/python3.10/site-packages:${PYTHONPATH} /usr/bin/python3 -W ignore:setup.py install is deprecated -W ignore:easy_install command is deprecated setup.py egg_info --egg-base ../../build/py1_car_application build --build-base /shared/ws2_pluginlib/build/py1_car_application/build install --record /shared/ws2_pluginlib/build/py1_car_application/install.log --single-version-externally-managed install_data
[1.668s] Level 1:colcon.colcon_core.environment:checking '/shared/ws2_pluginlib/install/py1_car_application' for CMake config files
[1.669s] Level 1:colcon.colcon_core.environment:checking '/shared/ws2_pluginlib/install/py1_car_application/lib'
[1.669s] Level 1:colcon.colcon_core.environment:checking '/shared/ws2_pluginlib/install/py1_car_application/bin'
[1.669s] Level 1:colcon.colcon_core.environment:checking '/shared/ws2_pluginlib/install/py1_car_application/lib/pkgconfig/py1_car_application.pc'
[1.669s] Level 1:colcon.colcon_core.environment:checking '/shared/ws2_pluginlib/install/py1_car_application/lib/python3.10/site-packages'
[1.669s] Level 1:colcon.colcon_core.shell:create_environment_hook('py1_car_application', 'pythonpath')
[1.670s] INFO:colcon.colcon_core.shell:Creating environment hook '/shared/ws2_pluginlib/install/py1_car_application/share/py1_car_application/hook/pythonpath.ps1'
[1.670s] INFO:colcon.colcon_core.shell:Creating environment descriptor '/shared/ws2_pluginlib/install/py1_car_application/share/py1_car_application/hook/pythonpath.dsv'
[1.671s] INFO:colcon.colcon_core.shell:Creating environment hook '/shared/ws2_pluginlib/install/py1_car_application/share/py1_car_application/hook/pythonpath.sh'
[1.672s] Level 1:colcon.colcon_core.environment:checking '/shared/ws2_pluginlib/install/py1_car_application/bin'
[1.672s] Level 1:colcon.colcon_core.environment:create_environment_scripts_only(py1_car_application)
[1.672s] INFO:colcon.colcon_core.shell:Creating package script '/shared/ws2_pluginlib/install/py1_car_application/share/py1_car_application/package.ps1'
[1.673s] INFO:colcon.colcon_core.shell:Creating package descriptor '/shared/ws2_pluginlib/install/py1_car_application/share/py1_car_application/package.dsv'
[1.674s] INFO:colcon.colcon_core.shell:Creating package script '/shared/ws2_pluginlib/install/py1_car_application/share/py1_car_application/package.sh'
[1.674s] INFO:colcon.colcon_core.shell:Creating package script '/shared/ws2_pluginlib/install/py1_car_application/share/py1_car_application/package.bash'
[1.675s] INFO:colcon.colcon_core.shell:Creating package script '/shared/ws2_pluginlib/install/py1_car_application/share/py1_car_application/package.zsh'
[1.675s] Level 1:colcon.colcon_core.environment:create_file_with_runtime_dependencies(/shared/ws2_pluginlib/install/py1_car_application/share/colcon-core/packages/py1_car_application)
[1.713s] Level 1:colcon.colcon_core.environment:checking '/shared/ws2_pluginlib/install/py2_autopartol' for CMake module files
[1.714s] DEBUG:colcon.colcon_core.event_handler.log_command:Invoked command in '/shared/ws2_pluginlib/src/py2_autopartol' returned '0': PYTHONPATH=/shared/ws2_pluginlib/build/py2_autopartol/prefix_override:/usr/lib/python3/dist-packages/colcon_core/task/python/colcon_distutils_commands:/shared/ws2_pluginlib/install/py2_autopartol/lib/python3.10/site-packages:${PYTHONPATH} /usr/bin/python3 -W ignore:setup.py install is deprecated -W ignore:easy_install command is deprecated setup.py egg_info --egg-base ../../build/py2_autopartol build --build-base /shared/ws2_pluginlib/build/py2_autopartol/build install --record /shared/ws2_pluginlib/build/py2_autopartol/install.log --single-version-externally-managed install_data
[1.714s] Level 1:colcon.colcon_core.environment:checking '/shared/ws2_pluginlib/install/py2_autopartol' for CMake config files
[1.715s] Level 1:colcon.colcon_core.environment:checking '/shared/ws2_pluginlib/install/py2_autopartol/lib'
[1.715s] Level 1:colcon.colcon_core.environment:checking '/shared/ws2_pluginlib/install/py2_autopartol/bin'
[1.715s] Level 1:colcon.colcon_core.environment:checking '/shared/ws2_pluginlib/install/py2_autopartol/lib/pkgconfig/py2_autopartol.pc'
[1.715s] Level 1:colcon.colcon_core.environment:checking '/shared/ws2_pluginlib/install/py2_autopartol/lib/python3.10/site-packages'
[1.715s] Level 1:colcon.colcon_core.shell:create_environment_hook('py2_autopartol', 'pythonpath')
[1.715s] INFO:colcon.colcon_core.shell:Creating environment hook '/shared/ws2_pluginlib/install/py2_autopartol/share/py2_autopartol/hook/pythonpath.ps1'
[1.716s] INFO:colcon.colcon_core.shell:Creating environment descriptor '/shared/ws2_pluginlib/install/py2_autopartol/share/py2_autopartol/hook/pythonpath.dsv'
[1.716s] INFO:colcon.colcon_core.shell:Creating environment hook '/shared/ws2_pluginlib/install/py2_autopartol/share/py2_autopartol/hook/pythonpath.sh'
[1.717s] Level 1:colcon.colcon_core.environment:checking '/shared/ws2_pluginlib/install/py2_autopartol/bin'
[1.717s] Level 1:colcon.colcon_core.environment:create_environment_scripts_only(py2_autopartol)
[1.717s] INFO:colcon.colcon_core.shell:Creating package script '/shared/ws2_pluginlib/install/py2_autopartol/share/py2_autopartol/package.ps1'
[1.718s] INFO:colcon.colcon_core.shell:Creating package descriptor '/shared/ws2_pluginlib/install/py2_autopartol/share/py2_autopartol/package.dsv'
[1.718s] INFO:colcon.colcon_core.shell:Creating package script '/shared/ws2_pluginlib/install/py2_autopartol/share/py2_autopartol/package.sh'
[1.718s] INFO:colcon.colcon_core.shell:Creating package script '/shared/ws2_pluginlib/install/py2_autopartol/share/py2_autopartol/package.bash'
[1.719s] INFO:colcon.colcon_core.shell:Creating package script '/shared/ws2_pluginlib/install/py2_autopartol/share/py2_autopartol/package.zsh'
[1.719s] Level 1:colcon.colcon_core.environment:create_file_with_runtime_dependencies(/shared/ws2_pluginlib/install/py2_autopartol/share/colcon-core/packages/py2_autopartol)
[2.275s] DEBUG:colcon.colcon_core.event_handler.log_command:Invoked command in '/shared/ws2_pluginlib/build/nav2_custom_planner' returned '0': CMAKE_PREFIX_PATH=${CMAKE_PREFIX_PATH}:/shared/ws2_pluginlib/install/py2_autopartol:/shared/ws2_pluginlib/install/py1_car_application:/opt/ros/humble /usr/bin/cmake /shared/ws2_pluginlib/src/nav2_custom_planner -DCMAKE_INSTALL_PREFIX=/shared/ws2_pluginlib/install/nav2_custom_planner
[2.277s] DEBUG:colcon.colcon_core.event_handler.log_command:Invoking command in '/shared/ws2_pluginlib/build/nav2_custom_planner': CMAKE_PREFIX_PATH=${CMAKE_PREFIX_PATH}:/shared/ws2_pluginlib/install/py2_autopartol:/shared/ws2_pluginlib/install/py1_car_application:/opt/ros/humble /usr/bin/cmake --build /shared/ws2_pluginlib/build/nav2_custom_planner -- -j12 -l12
[6.790s] DEBUG:colcon.colcon_core.event_handler.log_command:Invoked command in '/shared/ws2_pluginlib/build/nav2_custom_planner' returned '0': CMAKE_PREFIX_PATH=${CMAKE_PREFIX_PATH}:/shared/ws2_pluginlib/install/py2_autopartol:/shared/ws2_pluginlib/install/py1_car_application:/opt/ros/humble /usr/bin/cmake --build /shared/ws2_pluginlib/build/nav2_custom_planner -- -j12 -l12
[6.791s] DEBUG:colcon.colcon_core.event_handler.log_command:Invoking command in '/shared/ws2_pluginlib/build/nav2_custom_planner': CMAKE_PREFIX_PATH=${CMAKE_PREFIX_PATH}:/shared/ws2_pluginlib/install/py2_autopartol:/shared/ws2_pluginlib/install/py1_car_application:/opt/ros/humble /usr/bin/cmake --install /shared/ws2_pluginlib/build/nav2_custom_planner
[6.804s] Level 1:colcon.colcon_core.environment:create_environment_scripts_only(nav2_custom_planner)
[6.804s] Level 1:colcon.colcon_core.environment:checking '/shared/ws2_pluginlib/install/nav2_custom_planner' for CMake module files
[6.805s] DEBUG:colcon.colcon_core.event_handler.log_command:Invoked command in '/shared/ws2_pluginlib/build/nav2_custom_planner' returned '0': CMAKE_PREFIX_PATH=${CMAKE_PREFIX_PATH}:/shared/ws2_pluginlib/install/py2_autopartol:/shared/ws2_pluginlib/install/py1_car_application:/opt/ros/humble /usr/bin/cmake --install /shared/ws2_pluginlib/build/nav2_custom_planner
[6.805s] Level 1:colcon.colcon_core.environment:checking '/shared/ws2_pluginlib/install/nav2_custom_planner' for CMake config files
[6.805s] Level 1:colcon.colcon_core.shell:create_environment_hook('nav2_custom_planner', 'cmake_prefix_path')
[6.805s] INFO:colcon.colcon_core.shell:Creating environment hook '/shared/ws2_pluginlib/install/nav2_custom_planner/share/nav2_custom_planner/hook/cmake_prefix_path.ps1'
[6.806s] INFO:colcon.colcon_core.shell:Creating environment descriptor '/shared/ws2_pluginlib/install/nav2_custom_planner/share/nav2_custom_planner/hook/cmake_prefix_path.dsv'
[6.806s] INFO:colcon.colcon_core.shell:Creating environment hook '/shared/ws2_pluginlib/install/nav2_custom_planner/share/nav2_custom_planner/hook/cmake_prefix_path.sh'
[6.806s] Level 1:colcon.colcon_core.environment:checking '/shared/ws2_pluginlib/install/nav2_custom_planner/lib'
[6.807s] Level 1:colcon.colcon_core.shell:create_environment_hook('nav2_custom_planner', 'ld_library_path_lib')
[6.807s] INFO:colcon.colcon_core.shell:Creating environment hook '/shared/ws2_pluginlib/install/nav2_custom_planner/share/nav2_custom_planner/hook/ld_library_path_lib.ps1'
[6.807s] INFO:colcon.colcon_core.shell:Creating environment descriptor '/shared/ws2_pluginlib/install/nav2_custom_planner/share/nav2_custom_planner/hook/ld_library_path_lib.dsv'
[6.807s] INFO:colcon.colcon_core.shell:Creating environment hook '/shared/ws2_pluginlib/install/nav2_custom_planner/share/nav2_custom_planner/hook/ld_library_path_lib.sh'
[6.808s] Level 1:colcon.colcon_core.environment:checking '/shared/ws2_pluginlib/install/nav2_custom_planner/bin'
[6.808s] Level 1:colcon.colcon_core.environment:checking '/shared/ws2_pluginlib/install/nav2_custom_planner/lib/pkgconfig/nav2_custom_planner.pc'
[6.808s] Level 1:colcon.colcon_core.environment:checking '/shared/ws2_pluginlib/install/nav2_custom_planner/lib/python3.10/site-packages'
[6.808s] Level 1:colcon.colcon_core.environment:checking '/shared/ws2_pluginlib/install/nav2_custom_planner/bin'
[6.808s] INFO:colcon.colcon_core.shell:Creating package script '/shared/ws2_pluginlib/install/nav2_custom_planner/share/nav2_custom_planner/package.ps1'
[6.809s] INFO:colcon.colcon_core.shell:Creating package descriptor '/shared/ws2_pluginlib/install/nav2_custom_planner/share/nav2_custom_planner/package.dsv'
[6.809s] INFO:colcon.colcon_core.shell:Creating package script '/shared/ws2_pluginlib/install/nav2_custom_planner/share/nav2_custom_planner/package.sh'
[6.809s] INFO:colcon.colcon_core.shell:Creating package script '/shared/ws2_pluginlib/install/nav2_custom_planner/share/nav2_custom_planner/package.bash'
[6.810s] INFO:colcon.colcon_core.shell:Creating package script '/shared/ws2_pluginlib/install/nav2_custom_planner/share/nav2_custom_planner/package.zsh'
[6.810s] Level 1:colcon.colcon_core.environment:create_file_with_runtime_dependencies(/shared/ws2_pluginlib/install/nav2_custom_planner/share/colcon-core/packages/nav2_custom_planner)
[6.810s] Level 1:colcon.colcon_core.environment:create_environment_scripts_only(nav2_custom_planner)
[6.811s] Level 1:colcon.colcon_core.environment:checking '/shared/ws2_pluginlib/install/nav2_custom_planner' for CMake module files
[6.811s] Level 1:colcon.colcon_core.environment:checking '/shared/ws2_pluginlib/install/nav2_custom_planner' for CMake config files
[6.811s] Level 1:colcon.colcon_core.shell:create_environment_hook('nav2_custom_planner', 'cmake_prefix_path')
[6.811s] INFO:colcon.colcon_core.shell:Creating environment hook '/shared/ws2_pluginlib/install/nav2_custom_planner/share/nav2_custom_planner/hook/cmake_prefix_path.ps1'
[6.811s] INFO:colcon.colcon_core.shell:Creating environment descriptor '/shared/ws2_pluginlib/install/nav2_custom_planner/share/nav2_custom_planner/hook/cmake_prefix_path.dsv'
[6.812s] INFO:colcon.colcon_core.shell:Creating environment hook '/shared/ws2_pluginlib/install/nav2_custom_planner/share/nav2_custom_planner/hook/cmake_prefix_path.sh'
[6.812s] Level 1:colcon.colcon_core.environment:checking '/shared/ws2_pluginlib/install/nav2_custom_planner/lib'
[6.812s] Level 1:colcon.colcon_core.shell:create_environment_hook('nav2_custom_planner', 'ld_library_path_lib')
[6.812s] INFO:colcon.colcon_core.shell:Creating environment hook '/shared/ws2_pluginlib/install/nav2_custom_planner/share/nav2_custom_planner/hook/ld_library_path_lib.ps1'
[6.813s] INFO:colcon.colcon_core.shell:Creating environment descriptor '/shared/ws2_pluginlib/install/nav2_custom_planner/share/nav2_custom_planner/hook/ld_library_path_lib.dsv'
[6.813s] INFO:colcon.colcon_core.shell:Creating environment hook '/shared/ws2_pluginlib/install/nav2_custom_planner/share/nav2_custom_planner/hook/ld_library_path_lib.sh'
[6.813s] Level 1:colcon.colcon_core.environment:checking '/shared/ws2_pluginlib/install/nav2_custom_planner/bin'
[6.813s] Level 1:colcon.colcon_core.environment:checking '/shared/ws2_pluginlib/install/nav2_custom_planner/lib/pkgconfig/nav2_custom_planner.pc'
[6.813s] Level 1:colcon.colcon_core.environment:checking '/shared/ws2_pluginlib/install/nav2_custom_planner/lib/python3.10/site-packages'
[6.813s] Level 1:colcon.colcon_core.environment:checking '/shared/ws2_pluginlib/install/nav2_custom_planner/bin'
[6.814s] INFO:colcon.colcon_core.shell:Creating package script '/shared/ws2_pluginlib/install/nav2_custom_planner/share/nav2_custom_planner/package.ps1'
[6.814s] INFO:colcon.colcon_core.shell:Creating package descriptor '/shared/ws2_pluginlib/install/nav2_custom_planner/share/nav2_custom_planner/package.dsv'
[6.815s] INFO:colcon.colcon_core.shell:Creating package script '/shared/ws2_pluginlib/install/nav2_custom_planner/share/nav2_custom_planner/package.sh'
[6.815s] INFO:colcon.colcon_core.shell:Creating package script '/shared/ws2_pluginlib/install/nav2_custom_planner/share/nav2_custom_planner/package.bash'
[6.815s] INFO:colcon.colcon_core.shell:Creating package script '/shared/ws2_pluginlib/install/nav2_custom_planner/share/nav2_custom_planner/package.zsh'
[6.815s] Level 1:colcon.colcon_core.environment:create_file_with_runtime_dependencies(/shared/ws2_pluginlib/install/nav2_custom_planner/share/colcon-core/packages/nav2_custom_planner)
[6.816s] DEBUG:colcon.colcon_parallel_executor.executor.parallel:closing loop
[6.816s] DEBUG:colcon.colcon_parallel_executor.executor.parallel:loop closed
[6.816s] DEBUG:colcon.colcon_parallel_executor.executor.parallel:run_until_complete finished with '0'
[6.816s] DEBUG:colcon.colcon_core.event_reactor:joining thread
[6.821s] INFO:colcon.colcon_core.plugin_system:Skipping extension 'colcon_notification.desktop_notification.notify_send': Could not find 'notify-send'
[6.821s] INFO:colcon.colcon_core.plugin_system:Skipping extension 'colcon_notification.desktop_notification.terminal_notifier': Not used on non-Darwin systems
[6.821s] INFO:colcon.colcon_core.plugin_system:Skipping extension 'colcon_notification.desktop_notification.win32': Not used on non-Windows systems
[6.821s] INFO:colcon.colcon_notification.desktop_notification:Sending desktop notification using 'notify2'
[6.824s] DEBUG:colcon.colcon_notification.desktop_notification.notify2:Failed to initialize notify2: org.freedesktop.DBus.Error.Spawn.ExecFailed: /usr/bin/dbus-launch terminated abnormally without any error message
[6.824s] DEBUG:colcon.colcon_core.event_reactor:joined thread
[6.825s] INFO:colcon.colcon_core.shell:Creating prefix script '/shared/ws2_pluginlib/install/local_setup.ps1'
[6.826s] INFO:colcon.colcon_core.shell:Creating prefix util module '/shared/ws2_pluginlib/install/_local_setup_util_ps1.py'
[6.827s] INFO:colcon.colcon_core.shell:Creating prefix chain script '/shared/ws2_pluginlib/install/setup.ps1'
[6.828s] INFO:colcon.colcon_core.shell:Creating prefix script '/shared/ws2_pluginlib/install/local_setup.sh'
[6.829s] INFO:colcon.colcon_core.shell:Creating prefix util module '/shared/ws2_pluginlib/install/_local_setup_util_sh.py'
[6.829s] INFO:colcon.colcon_core.shell:Creating prefix chain script '/shared/ws2_pluginlib/install/setup.sh'
[6.831s] INFO:colcon.colcon_core.shell:Creating prefix script '/shared/ws2_pluginlib/install/local_setup.bash'
[6.831s] INFO:colcon.colcon_core.shell:Creating prefix chain script '/shared/ws2_pluginlib/install/setup.bash'
[6.832s] INFO:colcon.colcon_core.shell:Creating prefix script '/shared/ws2_pluginlib/install/local_setup.zsh'
[6.833s] INFO:colcon.colcon_core.shell:Creating prefix chain script '/shared/ws2_pluginlib/install/setup.zsh'
